data_as_of,death_year,death_month,jurisdiction_occurrence,drug_involved,time_period,month_ending_date,drug_overdose_deaths,footnote
01/04/2026,2019,1,United States,Cocaine,12 month-ending,01/31/2019,15613,
01/04/2026,2019,1,United States,Fentanyl,12 month-ending,01/31/2019,30367,
01/04/2026,2019,1,United States,Gabapentin,12 month-ending,01/31/2019,1935,
01/04/2026,2019,1,United States,Heroin,12 month-ending,01/31/2019,15475,
01/04/2026,2019,1,United States,Methamphetamine,12 month-ending,01/31/2019,12059,
01/04/2026,2019,1,United States,Oxycodone,12 month-ending,01/31/2019,5029,
01/04/2026,2019,1,United States,Xylazine,12 month-ending,01/31/2019,123,
01/04/2026,2019,2,United States,Cocaine,12 month-ending,02/28/2019,15607,
01/04/2026,2019,2,United States,Fentanyl,12 month-ending,02/28/2019,30533,
01/04/2026,2019,2,United States,Gabapentin,12 month-ending,02/28/2019,1955,
01/04/2026,2019,2,United States,Heroin,12 month-ending,02/28/2019,15455,
01/04/2026,2019,2,United States,Methamphetamine,12 month-ending,02/28/2019,12219,
01/04/2026,2019,2,United States,Oxycodone,12 month-ending,02/28/2019,4976,
01/04/2026,2019,2,United States,Xylazine,12 month-ending,02/28/2019,139,
01/04/2026,2019,3,United States,Cocaine,12 month-ending,03/31/2019,15568,
01/04/2026,2019,3,United States,Fentanyl,12 month-ending,03/31/2019,30818,
01/04/2026,2019,3,United States,Gabapentin,12 month-ending,03/31/2019,1966,
01/04/2026,2019,3,United States,Heroin,12 month-ending,03/31/2019,15390,
01/04/2026,2019,3,United States,Methamphetamine,12 month-ending,03/31/2019,12476,
01/04/2026,2019,3,United States,Oxycodone,12 month-ending,03/31/2019,4894,
01/04/2026,2019,3,United States,Xylazine,12 month-ending,03/31/2019,180,
01/04/2026,2019,4,United States,Cocaine,12 month-ending,04/30/2019,15565,
01/04/2026,2019,4,United States,Fentanyl,12 month-ending,04/30/2019,31035,
01/04/2026,2019,4,United States,Gabapentin,12 month-ending,04/30/2019,1940,
01/04/2026,2019,4,United States,Heroin,12 month-ending,04/30/2019,15288,
01/04/2026,2019,4,United States,Methamphetamine,12 month-ending,04/30/2019,12708,
01/04/2026,2019,4,United States,Oxycodone,12 month-ending,04/30/2019,4852,
01/04/2026,2019,4,United States,Xylazine,12 month-ending,04/30/2019,223,
01/04/2026,2019,5,United States,Cocaine,12 month-ending,05/31/2019,15554,
01/04/2026,2019,5,United States,Fentanyl,12 month-ending,05/31/2019,31226,
01/04/2026,2019,5,United States,Gabapentin,12 month-ending,05/31/2019,1932,
01/04/2026,2019,5,United States,Heroin,12 month-ending,05/31/2019,15195,
01/04/2026,2019,5,United States,Methamphetamine,12 month-ending,05/31/2019,12969,
01/04/2026,2019,5,United States,Oxycodone,12 month-ending,05/31/2019,4794,
01/04/2026,2019,5,United States,Xylazine,12 month-ending,05/31/2019,253,
01/04/2026,2019,6,United States,Cocaine,12 month-ending,06/30/2019,15537,
01/04/2026,2019,6,United States,Fentanyl,12 month-ending,06/30/2019,31432,
01/04/2026,2019,6,United States,Gabapentin,12 month-ending,06/30/2019,1993,
01/04/2026,2019,6,United States,Heroin,12 month-ending,06/30/2019,15054,
01/04/2026,2019,6,United States,Methamphetamine,12 month-ending,06/30/2019,13201,
01/04/2026,2019,6,United States,Oxycodone,12 month-ending,06/30/2019,4749,
01/04/2026,2019,6,United States,Xylazine,12 month-ending,06/30/2019,299,
01/04/2026,2019,7,United States,Cocaine,12 month-ending,07/31/2019,15643,
01/04/2026,2019,7,United States,Fentanyl,12 month-ending,07/31/2019,31861,
01/04/2026,2019,7,United States,Gabapentin,12 month-ending,07/31/2019,2093,
01/04/2026,2019,7,United States,Heroin,12 month-ending,07/31/2019,14959,
01/04/2026,2019,7,United States,Methamphetamine,12 month-ending,07/31/2019,13487,
01/04/2026,2019,7,United States,Oxycodone,12 month-ending,07/31/2019,4711,
01/04/2026,2019,7,United States,Xylazine,12 month-ending,07/31/2019,367,
01/04/2026,2019,8,United States,Cocaine,12 month-ending,08/31/2019,15822,
01/04/2026,2019,8,United States,Fentanyl,12 month-ending,08/31/2019,32383,
01/04/2026,2019,8,United States,Gabapentin,12 month-ending,08/31/2019,2153,
01/04/2026,2019,8,United States,Heroin,12 month-ending,08/31/2019,14831,
01/04/2026,2019,8,United States,Methamphetamine,12 month-ending,08/31/2019,13756,
01/04/2026,2019,8,United States,Oxycodone,12 month-ending,08/31/2019,4636,
01/04/2026,2019,8,United States,Xylazine,12 month-ending,08/31/2019,421,
01/04/2026,2019,9,United States,Cocaine,12 month-ending,09/30/2019,16018,
01/04/2026,2019,9,United States,Fentanyl,12 month-ending,09/30/2019,32943,
01/04/2026,2019,9,United States,Gabapentin,12 month-ending,09/30/2019,2218,
01/04/2026,2019,9,United States,Heroin,12 month-ending,09/30/2019,14705,
01/04/2026,2019,9,United States,Methamphetamine,12 month-ending,09/30/2019,14095,
01/04/2026,2019,9,United States,Oxycodone,12 month-ending,09/30/2019,4621,
01/04/2026,2019,9,United States,Xylazine,12 month-ending,09/30/2019,468,
01/04/2026,2019,10,United States,Cocaine,12 month-ending,10/31/2019,16296,
01/04/2026,2019,10,United States,Fentanyl,12 month-ending,10/31/2019,33641,
01/04/2026,2019,10,United States,Gabapentin,12 month-ending,10/31/2019,2354,
01/04/2026,2019,10,United States,Heroin,12 month-ending,10/31/2019,14602,
01/04/2026,2019,10,United States,Methamphetamine,12 month-ending,10/31/2019,14473,
01/04/2026,2019,10,United States,Oxycodone,12 month-ending,10/31/2019,4619,
01/04/2026,2019,10,United States,Xylazine,12 month-ending,10/31/2019,515,
01/04/2026,2019,11,United States,Cocaine,12 month-ending,11/30/2019,16679,
01/04/2026,2019,11,United States,Fentanyl,12 month-ending,11/30/2019,34549,
01/04/2026,2019,11,United States,Gabapentin,12 month-ending,11/30/2019,2496,
01/04/2026,2019,11,United States,Heroin,12 month-ending,11/30/2019,14658,
01/04/2026,2019,11,United States,Methamphetamine,12 month-ending,11/30/2019,14810,
01/04/2026,2019,11,United States,Oxycodone,12 month-ending,11/30/2019,4650,
01/04/2026,2019,11,United States,Xylazine,12 month-ending,11/30/2019,587,
01/04/2026,2019,12,United States,Cocaine,12 month-ending,12/31/2019,16997,
01/04/2026,2019,12,United States,Fentanyl,12 month-ending,12/31/2019,35473,
01/04/2026,2019,12,United States,Gabapentin,12 month-ending,12/31/2019,2579,
01/04/2026,2019,12,United States,Heroin,12 month-ending,12/31/2019,14525,
01/04/2026,2019,12,United States,Methamphetamine,12 month-ending,12/31/2019,15096,
01/04/2026,2019,12,United States,Oxycodone,12 month-ending,12/31/2019,4630,
01/04/2026,2019,12,United States,Xylazine,12 month-ending,12/31/2019,627,
01/04/2026,2020,1,United States,Cocaine,12 month-ending,01/31/2020,17356,
01/04/2026,2020,1,United States,Fentanyl,12 month-ending,01/31/2020,36420,
01/04/2026,2020,1,United States,Gabapentin,12 month-ending,01/31/2020,2713,
01/04/2026,2020,1,United States,Heroin,12 month-ending,01/31/2020,14456,
01/04/2026,2020,1,United States,Methamphetamine,12 month-ending,01/31/2020,15370,
01/04/2026,2020,1,United States,Oxycodone,12 month-ending,01/31/2020,4679,
01/04/2026,2020,1,United States,Xylazine,12 month-ending,01/31/2020,662,
01/04/2026,2020,2,United States,Cocaine,12 month-ending,02/29/2020,17784,
01/04/2026,2020,2,United States,Fentanyl,12 month-ending,02/29/2020,37554,
01/04/2026,2020,2,United States,Gabapentin,12 month-ending,02/29/2020,2851,
01/04/2026,2020,2,United States,Heroin,12 month-ending,02/29/2020,14420,
01/04/2026,2020,2,United States,Methamphetamine,12 month-ending,02/29/2020,15790,
01/04/2026,2020,2,United States,Oxycodone,12 month-ending,02/29/2020,4690,
01/04/2026,2020,2,United States,Xylazine,12 month-ending,02/29/2020,738,
01/04/2026,2020,3,United States,Cocaine,12 month-ending,03/31/2020,18256,
01/04/2026,2020,3,United States,Fentanyl,12 month-ending,03/31/2020,38828,
01/04/2026,2020,3,United States,Gabapentin,12 month-ending,03/31/2020,3007,
01/04/2026,2020,3,United States,Heroin,12 month-ending,03/31/2020,14348,
01/04/2026,2020,3,United States,Methamphetamine,12 month-ending,03/31/2020,16307,
01/04/2026,2020,3,United States,Oxycodone,12 month-ending,03/31/2020,4728,
01/04/2026,2020,3,United States,Xylazine,12 month-ending,03/31/2020,794,
01/04/2026,2020,4,United States,Cocaine,12 month-ending,04/30/2020,18963,
01/04/2026,2020,4,United States,Fentanyl,12 month-ending,04/30/2020,40947,
01/04/2026,2020,4,United States,Gabapentin,12 month-ending,04/30/2020,3230,
01/04/2026,2020,4,United States,Heroin,12 month-ending,04/30/2020,14469,
01/04/2026,2020,4,United States,Methamphetamine,12 month-ending,04/30/2020,17050,
01/04/2026,2020,4,United States,Oxycodone,12 month-ending,04/30/2020,4750,
01/04/2026,2020,4,United States,Xylazine,12 month-ending,04/30/2020,860,
01/04/2026,2020,5,United States,Cocaine,12 month-ending,05/31/2020,19820,
01/04/2026,2020,5,United States,Fentanyl,12 month-ending,05/31/2020,44245,
01/04/2026,2020,5,United States,Gabapentin,12 month-ending,05/31/2020,3460,
01/04/2026,2020,5,United States,Heroin,12 month-ending,05/31/2020,14791,
01/04/2026,2020,5,United States,Methamphetamine,12 month-ending,05/31/2020,17920,
01/04/2026,2020,5,United States,Oxycodone,12 month-ending,05/31/2020,4908,
01/04/2026,2020,5,United States,Xylazine,12 month-ending,05/31/2020,962,
01/04/2026,2020,6,United States,Cocaine,12 month-ending,06/30/2020,20292,
01/04/2026,2020,6,United States,Fentanyl,12 month-ending,06/30/2020,46540,
01/04/2026,2020,6,United States,Gabapentin,12 month-ending,06/30/2020,3550,
01/04/2026,2020,6,United States,Heroin,12 month-ending,06/30/2020,14819,
01/04/2026,2020,6,United States,Methamphetamine,12 month-ending,06/30/2020,18590,
01/04/2026,2020,6,United States,Oxycodone,12 month-ending,06/30/2020,4951,
01/04/2026,2020,6,United States,Xylazine,12 month-ending,06/30/2020,1048,
01/04/2026,2020,7,United States,Cocaine,12 month-ending,07/31/2020,20630,
01/04/2026,2020,7,United States,Fentanyl,12 month-ending,07/31/2020,48579,
01/04/2026,2020,7,United States,Gabapentin,12 month-ending,07/31/2020,3690,
01/04/2026,2020,7,United States,Heroin,12 month-ending,07/31/2020,14782,
01/04/2026,2020,7,United States,Methamphetamine,12 month-ending,07/31/2020,19310,
01/04/2026,2020,7,United States,Oxycodone,12 month-ending,07/31/2020,4992,
01/04/2026,2020,7,United States,Xylazine,12 month-ending,07/31/2020,1109,
01/04/2026,2020,8,United States,Cocaine,12 month-ending,08/31/2020,20812,
01/04/2026,2020,8,United States,Fentanyl,12 month-ending,08/31/2020,50412,
01/04/2026,2020,8,United States,Gabapentin,12 month-ending,08/31/2020,3811,
01/04/2026,2020,8,United States,Heroin,12 month-ending,08/31/2020,14648,
01/04/2026,2020,8,United States,Methamphetamine,12 month-ending,08/31/2020,20279,
01/04/2026,2020,8,United States,Oxycodone,12 month-ending,08/31/2020,5076,
01/04/2026,2020,8,United States,Xylazine,12 month-ending,08/31/2020,1158,
01/04/2026,2020,9,United States,Cocaine,12 month-ending,09/30/2020,21036,
01/04/2026,2020,9,United States,Fentanyl,12 month-ending,09/30/2020,51997,
01/04/2026,2020,9,United States,Gabapentin,12 month-ending,09/30/2020,3855,
01/04/2026,2020,9,United States,Heroin,12 month-ending,09/30/2020,14496,
01/04/2026,2020,9,United States,Methamphetamine,12 month-ending,09/30/2020,20812,
01/04/2026,2020,9,United States,Oxycodone,12 month-ending,09/30/2020,5083,
01/04/2026,2020,9,United States,Xylazine,12 month-ending,09/30/2020,1221,
01/04/2026,2020,10,United States,Cocaine,12 month-ending,10/31/2020,21063,
01/04/2026,2020,10,United States,Fentanyl,12 month-ending,10/31/2020,53286,
01/04/2026,2020,10,United States,Gabapentin,12 month-ending,10/31/2020,3874,
01/04/2026,2020,10,United States,Heroin,12 month-ending,10/31/2020,14208,
01/04/2026,2020,10,United States,Methamphetamine,12 month-ending,10/31/2020,21250,
01/04/2026,2020,10,United States,Oxycodone,12 month-ending,10/31/2020,5109,
01/04/2026,2020,10,United States,Xylazine,12 month-ending,10/31/2020,1289,
01/04/2026,2020,11,United States,Cocaine,12 month-ending,11/30/2020,21056,
01/04/2026,2020,11,United States,Fentanyl,12 month-ending,11/30/2020,54543,
01/04/2026,2020,11,United States,Gabapentin,12 month-ending,11/30/2020,3885,
01/04/2026,2020,11,United States,Heroin,12 month-ending,11/30/2020,13896,
01/04/2026,2020,11,United States,Methamphetamine,12 month-ending,11/30/2020,21869,
01/04/2026,2020,11,United States,Oxycodone,12 month-ending,11/30/2020,5114,
01/04/2026,2020,11,United States,Xylazine,12 month-ending,11/30/2020,1370,
01/04/2026,2020,12,United States,Cocaine,12 month-ending,12/31/2020,21079,
01/04/2026,2020,12,United States,Fentanyl,12 month-ending,12/31/2020,55820,
01/04/2026,2020,12,United States,Gabapentin,12 month-ending,12/31/2020,3941,
01/04/2026,2020,12,United States,Heroin,12 month-ending,12/31/2020,13642,
01/04/2026,2020,12,United States,Methamphetamine,12 month-ending,12/31/2020,22559,
01/04/2026,2020,12,United States,Oxycodone,12 month-ending,12/31/2020,5124,
01/04/2026,2020,12,United States,Xylazine,12 month-ending,12/31/2020,1499,
01/04/2026,2021,1,United States,Cocaine,12 month-ending,01/31/2021,21473,
01/04/2026,2021,1,United States,Fentanyl,12 month-ending,01/31/2021,57890,
01/04/2026,2021,1,United States,Gabapentin,12 month-ending,01/31/2021,4008,
01/04/2026,2021,1,United States,Heroin,12 month-ending,01/31/2021,13479,
01/04/2026,2021,1,United States,Methamphetamine,12 month-ending,01/31/2021,23561,
01/04/2026,2021,1,United States,Oxycodone,12 month-ending,01/31/2021,5105,
01/04/2026,2021,1,United States,Xylazine,12 month-ending,01/31/2021,1668,
01/04/2026,2021,2,United States,Cocaine,12 month-ending,02/28/2021,21582,
01/04/2026,2021,2,United States,Fentanyl,12 month-ending,02/28/2021,59147,
01/04/2026,2021,2,United States,Gabapentin,12 month-ending,02/28/2021,4035,
01/04/2026,2021,2,United States,Heroin,12 month-ending,02/28/2021,13131,
01/04/2026,2021,2,United States,Methamphetamine,12 month-ending,02/28/2021,24307,
01/04/2026,2021,2,United States,Oxycodone,12 month-ending,02/28/2021,5150,
01/04/2026,2021,2,United States,Xylazine,12 month-ending,02/28/2021,1814,
01/04/2026,2021,3,United States,Cocaine,12 month-ending,03/31/2021,22028,
01/04/2026,2021,3,United States,Fentanyl,12 month-ending,03/31/2021,61241,
01/04/2026,2021,3,United States,Gabapentin,12 month-ending,03/31/2021,4086,
01/04/2026,2021,3,United States,Heroin,12 month-ending,03/31/2021,12905,
01/04/2026,2021,3,United States,Methamphetamine,12 month-ending,03/31/2021,25282,
01/04/2026,2021,3,United States,Oxycodone,12 month-ending,03/31/2021,5175,
01/04/2026,2021,3,United States,Xylazine,12 month-ending,03/31/2021,1987,
01/04/2026,2021,4,United States,Cocaine,12 month-ending,04/30/2021,22368,
01/04/2026,2021,4,United States,Fentanyl,12 month-ending,04/30/2021,62670,
01/04/2026,2021,4,United States,Gabapentin,12 month-ending,04/30/2021,4098,
01/04/2026,2021,4,United States,Heroin,12 month-ending,04/30/2021,12528,
01/04/2026,2021,4,United States,Methamphetamine,12 month-ending,04/30/2021,26163,
01/04/2026,2021,4,United States,Oxycodone,12 month-ending,04/30/2021,5229,
01/04/2026,2021,4,United States,Xylazine,12 month-ending,04/30/2021,2143,
01/04/2026,2021,5,United States,Cocaine,12 month-ending,05/31/2021,22365,
01/04/2026,2021,5,United States,Fentanyl,12 month-ending,05/31/2021,62742,
01/04/2026,2021,5,United States,Gabapentin,12 month-ending,05/31/2021,4071,
01/04/2026,2021,5,United States,Heroin,12 month-ending,05/31/2021,11816,
01/04/2026,2021,5,United States,Methamphetamine,12 month-ending,05/31/2021,26809,
01/04/2026,2021,5,United States,Oxycodone,12 month-ending,05/31/2021,5148,
01/04/2026,2021,5,United States,Xylazine,12 month-ending,05/31/2021,2308,
01/04/2026,2021,6,United States,Cocaine,12 month-ending,06/30/2021,22703,
01/04/2026,2021,6,United States,Fentanyl,12 month-ending,06/30/2021,63580,
01/04/2026,2021,6,United States,Gabapentin,12 month-ending,06/30/2021,4117,
01/04/2026,2021,6,United States,Heroin,12 month-ending,06/30/2021,11345,
01/04/2026,2021,6,United States,Methamphetamine,12 month-ending,06/30/2021,27579,
01/04/2026,2021,6,United States,Oxycodone,12 month-ending,06/30/2021,5143,
01/04/2026,2021,6,United States,Xylazine,12 month-ending,06/30/2021,2483,
01/04/2026,2021,7,United States,Cocaine,12 month-ending,07/31/2021,23186,
01/04/2026,2021,7,United States,Fentanyl,12 month-ending,07/31/2021,64573,
01/04/2026,2021,7,United States,Gabapentin,12 month-ending,07/31/2021,4120,
01/04/2026,2021,7,United States,Heroin,12 month-ending,07/31/2021,10980,
01/04/2026,2021,7,United States,Methamphetamine,12 month-ending,07/31/2021,28294,
01/04/2026,2021,7,United States,Oxycodone,12 month-ending,07/31/2021,5128,
01/04/2026,2021,7,United States,Xylazine,12 month-ending,07/31/2021,2659,
01/04/2026,2021,8,United States,Cocaine,12 month-ending,08/31/2021,23822,
01/04/2026,2021,8,United States,Fentanyl,12 month-ending,08/31/2021,65746,
01/04/2026,2021,8,United States,Gabapentin,12 month-ending,08/31/2021,4137,
01/04/2026,2021,8,United States,Heroin,12 month-ending,08/31/2021,10648,
01/04/2026,2021,8,United States,Methamphetamine,12 month-ending,08/31/2021,28826,
01/04/2026,2021,8,United States,Oxycodone,12 month-ending,08/31/2021,5143,
01/04/2026,2021,8,United States,Xylazine,12 month-ending,08/31/2021,2861,
01/04/2026,2021,9,United States,Cocaine,12 month-ending,09/30/2021,24418,
01/04/2026,2021,9,United States,Fentanyl,12 month-ending,09/30/2021,67071,
01/04/2026,2021,9,United States,Gabapentin,12 month-ending,09/30/2021,4195,
01/04/2026,2021,9,United States,Heroin,12 month-ending,09/30/2021,10374,
01/04/2026,2021,9,United States,Methamphetamine,12 month-ending,09/30/2021,29614,
01/04/2026,2021,9,United States,Oxycodone,12 month-ending,09/30/2021,5163,
01/04/2026,2021,9,United States,Xylazine,12 month-ending,09/30/2021,3047,
01/04/2026,2021,10,United States,Cocaine,12 month-ending,10/31/2021,25100,
01/04/2026,2021,10,United States,Fentanyl,12 month-ending,10/31/2021,68409,
01/04/2026,2021,10,United States,Gabapentin,12 month-ending,10/31/2021,4240,
01/04/2026,2021,10,United States,Heroin,12 month-ending,10/31/2021,10168,
01/04/2026,2021,10,United States,Methamphetamine,12 month-ending,10/31/2021,30404,
01/04/2026,2021,10,United States,Oxycodone,12 month-ending,10/31/2021,5124,
01/04/2026,2021,10,United States,Xylazine,12 month-ending,10/31/2021,3232,
01/04/2026,2021,11,United States,Cocaine,12 month-ending,11/30/2021,25727,
01/04/2026,2021,11,United States,Fentanyl,12 month-ending,11/30/2021,69388,
01/04/2026,2021,11,United States,Gabapentin,12 month-ending,11/30/2021,4280,
01/04/2026,2021,11,United States,Heroin,12 month-ending,11/30/2021,9833,
01/04/2026,2021,11,United States,Methamphetamine,12 month-ending,11/30/2021,30949,
01/04/2026,2021,11,United States,Oxycodone,12 month-ending,11/30/2021,5094,
01/04/2026,2021,11,United States,Xylazine,12 month-ending,11/30/2021,3356,
01/04/2026,2021,12,United States,Cocaine,12 month-ending,12/31/2021,26418,
01/04/2026,2021,12,United States,Fentanyl,12 month-ending,12/31/2021,70523,
01/04/2026,2021,12,United States,Gabapentin,12 month-ending,12/31/2021,4318,
01/04/2026,2021,12,United States,Heroin,12 month-ending,12/31/2021,9504,
01/04/2026,2021,12,United States,Methamphetamine,12 month-ending,12/31/2021,31461,
01/04/2026,2021,12,United States,Oxycodone,12 month-ending,12/31/2021,5090,
01/04/2026,2021,12,United States,Xylazine,12 month-ending,12/31/2021,3501,
01/04/2026,2022,1,United States,Cocaine,12 month-ending,01/31/2022,26745,
01/04/2026,2022,1,United States,Fentanyl,12 month-ending,01/31/2022,70907,
01/04/2026,2022,1,United States,Gabapentin,12 month-ending,01/31/2022,4295,
01/04/2026,2022,1,United States,Heroin,12 month-ending,01/31/2022,9164,
01/04/2026,2022,1,United States,Methamphetamine,12 month-ending,01/31/2022,31729,
01/04/2026,2022,1,United States,Oxycodone,12 month-ending,01/31/2022,5035,
01/04/2026,2022,1,United States,Xylazine,12 month-ending,01/31/2022,3636,
01/04/2026,2022,2,United States,Cocaine,12 month-ending,02/28/2022,27259,
01/04/2026,2022,2,United States,Fentanyl,12 month-ending,02/28/2022,71871,
01/04/2026,2022,2,United States,Gabapentin,12 month-ending,02/28/2022,4301,
01/04/2026,2022,2,United States,Heroin,12 month-ending,02/28/2022,8940,
01/04/2026,2022,2,United States,Methamphetamine,12 month-ending,02/28/2022,32155,
01/04/2026,2022,2,United States,Oxycodone,12 month-ending,02/28/2022,4997,
01/04/2026,2022,2,United States,Xylazine,12 month-ending,02/28/2022,3720,
01/04/2026,2022,3,United States,Cocaine,12 month-ending,03/31/2022,27423,
01/04/2026,2022,3,United States,Fentanyl,12 month-ending,03/31/2022,71952,
01/04/2026,2022,3,United States,Gabapentin,12 month-ending,03/31/2022,4295,
01/04/2026,2022,3,United States,Heroin,12 month-ending,03/31/2022,8505,
01/04/2026,2022,3,United States,Methamphetamine,12 month-ending,03/31/2022,32288,
01/04/2026,2022,3,United States,Oxycodone,12 month-ending,03/31/2022,4949,
01/04/2026,2022,3,United States,Xylazine,12 month-ending,03/31/2022,3840,
01/04/2026,2022,4,United States,Cocaine,12 month-ending,04/30/2022,27418,
01/04/2026,2022,4,United States,Fentanyl,12 month-ending,04/30/2022,71616,
01/04/2026,2022,4,United States,Gabapentin,12 month-ending,04/30/2022,4244,
01/04/2026,2022,4,United States,Heroin,12 month-ending,04/30/2022,8086,
01/04/2026,2022,4,United States,Methamphetamine,12 month-ending,04/30/2022,32029,
01/04/2026,2022,4,United States,Oxycodone,12 month-ending,04/30/2022,4847,
01/04/2026,2022,4,United States,Xylazine,12 month-ending,04/30/2022,3968,
01/04/2026,2022,5,United States,Cocaine,12 month-ending,05/31/2022,27556,
01/04/2026,2022,5,United States,Fentanyl,12 month-ending,05/31/2022,71486,
01/04/2026,2022,5,United States,Gabapentin,12 month-ending,05/31/2022,4239,
01/04/2026,2022,5,United States,Heroin,12 month-ending,05/31/2022,7734,
01/04/2026,2022,5,United States,Methamphetamine,12 month-ending,05/31/2022,31978,
01/04/2026,2022,5,United States,Oxycodone,12 month-ending,05/31/2022,4761,
01/04/2026,2022,5,United States,Xylazine,12 month-ending,05/31/2022,4063,
01/04/2026,2022,6,United States,Cocaine,12 month-ending,06/30/2022,27717,
01/04/2026,2022,6,United States,Fentanyl,12 month-ending,06/30/2022,71477,
01/04/2026,2022,6,United States,Gabapentin,12 month-ending,06/30/2022,4256,
01/04/2026,2022,6,United States,Heroin,12 month-ending,06/30/2022,7471,
01/04/2026,2022,6,United States,Methamphetamine,12 month-ending,06/30/2022,32115,
01/04/2026,2022,6,United States,Oxycodone,12 month-ending,06/30/2022,4694,
01/04/2026,2022,6,United States,Xylazine,12 month-ending,06/30/2022,4100,
01/04/2026,2022,7,United States,Cocaine,12 month-ending,07/31/2022,27893,
01/04/2026,2022,7,United States,Fentanyl,12 month-ending,07/31/2022,71750,
01/04/2026,2022,7,United States,Gabapentin,12 month-ending,07/31/2022,4235,
01/04/2026,2022,7,United States,Heroin,12 month-ending,07/31/2022,7137,
01/04/2026,2022,7,United States,Methamphetamine,12 month-ending,07/31/2022,32336,
01/04/2026,2022,7,United States,Oxycodone,12 month-ending,07/31/2022,4688,
01/04/2026,2022,7,United States,Xylazine,12 month-ending,07/31/2022,4168,
01/04/2026,2022,8,United States,Cocaine,12 month-ending,08/31/2022,28071,
01/04/2026,2022,8,United States,Fentanyl,12 month-ending,08/31/2022,71945,
01/04/2026,2022,8,United States,Gabapentin,12 month-ending,08/31/2022,4242,
01/04/2026,2022,8,United States,Heroin,12 month-ending,08/31/2022,6835,
01/04/2026,2022,8,United States,Methamphetamine,12 month-ending,08/31/2022,32295,
01/04/2026,2022,8,United States,Oxycodone,12 month-ending,08/31/2022,4569,
01/04/2026,2022,8,United States,Xylazine,12 month-ending,08/31/2022,4221,
01/04/2026,2022,9,United States,Cocaine,12 month-ending,09/30/2022,28301,
01/04/2026,2022,9,United States,Fentanyl,12 month-ending,09/30/2022,71991,
01/04/2026,2022,9,United States,Gabapentin,12 month-ending,09/30/2022,4275,
01/04/2026,2022,9,United States,Heroin,12 month-ending,09/30/2022,6572,
01/04/2026,2022,9,United States,Methamphetamine,12 month-ending,09/30/2022,32354,
01/04/2026,2022,9,United States,Oxycodone,12 month-ending,09/30/2022,4537,
01/04/2026,2022,9,United States,Xylazine,12 month-ending,09/30/2022,4225,
01/04/2026,2022,10,United States,Cocaine,12 month-ending,10/31/2022,28627,
01/04/2026,2022,10,United States,Fentanyl,12 month-ending,10/31/2022,72567,
01/04/2026,2022,10,United States,Gabapentin,12 month-ending,10/31/2022,4314,
01/04/2026,2022,10,United States,Heroin,12 month-ending,10/31/2022,6314,
01/04/2026,2022,10,United States,Methamphetamine,12 month-ending,10/31/2022,32525,
01/04/2026,2022,10,United States,Oxycodone,12 month-ending,10/31/2022,4539,
01/04/2026,2022,10,United States,Xylazine,12 month-ending,10/31/2022,4300,
01/04/2026,2022,11,United States,Cocaine,12 month-ending,11/30/2022,28964,
01/04/2026,2022,11,United States,Fentanyl,12 month-ending,11/30/2022,73214,
01/04/2026,2022,11,United States,Gabapentin,12 month-ending,11/30/2022,4332,
01/04/2026,2022,11,United States,Heroin,12 month-ending,11/30/2022,6133,
01/04/2026,2022,11,United States,Methamphetamine,12 month-ending,11/30/2022,32781,
01/04/2026,2022,11,United States,Oxycodone,12 month-ending,11/30/2022,4515,
01/04/2026,2022,11,United States,Xylazine,12 month-ending,11/30/2022,4381,
01/04/2026,2022,12,United States,Cocaine,12 month-ending,12/31/2022,29408,
01/04/2026,2022,12,United States,Fentanyl,12 month-ending,12/31/2022,73977,
01/04/2026,2022,12,United States,Gabapentin,12 month-ending,12/31/2022,4348,
01/04/2026,2022,12,United States,Heroin,12 month-ending,12/31/2022,5989,
01/04/2026,2022,12,United States,Methamphetamine,12 month-ending,12/31/2022,33305,
01/04/2026,2022,12,United States,Oxycodone,12 month-ending,12/31/2022,4510,
01/04/2026,2022,12,United States,Xylazine,12 month-ending,12/31/2022,4466,
01/04/2026,2023,1,United States,Cocaine,12 month-ending,01/31/2023,29811,
01/04/2026,2023,1,United States,Fentanyl,12 month-ending,01/31/2023,74525,
01/04/2026,2023,1,United States,Gabapentin,12 month-ending,01/31/2023,4303,
01/04/2026,2023,1,United States,Heroin,12 month-ending,01/31/2023,5719,
01/04/2026,2023,1,United States,Methamphetamine,12 month-ending,01/31/2023,33542,
01/04/2026,2023,1,United States,Oxycodone,12 month-ending,01/31/2023,4458,
01/04/2026,2023,1,United States,Xylazine,12 month-ending,01/31/2023,4501,
01/04/2026,2023,2,United States,Cocaine,12 month-ending,02/28/2023,30023,
01/04/2026,2023,2,United States,Fentanyl,12 month-ending,02/28/2023,74646,
01/04/2026,2023,2,United States,Gabapentin,12 month-ending,02/28/2023,4324,
01/04/2026,2023,2,United States,Heroin,12 month-ending,02/28/2023,5541,
01/04/2026,2023,2,United States,Methamphetamine,12 month-ending,02/28/2023,33691,
01/04/2026,2023,2,United States,Oxycodone,12 month-ending,02/28/2023,4418,
01/04/2026,2023,2,United States,Xylazine,12 month-ending,02/28/2023,4611,
01/04/2026,2023,3,United States,Cocaine,12 month-ending,03/31/2023,30344,
01/04/2026,2023,3,United States,Fentanyl,12 month-ending,03/31/2023,75022,
01/04/2026,2023,3,United States,Gabapentin,12 month-ending,03/31/2023,4317,
01/04/2026,2023,3,United States,Heroin,12 month-ending,03/31/2023,5366,
01/04/2026,2023,3,United States,Methamphetamine,12 month-ending,03/31/2023,33896,
01/04/2026,2023,3,United States,Oxycodone,12 month-ending,03/31/2023,4397,
01/04/2026,2023,3,United States,Xylazine,12 month-ending,03/31/2023,4690,
01/04/2026,2023,4,United States,Cocaine,12 month-ending,04/30/2023,30735,
01/04/2026,2023,4,United States,Fentanyl,12 month-ending,04/30/2023,75674,
01/04/2026,2023,4,United States,Gabapentin,12 month-ending,04/30/2023,4378,
01/04/2026,2023,4,United States,Heroin,12 month-ending,04/30/2023,5244,
01/04/2026,2023,4,United States,Methamphetamine,12 month-ending,04/30/2023,34333,
01/04/2026,2023,4,United States,Oxycodone,12 month-ending,04/30/2023,4409,
01/04/2026,2023,4,United States,Xylazine,12 month-ending,04/30/2023,4773,
01/04/2026,2023,5,United States,Cocaine,12 month-ending,05/31/2023,31173,
01/04/2026,2023,5,United States,Fentanyl,12 month-ending,05/31/2023,76334,
01/04/2026,2023,5,United States,Gabapentin,12 month-ending,05/31/2023,4356,
01/04/2026,2023,5,United States,Heroin,12 month-ending,05/31/2023,5104,
01/04/2026,2023,5,United States,Methamphetamine,12 month-ending,05/31/2023,34661,
01/04/2026,2023,5,United States,Oxycodone,12 month-ending,05/31/2023,4409,
01/04/2026,2023,5,United States,Xylazine,12 month-ending,05/31/2023,4908,
01/04/2026,2023,6,United States,Cocaine,12 month-ending,06/30/2023,31562,
01/04/2026,2023,6,United States,Fentanyl,12 month-ending,06/30/2023,76657,
01/04/2026,2023,6,United States,Gabapentin,12 month-ending,06/30/2023,4360,
01/04/2026,2023,6,United States,Heroin,12 month-ending,06/30/2023,5000,
01/04/2026,2023,6,United States,Methamphetamine,12 month-ending,06/30/2023,34743,
01/04/2026,2023,6,United States,Oxycodone,12 month-ending,06/30/2023,4397,
01/04/2026,2023,6,United States,Xylazine,12 month-ending,06/30/2023,5058,
01/04/2026,2023,7,United States,Cocaine,12 month-ending,07/31/2023,31827,
01/04/2026,2023,7,United States,Fentanyl,12 month-ending,07/31/2023,76724,
01/04/2026,2023,7,United States,Gabapentin,12 month-ending,07/31/2023,4353,
01/04/2026,2023,7,United States,Heroin,12 month-ending,07/31/2023,4828,
01/04/2026,2023,7,United States,Methamphetamine,12 month-ending,07/31/2023,34992,
01/04/2026,2023,7,United States,Oxycodone,12 month-ending,07/31/2023,4345,
01/04/2026,2023,7,United States,Xylazine,12 month-ending,07/31/2023,5174,
01/04/2026,2023,8,United States,Cocaine,12 month-ending,08/31/2023,32117,
01/04/2026,2023,8,United States,Fentanyl,12 month-ending,08/31/2023,76614,
01/04/2026,2023,8,United States,Gabapentin,12 month-ending,08/31/2023,4329,
01/04/2026,2023,8,United States,Heroin,12 month-ending,08/31/2023,4672,
01/04/2026,2023,8,United States,Methamphetamine,12 month-ending,08/31/2023,35253,
01/04/2026,2023,8,United States,Oxycodone,12 month-ending,08/31/2023,4351,
01/04/2026,2023,8,United States,Xylazine,12 month-ending,08/31/2023,5321,
01/04/2026,2023,9,United States,Cocaine,12 month-ending,09/30/2023,32107,
01/04/2026,2023,9,United States,Fentanyl,12 month-ending,09/30/2023,76278,
01/04/2026,2023,9,United States,Gabapentin,12 month-ending,09/30/2023,4269,
01/04/2026,2023,9,United States,Heroin,12 month-ending,09/30/2023,4536,
01/04/2026,2023,9,United States,Methamphetamine,12 month-ending,09/30/2023,35179,
01/04/2026,2023,9,United States,Oxycodone,12 month-ending,09/30/2023,4275,
01/04/2026,2023,9,United States,Xylazine,12 month-ending,09/30/2023,5544,
01/04/2026,2023,10,United States,Cocaine,12 month-ending,10/31/2023,32061,
01/04/2026,2023,10,United States,Fentanyl,12 month-ending,10/31/2023,75499,
01/04/2026,2023,10,United States,Gabapentin,12 month-ending,10/31/2023,4181,
01/04/2026,2023,10,United States,Heroin,12 month-ending,10/31/2023,4392,
01/04/2026,2023,10,United States,Methamphetamine,12 month-ending,10/31/2023,35014,
01/04/2026,2023,10,United States,Oxycodone,12 month-ending,10/31/2023,4246,
01/04/2026,2023,10,United States,Xylazine,12 month-ending,10/31/2023,5728,
01/04/2026,2023,11,United States,Cocaine,12 month-ending,11/30/2023,31955,
01/04/2026,2023,11,United States,Fentanyl,12 month-ending,11/30/2023,74541,
01/04/2026,2023,11,United States,Gabapentin,12 month-ending,11/30/2023,4099,
01/04/2026,2023,11,United States,Heroin,12 month-ending,11/30/2023,4227,
01/04/2026,2023,11,United States,Methamphetamine,12 month-ending,11/30/2023,34739,
01/04/2026,2023,11,United States,Oxycodone,12 month-ending,11/30/2023,4196,
01/04/2026,2023,11,United States,Xylazine,12 month-ending,11/30/2023,5912,
01/04/2026,2023,12,United States,Cocaine,12 month-ending,12/31/2023,31714,
01/04/2026,2023,12,United States,Fentanyl,12 month-ending,12/31/2023,73348,
01/04/2026,2023,12,United States,Gabapentin,12 month-ending,12/31/2023,4026,
01/04/2026,2023,12,United States,Heroin,12 month-ending,12/31/2023,4074,
01/04/2026,2023,12,United States,Methamphetamine,12 month-ending,12/31/2023,34201,
01/04/2026,2023,12,United States,Oxycodone,12 month-ending,12/31/2023,4143,
01/04/2026,2023,12,United States,Xylazine,12 month-ending,12/31/2023,6099,
01/04/2026,2024,1,United States,Cocaine,12 month-ending,01/31/2024,31369,
01/04/2026,2024,1,United States,Fentanyl,12 month-ending,01/31/2024,72000,
01/04/2026,2024,1,United States,Gabapentin,12 month-ending,01/31/2024,4034,
01/04/2026,2024,1,United States,Heroin,12 month-ending,01/31/2024,3960,
01/04/2026,2024,1,United States,Methamphetamine,12 month-ending,01/31/2024,33829,
01/04/2026,2024,1,United States,Oxycodone,12 month-ending,01/31/2024,4134,
01/04/2026,2024,1,United States,Xylazine,12 month-ending,01/31/2024,6302,
01/04/2026,2024,2,United States,Cocaine,12 month-ending,02/29/2024,31096,
01/04/2026,2024,2,United States,Fentanyl,12 month-ending,02/29/2024,70787,
01/04/2026,2024,2,United States,Gabapentin,12 month-ending,02/29/2024,3979,
01/04/2026,2024,2,United States,Heroin,12 month-ending,02/29/2024,3845,
01/04/2026,2024,2,United States,Methamphetamine,12 month-ending,02/29/2024,33572,
01/04/2026,2024,2,United States,Oxycodone,12 month-ending,02/29/2024,4066,
01/04/2026,2024,2,United States,Xylazine,12 month-ending,02/29/2024,6433,
01/04/2026,2024,3,United States,Cocaine,12 month-ending,03/31/2024,30569,
01/04/2026,2024,3,United States,Fentanyl,12 month-ending,03/31/2024,68923,
01/04/2026,2024,3,United States,Gabapentin,12 month-ending,03/31/2024,3915,
01/04/2026,2024,3,United States,Heroin,12 month-ending,03/31/2024,3685,
01/04/2026,2024,3,United States,Methamphetamine,12 month-ending,03/31/2024,33067,
01/04/2026,2024,3,United States,Oxycodone,12 month-ending,03/31/2024,3971,
01/04/2026,2024,3,United States,Xylazine,12 month-ending,03/31/2024,6531,
01/04/2026,2024,4,United States,Cocaine,12 month-ending,04/30/2024,29941,
01/04/2026,2024,4,United States,Fentanyl,12 month-ending,04/30/2024,66914,
01/04/2026,2024,4,United States,Gabapentin,12 month-ending,04/30/2024,3813,
01/04/2026,2024,4,United States,Heroin,12 month-ending,04/30/2024,3573,
01/04/2026,2024,4,United States,Methamphetamine,12 month-ending,04/30/2024,32501,
01/04/2026,2024,4,United States,Oxycodone,12 month-ending,04/30/2024,3872,
01/04/2026,2024,4,United States,Xylazine,12 month-ending,04/30/2024,6561,
01/04/2026,2024,5,United States,Cocaine,12 month-ending,05/31/2024,29239,
01/04/2026,2024,5,United States,Fentanyl,12 month-ending,05/31/2024,64688,
01/04/2026,2024,5,United States,Gabapentin,12 month-ending,05/31/2024,3771,
01/04/2026,2024,5,United States,Heroin,12 month-ending,05/31/2024,3467,
01/04/2026,2024,5,United States,Methamphetamine,12 month-ending,05/31/2024,31938,
01/04/2026,2024,5,United States,Oxycodone,12 month-ending,05/31/2024,3798,
01/04/2026,2024,5,United States,Xylazine,12 month-ending,05/31/2024,6535,
01/04/2026,2024,6,United States,Cocaine,12 month-ending,06/30/2024,28554,
01/04/2026,2024,6,United States,Fentanyl,12 month-ending,06/30/2024,62593,
01/04/2026,2024,6,United States,Gabapentin,12 month-ending,06/30/2024,3688,
01/04/2026,2024,6,United States,Heroin,12 month-ending,06/30/2024,3300,
01/04/2026,2024,6,United States,Methamphetamine,12 month-ending,06/30/2024,31526,
01/04/2026,2024,6,United States,Oxycodone,12 month-ending,06/30/2024,3714,
01/04/2026,2024,6,United States,Xylazine,12 month-ending,06/30/2024,6517,
01/04/2026,2024,7,United States,Cocaine,12 month-ending,07/31/2024,27819,
01/04/2026,2024,7,United States,Fentanyl,12 month-ending,07/31/2024,59959,
01/04/2026,2024,7,United States,Gabapentin,12 month-ending,07/31/2024,3619,
01/04/2026,2024,7,United States,Heroin,12 month-ending,07/31/2024,3221,
01/04/2026,2024,7,United States,Methamphetamine,12 month-ending,07/31/2024,30707,
01/04/2026,2024,7,United States,Oxycodone,12 month-ending,07/31/2024,3668,
01/04/2026,2024,7,United States,Xylazine,12 month-ending,07/31/2024,6536,
01/04/2026,2024,8,United States,Cocaine,12 month-ending,08/31/2024,26838,
01/04/2026,2024,8,United States,Fentanyl,12 month-ending,08/31/2024,57195,
01/04/2026,2024,8,United States,Gabapentin,12 month-ending,08/31/2024,3513,
01/04/2026,2024,8,United States,Heroin,12 month-ending,08/31/2024,3102,
01/04/2026,2024,8,United States,Methamphetamine,12 month-ending,08/31/2024,29851,
01/04/2026,2024,8,United States,Oxycodone,12 month-ending,08/31/2024,3602,
01/04/2026,2024,8,United States,Xylazine,12 month-ending,08/31/2024,6516,
01/04/2026,2024,9,United States,Cocaine,12 month-ending,09/30/2024,25999,
01/04/2026,2024,9,United States,Fentanyl,12 month-ending,09/30/2024,54485,
01/04/2026,2024,9,United States,Gabapentin,12 month-ending,09/30/2024,3437,
01/04/2026,2024,9,United States,Heroin,12 month-ending,09/30/2024,2992,
01/04/2026,2024,9,United States,Methamphetamine,12 month-ending,09/30/2024,29187,
01/04/2026,2024,9,United States,Oxycodone,12 month-ending,09/30/2024,3535,
01/04/2026,2024,9,United States,Xylazine,12 month-ending,09/30/2024,6440,
01/04/2026,2024,10,United States,Cocaine,12 month-ending,10/31/2024,25111,
01/04/2026,2024,10,United States,Fentanyl,12 month-ending,10/31/2024,51911,
01/04/2026,2024,10,United States,Gabapentin,12 month-ending,10/31/2024,3372,
01/04/2026,2024,10,United States,Heroin,12 month-ending,10/31/2024,2933,
01/04/2026,2024,10,United States,Methamphetamine,12 month-ending,10/31/2024,28582,
01/04/2026,2024,10,United States,Oxycodone,12 month-ending,10/31/2024,3405,
01/04/2026,2024,10,United States,Xylazine,12 month-ending,10/31/2024,6307,
01/04/2026,2024,11,United States,Cocaine,12 month-ending,11/30/2024,24241,
01/04/2026,2024,11,United States,Fentanyl,12 month-ending,11/30/2024,49636,
01/04/2026,2024,11,United States,Gabapentin,12 month-ending,11/30/2024,3297,
01/04/2026,2024,11,United States,Heroin,12 month-ending,11/30/2024,2915,
01/04/2026,2024,11,United States,Methamphetamine,12 month-ending,11/30/2024,28181,
01/04/2026,2024,11,United States,Oxycodone,12 month-ending,11/30/2024,3315,
01/04/2026,2024,11,United States,Xylazine,12 month-ending,11/30/2024,6228,
01/04/2026,2024,12,United States,Cocaine,12 month-ending,12/31/2024,23432,
01/04/2026,2024,12,United States,Fentanyl,12 month-ending,12/31/2024,47436,
01/04/2026,2024,12,United States,Gabapentin,12 month-ending,12/31/2024,3228,
01/04/2026,2024,12,United States,Heroin,12 month-ending,12/31/2024,2829,
01/04/2026,2024,12,United States,Methamphetamine,12 month-ending,12/31/2024,27835,
01/04/2026,2024,12,United States,Oxycodone,12 month-ending,12/31/2024,3249,
01/04/2026,2024,12,United States,Xylazine,12 month-ending,12/31/2024,6105,
01/04/2026,2025,1,United States,Cocaine,12 month-ending,01/31/2025,22839,
01/04/2026,2025,1,United States,Fentanyl,12 month-ending,01/31/2025,45708,
01/04/2026,2025,1,United States,Gabapentin,12 month-ending,01/31/2025,3176,
01/04/2026,2025,1,United States,Heroin,12 month-ending,01/31/2025,2771,
01/04/2026,2025,1,United States,Methamphetamine,12 month-ending,01/31/2025,27596,
01/04/2026,2025,1,United States,Oxycodone,12 month-ending,01/31/2025,3191,
01/04/2026,2025,1,United States,Xylazine,12 month-ending,01/31/2025,5861,
01/04/2026,2025,2,United States,Cocaine,12 month-ending,02/28/2025,22257,
01/04/2026,2025,2,United States,Fentanyl,12 month-ending,02/28/2025,44119,
01/04/2026,2025,2,United States,Gabapentin,12 month-ending,02/28/2025,3091,
01/04/2026,2025,2,United States,Heroin,12 month-ending,02/28/2025,2694,
01/04/2026,2025,2,United States,Methamphetamine,12 month-ending,02/28/2025,27159,
01/04/2026,2025,2,United States,Oxycodone,12 month-ending,02/28/2025,3131,
01/04/2026,2025,2,United States,Xylazine,12 month-ending,02/28/2025,5579,
01/04/2026,2025,3,United States,Cocaine,12 month-ending,03/31/2025,21839,
01/04/2026,2025,3,United States,Fentanyl,12 month-ending,03/31/2025,42944,
01/04/2026,2025,3,United States,Gabapentin,12 month-ending,03/31/2025,3019,
01/04/2026,2025,3,United States,Heroin,12 month-ending,03/31/2025,2671,
01/04/2026,2025,3,United States,Methamphetamine,12 month-ending,03/31/2025,26934,
01/04/2026,2025,3,United States,Oxycodone,12 month-ending,03/31/2025,3094,
01/04/2026,2025,3,United States,Xylazine,12 month-ending,03/31/2025,5298,
01/04/2026,2025,4,United States,Cocaine,12 month-ending,04/30/2025,21274,
01/04/2026,2025,4,United States,Fentanyl,12 month-ending,04/30/2025,41671,
01/04/2026,2025,4,United States,Gabapentin,12 month-ending,04/30/2025,2961,
01/04/2026,2025,4,United States,Heroin,12 month-ending,04/30/2025,2585,
01/04/2026,2025,4,United States,Methamphetamine,12 month-ending,04/30/2025,26685,
01/04/2026,2025,4,United States,Oxycodone,12 month-ending,04/30/2025,3068,
01/04/2026,2025,4,United States,Xylazine,12 month-ending,04/30/2025,4984,
01/04/2026,2025,5,United States,Cocaine,12 month-ending,05/31/2025,20812,
01/04/2026,2025,5,United States,Fentanyl,12 month-ending,05/31/2025,40453,
01/04/2026,2025,5,United States,Gabapentin,12 month-ending,05/31/2025,2876,
01/04/2026,2025,5,United States,Heroin,12 month-ending,05/31/2025,2517,
01/04/2026,2025,5,United States,Methamphetamine,12 month-ending,05/31/2025,26292,
01/04/2026,2025,5,United States,Oxycodone,12 month-ending,05/31/2025,3001,
01/04/2026,2025,5,United States,Xylazine,12 month-ending,05/31/2025,4666,
01/04/2026,2025,6,United States,Cocaine,12 month-ending,06/30/2025,20481,
01/04/2026,2025,6,United States,Fentanyl,12 month-ending,06/30/2025,39261,
01/04/2026,2025,6,United States,Gabapentin,12 month-ending,06/30/2025,2793,
01/04/2026,2025,6,United States,Heroin,12 month-ending,06/30/2025,2474,
01/04/2026,2025,6,United States,Methamphetamine,12 month-ending,06/30/2025,25765,
01/04/2026,2025,6,United States,Oxycodone,12 month-ending,06/30/2025,2978,
01/04/2026,2025,6,United States,Xylazine,12 month-ending,06/30/2025,4359,
01/04/2026,2019,1,Region 1,Fentanyl,12 month-ending,01/31/2019,3420,
01/04/2026,2019,2,Region 1,Fentanyl,12 month-ending,02/28/2019,3434,
01/04/2026,2019,3,Region 1,Fentanyl,12 month-ending,03/31/2019,3443,
01/04/2026,2019,4,Region 1,Fentanyl,12 month-ending,04/30/2019,3440,
01/04/2026,2019,5,Region 1,Fentanyl,12 month-ending,05/31/2019,3439,
01/04/2026,2019,6,Region 1,Fentanyl,12 month-ending,06/30/2019,3461,
01/04/2026,2019,7,Region 1,Fentanyl,12 month-ending,07/31/2019,3464,
01/04/2026,2019,8,Region 1,Fentanyl,12 month-ending,08/31/2019,3539,
01/04/2026,2019,9,Region 1,Fentanyl,12 month-ending,09/30/2019,3553,
01/04/2026,2019,10,Region 1,Fentanyl,12 month-ending,10/31/2019,3620,
01/04/2026,2019,11,Region 1,Fentanyl,12 month-ending,11/30/2019,3653,
01/04/2026,2019,12,Region 1,Fentanyl,12 month-ending,12/31/2019,3719,
01/04/2026,2020,1,Region 1,Fentanyl,12 month-ending,01/31/2020,3763,
01/04/2026,2020,2,Region 1,Fentanyl,12 month-ending,02/29/2020,3815,
01/04/2026,2020,3,Region 1,Fentanyl,12 month-ending,03/31/2020,3833,
01/04/2026,2020,4,Region 1,Fentanyl,12 month-ending,04/30/2020,3926,
01/04/2026,2020,5,Region 1,Fentanyl,12 month-ending,05/31/2020,4030,
01/04/2026,2020,6,Region 1,Fentanyl,12 month-ending,06/30/2020,4039,
01/04/2026,2020,7,Region 1,Fentanyl,12 month-ending,07/31/2020,4112,
01/04/2026,2020,8,Region 1,Fentanyl,12 month-ending,08/31/2020,4062,
01/04/2026,2020,9,Region 1,Fentanyl,12 month-ending,09/30/2020,4105,
01/04/2026,2020,10,Region 1,Fentanyl,12 month-ending,10/31/2020,4091,
01/04/2026,2020,11,Region 1,Fentanyl,12 month-ending,11/30/2020,4093,
01/04/2026,2020,12,Region 1,Fentanyl,12 month-ending,12/31/2020,4117,
01/04/2026,2021,1,Region 1,Fentanyl,12 month-ending,01/31/2021,4194,
01/04/2026,2021,2,Region 1,Fentanyl,12 month-ending,02/28/2021,4201,
01/04/2026,2021,3,Region 1,Fentanyl,12 month-ending,03/31/2021,4283,
01/04/2026,2021,4,Region 1,Fentanyl,12 month-ending,04/30/2021,4288,
01/04/2026,2021,5,Region 1,Fentanyl,12 month-ending,05/31/2021,4278,
01/04/2026,2021,6,Region 1,Fentanyl,12 month-ending,06/30/2021,4335,
01/04/2026,2021,7,Region 1,Fentanyl,12 month-ending,07/31/2021,4342,
01/04/2026,2021,8,Region 1,Fentanyl,12 month-ending,08/31/2021,4469,
01/04/2026,2021,9,Region 1,Fentanyl,12 month-ending,09/30/2021,4570,
01/04/2026,2021,10,Region 1,Fentanyl,12 month-ending,10/31/2021,4665,
01/04/2026,2021,11,Region 1,Fentanyl,12 month-ending,11/30/2021,4738,
01/04/2026,2021,12,Region 1,Fentanyl,12 month-ending,12/31/2021,4775,
01/04/2026,2022,1,Region 1,Fentanyl,12 month-ending,01/31/2022,4766,
01/04/2026,2022,2,Region 1,Fentanyl,12 month-ending,02/28/2022,4805,
01/04/2026,2022,3,Region 1,Fentanyl,12 month-ending,03/31/2022,4819,
01/04/2026,2022,4,Region 1,Fentanyl,12 month-ending,04/30/2022,4845,
01/04/2026,2022,5,Region 1,Fentanyl,12 month-ending,05/31/2022,4840,
01/04/2026,2022,6,Region 1,Fentanyl,12 month-ending,06/30/2022,4835,
01/04/2026,2022,7,Region 1,Fentanyl,12 month-ending,07/31/2022,4842,
01/04/2026,2022,8,Region 1,Fentanyl,12 month-ending,08/31/2022,4805,
01/04/2026,2022,9,Region 1,Fentanyl,12 month-ending,09/30/2022,4781,
01/04/2026,2022,10,Region 1,Fentanyl,12 month-ending,10/31/2022,4830,
01/04/2026,2022,11,Region 1,Fentanyl,12 month-ending,11/30/2022,4857,
01/04/2026,2022,12,Region 1,Fentanyl,12 month-ending,12/31/2022,4871,
01/04/2026,2023,1,Region 1,Fentanyl,12 month-ending,01/31/2023,4898,
01/04/2026,2023,2,Region 1,Fentanyl,12 month-ending,02/28/2023,4900,
01/04/2026,2023,3,Region 1,Fentanyl,12 month-ending,03/31/2023,4847,
01/04/2026,2023,4,Region 1,Fentanyl,12 month-ending,04/30/2023,4824,
01/04/2026,2023,5,Region 1,Fentanyl,12 month-ending,05/31/2023,4848,
01/04/2026,2023,6,Region 1,Fentanyl,12 month-ending,06/30/2023,4833,
01/04/2026,2023,7,Region 1,Fentanyl,12 month-ending,07/31/2023,4800,
01/04/2026,2023,8,Region 1,Fentanyl,12 month-ending,08/31/2023,4767,
01/04/2026,2023,9,Region 1,Fentanyl,12 month-ending,09/30/2023,4739,
01/04/2026,2023,10,Region 1,Fentanyl,12 month-ending,10/31/2023,4586,
01/04/2026,2023,11,Region 1,Fentanyl,12 month-ending,11/30/2023,4498,
01/04/2026,2023,12,Region 1,Fentanyl,12 month-ending,12/31/2023,4427,
01/04/2026,2024,1,Region 1,Fentanyl,12 month-ending,01/31/2024,4342,
01/04/2026,2024,2,Region 1,Fentanyl,12 month-ending,02/29/2024,4239,
01/04/2026,2024,3,Region 1,Fentanyl,12 month-ending,03/31/2024,4185,
01/04/2026,2024,4,Region 1,Fentanyl,12 month-ending,04/30/2024,4056,
01/04/2026,2024,5,Region 1,Fentanyl,12 month-ending,05/31/2024,3889,
01/04/2026,2024,6,Region 1,Fentanyl,12 month-ending,06/30/2024,3774,
01/04/2026,2024,7,Region 1,Fentanyl,12 month-ending,07/31/2024,3635,
01/04/2026,2024,8,Region 1,Fentanyl,12 month-ending,08/31/2024,3486,
01/04/2026,2024,9,Region 1,Fentanyl,12 month-ending,09/30/2024,3281,
01/04/2026,2024,10,Region 1,Fentanyl,12 month-ending,10/31/2024,3172,
01/04/2026,2024,11,Region 1,Fentanyl,12 month-ending,11/30/2024,3026,
01/04/2026,2024,12,Region 1,Fentanyl,12 month-ending,12/31/2024,2853,
01/04/2026,2025,1,Region 1,Fentanyl,12 month-ending,01/31/2025,2706,
01/04/2026,2025,2,Region 1,Fentanyl,12 month-ending,02/28/2025,2622,
01/04/2026,2025,3,Region 1,Fentanyl,12 month-ending,03/31/2025,2472,
01/04/2026,2025,4,Region 1,Fentanyl,12 month-ending,04/30/2025,2312,
01/04/2026,2025,5,Region 1,Fentanyl,12 month-ending,05/31/2025,2191,
01/04/2026,2025,6,Region 1,Fentanyl,12 month-ending,06/30/2025,2112,
01/04/2026,2019,1,Region 2,Fentanyl,12 month-ending,01/31/2019,4328,
01/04/2026,2019,2,Region 2,Fentanyl,12 month-ending,02/28/2019,4389,
01/04/2026,2019,3,Region 2,Fentanyl,12 month-ending,03/31/2019,4381,
01/04/2026,2019,4,Region 2,Fentanyl,12 month-ending,04/30/2019,4331,
01/04/2026,2019,5,Region 2,Fentanyl,12 month-ending,05/31/2019,4277,
01/04/2026,2019,6,Region 2,Fentanyl,12 month-ending,06/30/2019,4252,
01/04/2026,2019,7,Region 2,Fentanyl,12 month-ending,07/31/2019,4296,
01/04/2026,2019,8,Region 2,Fentanyl,12 month-ending,08/31/2019,4311,
01/04/2026,2019,9,Region 2,Fentanyl,12 month-ending,09/30/2019,4333,
01/04/2026,2019,10,Region 2,Fentanyl,12 month-ending,10/31/2019,4347,
01/04/2026,2019,11,Region 2,Fentanyl,12 month-ending,11/30/2019,4411,
01/04/2026,2019,12,Region 2,Fentanyl,12 month-ending,12/31/2019,4512,
01/04/2026,2020,1,Region 2,Fentanyl,12 month-ending,01/31/2020,4656,
01/04/2026,2020,2,Region 2,Fentanyl,12 month-ending,02/29/2020,4744,
01/04/2026,2020,3,Region 2,Fentanyl,12 month-ending,03/31/2020,4879,
01/04/2026,2020,4,Region 2,Fentanyl,12 month-ending,04/30/2020,5076,
01/04/2026,2020,5,Region 2,Fentanyl,12 month-ending,05/31/2020,5362,
01/04/2026,2020,6,Region 2,Fentanyl,12 month-ending,06/30/2020,5512,
01/04/2026,2020,7,Region 2,Fentanyl,12 month-ending,07/31/2020,5615,
01/04/2026,2020,8,Region 2,Fentanyl,12 month-ending,08/31/2020,5737,
01/04/2026,2020,9,Region 2,Fentanyl,12 month-ending,09/30/2020,5824,
01/04/2026,2020,10,Region 2,Fentanyl,12 month-ending,10/31/2020,5895,
01/04/2026,2020,11,Region 2,Fentanyl,12 month-ending,11/30/2020,5986,
01/04/2026,2020,12,Region 2,Fentanyl,12 month-ending,12/31/2020,6013,
01/04/2026,2021,1,Region 2,Fentanyl,12 month-ending,01/31/2021,6205,
01/04/2026,2021,2,Region 2,Fentanyl,12 month-ending,02/28/2021,6258,
01/04/2026,2021,3,Region 2,Fentanyl,12 month-ending,03/31/2021,6415,
01/04/2026,2021,4,Region 2,Fentanyl,12 month-ending,04/30/2021,6455,
01/04/2026,2021,5,Region 2,Fentanyl,12 month-ending,05/31/2021,6375,
01/04/2026,2021,6,Region 2,Fentanyl,12 month-ending,06/30/2021,6471,
01/04/2026,2021,7,Region 2,Fentanyl,12 month-ending,07/31/2021,6569,
01/04/2026,2021,8,Region 2,Fentanyl,12 month-ending,08/31/2021,6677,
01/04/2026,2021,9,Region 2,Fentanyl,12 month-ending,09/30/2021,6833,
01/04/2026,2021,10,Region 2,Fentanyl,12 month-ending,10/31/2021,6979,
01/04/2026,2021,11,Region 2,Fentanyl,12 month-ending,11/30/2021,7037,
01/04/2026,2021,12,Region 2,Fentanyl,12 month-ending,12/31/2021,7148,
01/04/2026,2022,1,Region 2,Fentanyl,12 month-ending,01/31/2022,7160,
01/04/2026,2022,2,Region 2,Fentanyl,12 month-ending,02/28/2022,7224,
01/04/2026,2022,3,Region 2,Fentanyl,12 month-ending,03/31/2022,7187,
01/04/2026,2022,4,Region 2,Fentanyl,12 month-ending,04/30/2022,7219,
01/04/2026,2022,5,Region 2,Fentanyl,12 month-ending,05/31/2022,7269,
01/04/2026,2022,6,Region 2,Fentanyl,12 month-ending,06/30/2022,7245,
01/04/2026,2022,7,Region 2,Fentanyl,12 month-ending,07/31/2022,7285,
01/04/2026,2022,8,Region 2,Fentanyl,12 month-ending,08/31/2022,7284,
01/04/2026,2022,9,Region 2,Fentanyl,12 month-ending,09/30/2022,7303,
01/04/2026,2022,10,Region 2,Fentanyl,12 month-ending,10/31/2022,7324,
01/04/2026,2022,11,Region 2,Fentanyl,12 month-ending,11/30/2022,7436,
01/04/2026,2022,12,Region 2,Fentanyl,12 month-ending,12/31/2022,7513,
01/04/2026,2023,1,Region 2,Fentanyl,12 month-ending,01/31/2023,7517,
01/04/2026,2023,2,Region 2,Fentanyl,12 month-ending,02/28/2023,7522,
01/04/2026,2023,3,Region 2,Fentanyl,12 month-ending,03/31/2023,7525,
01/04/2026,2023,4,Region 2,Fentanyl,12 month-ending,04/30/2023,7631,
01/04/2026,2023,5,Region 2,Fentanyl,12 month-ending,05/31/2023,7663,
01/04/2026,2023,6,Region 2,Fentanyl,12 month-ending,06/30/2023,7722,
01/04/2026,2023,7,Region 2,Fentanyl,12 month-ending,07/31/2023,7674,
01/04/2026,2023,8,Region 2,Fentanyl,12 month-ending,08/31/2023,7683,
01/04/2026,2023,9,Region 2,Fentanyl,12 month-ending,09/30/2023,7571,
01/04/2026,2023,10,Region 2,Fentanyl,12 month-ending,10/31/2023,7499,
01/04/2026,2023,11,Region 2,Fentanyl,12 month-ending,11/30/2023,7341,
01/04/2026,2023,12,Region 2,Fentanyl,12 month-ending,12/31/2023,7223,
01/04/2026,2024,1,Region 2,Fentanyl,12 month-ending,01/31/2024,7081,
01/04/2026,2024,2,Region 2,Fentanyl,12 month-ending,02/29/2024,6987,
01/04/2026,2024,3,Region 2,Fentanyl,12 month-ending,03/31/2024,6829,
01/04/2026,2024,4,Region 2,Fentanyl,12 month-ending,04/30/2024,6601,
01/04/2026,2024,5,Region 2,Fentanyl,12 month-ending,05/31/2024,6366,
01/04/2026,2024,6,Region 2,Fentanyl,12 month-ending,06/30/2024,6085,
01/04/2026,2024,7,Region 2,Fentanyl,12 month-ending,07/31/2024,5843,
01/04/2026,2024,8,Region 2,Fentanyl,12 month-ending,08/31/2024,5551,
01/04/2026,2024,9,Region 2,Fentanyl,12 month-ending,09/30/2024,5308,
01/04/2026,2024,10,Region 2,Fentanyl,12 month-ending,10/31/2024,5010,
01/04/2026,2024,11,Region 2,Fentanyl,12 month-ending,11/30/2024,4773,
01/04/2026,2024,12,Region 2,Fentanyl,12 month-ending,12/31/2024,4488,
01/04/2026,2025,1,Region 2,Fentanyl,12 month-ending,01/31/2025,4246,
01/04/2026,2025,2,Region 2,Fentanyl,12 month-ending,02/28/2025,4030,
01/04/2026,2025,3,Region 2,Fentanyl,12 month-ending,03/31/2025,3851,
01/04/2026,2025,4,Region 2,Fentanyl,12 month-ending,04/30/2025,3668,
01/04/2026,2025,5,Region 2,Fentanyl,12 month-ending,05/31/2025,3551,
01/04/2026,2025,6,Region 2,Fentanyl,12 month-ending,06/30/2025,3431,
01/04/2026,2019,1,Region 3,Fentanyl,12 month-ending,01/31/2019,6069,
01/04/2026,2019,2,Region 3,Fentanyl,12 month-ending,02/28/2019,6079,
01/04/2026,2019,3,Region 3,Fentanyl,12 month-ending,03/31/2019,6072,
01/04/2026,2019,4,Region 3,Fentanyl,12 month-ending,04/30/2019,6081,
01/04/2026,2019,5,Region 3,Fentanyl,12 month-ending,05/31/2019,6037,
01/04/2026,2019,6,Region 3,Fentanyl,12 month-ending,06/30/2019,6037,
01/04/2026,2019,7,Region 3,Fentanyl,12 month-ending,07/31/2019,6071,
01/04/2026,2019,8,Region 3,Fentanyl,12 month-ending,08/31/2019,6148,
01/04/2026,2019,9,Region 3,Fentanyl,12 month-ending,09/30/2019,6188,
01/04/2026,2019,10,Region 3,Fentanyl,12 month-ending,10/31/2019,6262,
01/04/2026,2019,11,Region 3,Fentanyl,12 month-ending,11/30/2019,6420,
01/04/2026,2019,12,Region 3,Fentanyl,12 month-ending,12/31/2019,6596,
01/04/2026,2020,1,Region 3,Fentanyl,12 month-ending,01/31/2020,6721,
01/04/2026,2020,2,Region 3,Fentanyl,12 month-ending,02/29/2020,6869,
01/04/2026,2020,3,Region 3,Fentanyl,12 month-ending,03/31/2020,7025,
01/04/2026,2020,4,Region 3,Fentanyl,12 month-ending,04/30/2020,7278,
01/04/2026,2020,5,Region 3,Fentanyl,12 month-ending,05/31/2020,7702,
01/04/2026,2020,6,Region 3,Fentanyl,12 month-ending,06/30/2020,7978,
01/04/2026,2020,7,Region 3,Fentanyl,12 month-ending,07/31/2020,8262,
01/04/2026,2020,8,Region 3,Fentanyl,12 month-ending,08/31/2020,8477,
01/04/2026,2020,9,Region 3,Fentanyl,12 month-ending,09/30/2020,8749,
01/04/2026,2020,10,Region 3,Fentanyl,12 month-ending,10/31/2020,8912,
01/04/2026,2020,11,Region 3,Fentanyl,12 month-ending,11/30/2020,9055,
01/04/2026,2020,12,Region 3,Fentanyl,12 month-ending,12/31/2020,9146,
01/04/2026,2021,1,Region 3,Fentanyl,12 month-ending,01/31/2021,9386,
01/04/2026,2021,2,Region 3,Fentanyl,12 month-ending,02/28/2021,9537,
01/04/2026,2021,3,Region 3,Fentanyl,12 month-ending,03/31/2021,9723,
01/04/2026,2021,4,Region 3,Fentanyl,12 month-ending,04/30/2021,9787,
01/04/2026,2021,5,Region 3,Fentanyl,12 month-ending,05/31/2021,9769,
01/04/2026,2021,6,Region 3,Fentanyl,12 month-ending,06/30/2021,9792,
01/04/2026,2021,7,Region 3,Fentanyl,12 month-ending,07/31/2021,9844,
01/04/2026,2021,8,Region 3,Fentanyl,12 month-ending,08/31/2021,9840,
01/04/2026,2021,9,Region 3,Fentanyl,12 month-ending,09/30/2021,9826,
01/04/2026,2021,10,Region 3,Fentanyl,12 month-ending,10/31/2021,9834,
01/04/2026,2021,11,Region 3,Fentanyl,12 month-ending,11/30/2021,9828,
01/04/2026,2021,12,Region 3,Fentanyl,12 month-ending,12/31/2021,9895,
01/04/2026,2022,1,Region 3,Fentanyl,12 month-ending,01/31/2022,9848,
01/04/2026,2022,2,Region 3,Fentanyl,12 month-ending,02/28/2022,9844,
01/04/2026,2022,3,Region 3,Fentanyl,12 month-ending,03/31/2022,9800,
01/04/2026,2022,4,Region 3,Fentanyl,12 month-ending,04/30/2022,9675,
01/04/2026,2022,5,Region 3,Fentanyl,12 month-ending,05/31/2022,9539,
01/04/2026,2022,6,Region 3,Fentanyl,12 month-ending,06/30/2022,9491,
01/04/2026,2022,7,Region 3,Fentanyl,12 month-ending,07/31/2022,9409,
01/04/2026,2022,8,Region 3,Fentanyl,12 month-ending,08/31/2022,9449,
01/04/2026,2022,9,Region 3,Fentanyl,12 month-ending,09/30/2022,9368,
01/04/2026,2022,10,Region 3,Fentanyl,12 month-ending,10/31/2022,9420,
01/04/2026,2022,11,Region 3,Fentanyl,12 month-ending,11/30/2022,9472,
01/04/2026,2022,12,Region 3,Fentanyl,12 month-ending,12/31/2022,9537,
01/04/2026,2023,1,Region 3,Fentanyl,12 month-ending,01/31/2023,9573,
01/04/2026,2023,2,Region 3,Fentanyl,12 month-ending,02/28/2023,9552,
01/04/2026,2023,3,Region 3,Fentanyl,12 month-ending,03/31/2023,9590,
01/04/2026,2023,4,Region 3,Fentanyl,12 month-ending,04/30/2023,9645,
01/04/2026,2023,5,Region 3,Fentanyl,12 month-ending,05/31/2023,9689,
01/04/2026,2023,6,Region 3,Fentanyl,12 month-ending,06/30/2023,9688,
01/04/2026,2023,7,Region 3,Fentanyl,12 month-ending,07/31/2023,9711,
01/04/2026,2023,8,Region 3,Fentanyl,12 month-ending,08/31/2023,9566,
01/04/2026,2023,9,Region 3,Fentanyl,12 month-ending,09/30/2023,9488,
01/04/2026,2023,10,Region 3,Fentanyl,12 month-ending,10/31/2023,9423,
01/04/2026,2023,11,Region 3,Fentanyl,12 month-ending,11/30/2023,9276,
01/04/2026,2023,12,Region 3,Fentanyl,12 month-ending,12/31/2023,9084,
01/04/2026,2024,1,Region 3,Fentanyl,12 month-ending,01/31/2024,8805,
01/04/2026,2024,2,Region 3,Fentanyl,12 month-ending,02/29/2024,8625,
01/04/2026,2024,3,Region 3,Fentanyl,12 month-ending,03/31/2024,8284,
01/04/2026,2024,4,Region 3,Fentanyl,12 month-ending,04/30/2024,8001,
01/04/2026,2024,5,Region 3,Fentanyl,12 month-ending,05/31/2024,7690,
01/04/2026,2024,6,Region 3,Fentanyl,12 month-ending,06/30/2024,7399,
01/04/2026,2024,7,Region 3,Fentanyl,12 month-ending,07/31/2024,7034,
01/04/2026,2024,8,Region 3,Fentanyl,12 month-ending,08/31/2024,6746,
01/04/2026,2024,9,Region 3,Fentanyl,12 month-ending,09/30/2024,6471,
01/04/2026,2024,10,Region 3,Fentanyl,12 month-ending,10/31/2024,6086,
01/04/2026,2024,11,Region 3,Fentanyl,12 month-ending,11/30/2024,5766,
01/04/2026,2024,12,Region 3,Fentanyl,12 month-ending,12/31/2024,5453,
01/04/2026,2025,1,Region 3,Fentanyl,12 month-ending,01/31/2025,5308,
01/04/2026,2025,2,Region 3,Fentanyl,12 month-ending,02/28/2025,5080,
01/04/2026,2025,3,Region 3,Fentanyl,12 month-ending,03/31/2025,4961,
01/04/2026,2025,4,Region 3,Fentanyl,12 month-ending,04/30/2025,4839,
01/04/2026,2025,5,Region 3,Fentanyl,12 month-ending,05/31/2025,4664,
01/04/2026,2025,6,Region 3,Fentanyl,12 month-ending,06/30/2025,4487,
01/04/2026,2019,1,Region 4,Fentanyl,12 month-ending,01/31/2019,5747,
01/04/2026,2019,2,Region 4,Fentanyl,12 month-ending,02/28/2019,5773,
01/04/2026,2019,3,Region 4,Fentanyl,12 month-ending,03/31/2019,5933,
01/04/2026,2019,4,Region 4,Fentanyl,12 month-ending,04/30/2019,6046,
01/04/2026,2019,5,Region 4,Fentanyl,12 month-ending,05/31/2019,6090,
01/04/2026,2019,6,Region 4,Fentanyl,12 month-ending,06/30/2019,6219,
01/04/2026,2019,7,Region 4,Fentanyl,12 month-ending,07/31/2019,6342,
01/04/2026,2019,8,Region 4,Fentanyl,12 month-ending,08/31/2019,6468,
01/04/2026,2019,9,Region 4,Fentanyl,12 month-ending,09/30/2019,6684,
01/04/2026,2019,10,Region 4,Fentanyl,12 month-ending,10/31/2019,6896,
01/04/2026,2019,11,Region 4,Fentanyl,12 month-ending,11/30/2019,7068,
01/04/2026,2019,12,Region 4,Fentanyl,12 month-ending,12/31/2019,7286,
01/04/2026,2020,1,Region 4,Fentanyl,12 month-ending,01/31/2020,7469,
01/04/2026,2020,2,Region 4,Fentanyl,12 month-ending,02/29/2020,7741,
01/04/2026,2020,3,Region 4,Fentanyl,12 month-ending,03/31/2020,8161,
01/04/2026,2020,4,Region 4,Fentanyl,12 month-ending,04/30/2020,8772,
01/04/2026,2020,5,Region 4,Fentanyl,12 month-ending,05/31/2020,9802,
01/04/2026,2020,6,Region 4,Fentanyl,12 month-ending,06/30/2020,10433,
01/04/2026,2020,7,Region 4,Fentanyl,12 month-ending,07/31/2020,11021,
01/04/2026,2020,8,Region 4,Fentanyl,12 month-ending,08/31/2020,11605,
01/04/2026,2020,9,Region 4,Fentanyl,12 month-ending,09/30/2020,12060,
01/04/2026,2020,10,Region 4,Fentanyl,12 month-ending,10/31/2020,12431,
01/04/2026,2020,11,Region 4,Fentanyl,12 month-ending,11/30/2020,12860,
01/04/2026,2020,12,Region 4,Fentanyl,12 month-ending,12/31/2020,13273,
01/04/2026,2021,1,Region 4,Fentanyl,12 month-ending,01/31/2021,13902,
01/04/2026,2021,2,Region 4,Fentanyl,12 month-ending,02/28/2021,14363,
01/04/2026,2021,3,Region 4,Fentanyl,12 month-ending,03/31/2021,14906,
01/04/2026,2021,4,Region 4,Fentanyl,12 month-ending,04/30/2021,15380,
01/04/2026,2021,5,Region 4,Fentanyl,12 month-ending,05/31/2021,15335,
01/04/2026,2021,6,Region 4,Fentanyl,12 month-ending,06/30/2021,15596,
01/04/2026,2021,7,Region 4,Fentanyl,12 month-ending,07/31/2021,15812,
01/04/2026,2021,8,Region 4,Fentanyl,12 month-ending,08/31/2021,16068,
01/04/2026,2021,9,Region 4,Fentanyl,12 month-ending,09/30/2021,16397,
01/04/2026,2021,10,Region 4,Fentanyl,12 month-ending,10/31/2021,16812,
01/04/2026,2021,11,Region 4,Fentanyl,12 month-ending,11/30/2021,17034,
01/04/2026,2021,12,Region 4,Fentanyl,12 month-ending,12/31/2021,17390,
01/04/2026,2022,1,Region 4,Fentanyl,12 month-ending,01/31/2022,17368,
01/04/2026,2022,2,Region 4,Fentanyl,12 month-ending,02/28/2022,17575,
01/04/2026,2022,3,Region 4,Fentanyl,12 month-ending,03/31/2022,17634,
01/04/2026,2022,4,Region 4,Fentanyl,12 month-ending,04/30/2022,17502,
01/04/2026,2022,5,Region 4,Fentanyl,12 month-ending,05/31/2022,17490,
01/04/2026,2022,6,Region 4,Fentanyl,12 month-ending,06/30/2022,17476,
01/04/2026,2022,7,Region 4,Fentanyl,12 month-ending,07/31/2022,17630,
01/04/2026,2022,8,Region 4,Fentanyl,12 month-ending,08/31/2022,17728,
01/04/2026,2022,9,Region 4,Fentanyl,12 month-ending,09/30/2022,17780,
01/04/2026,2022,10,Region 4,Fentanyl,12 month-ending,10/31/2022,17854,
01/04/2026,2022,11,Region 4,Fentanyl,12 month-ending,11/30/2022,17977,
01/04/2026,2022,12,Region 4,Fentanyl,12 month-ending,12/31/2022,18018,
01/04/2026,2023,1,Region 4,Fentanyl,12 month-ending,01/31/2023,18179,
01/04/2026,2023,2,Region 4,Fentanyl,12 month-ending,02/28/2023,18204,
01/04/2026,2023,3,Region 4,Fentanyl,12 month-ending,03/31/2023,18177,
01/04/2026,2023,4,Region 4,Fentanyl,12 month-ending,04/30/2023,18203,
01/04/2026,2023,5,Region 4,Fentanyl,12 month-ending,05/31/2023,18325,
01/04/2026,2023,6,Region 4,Fentanyl,12 month-ending,06/30/2023,18302,
01/04/2026,2023,7,Region 4,Fentanyl,12 month-ending,07/31/2023,18150,
01/04/2026,2023,8,Region 4,Fentanyl,12 month-ending,08/31/2023,18080,
01/04/2026,2023,9,Region 4,Fentanyl,12 month-ending,09/30/2023,17953,
01/04/2026,2023,10,Region 4,Fentanyl,12 month-ending,10/31/2023,17730,
01/04/2026,2023,11,Region 4,Fentanyl,12 month-ending,11/30/2023,17506,
01/04/2026,2023,12,Region 4,Fentanyl,12 month-ending,12/31/2023,17284,
01/04/2026,2024,1,Region 4,Fentanyl,12 month-ending,01/31/2024,16998,
01/04/2026,2024,2,Region 4,Fentanyl,12 month-ending,02/29/2024,16650,
01/04/2026,2024,3,Region 4,Fentanyl,12 month-ending,03/31/2024,16134,
01/04/2026,2024,4,Region 4,Fentanyl,12 month-ending,04/30/2024,15620,
01/04/2026,2024,5,Region 4,Fentanyl,12 month-ending,05/31/2024,15036,
01/04/2026,2024,6,Region 4,Fentanyl,12 month-ending,06/30/2024,14509,
01/04/2026,2024,7,Region 4,Fentanyl,12 month-ending,07/31/2024,13919,
01/04/2026,2024,8,Region 4,Fentanyl,12 month-ending,08/31/2024,13203,
01/04/2026,2024,9,Region 4,Fentanyl,12 month-ending,09/30/2024,12521,
01/04/2026,2024,10,Region 4,Fentanyl,12 month-ending,10/31/2024,11868,
01/04/2026,2024,11,Region 4,Fentanyl,12 month-ending,11/30/2024,11243,
01/04/2026,2024,12,Region 4,Fentanyl,12 month-ending,12/31/2024,10628,
01/04/2026,2025,1,Region 4,Fentanyl,12 month-ending,01/31/2025,10090,
01/04/2026,2025,2,Region 4,Fentanyl,12 month-ending,02/28/2025,9531,
01/04/2026,2025,3,Region 4,Fentanyl,12 month-ending,03/31/2025,9189,
01/04/2026,2025,4,Region 4,Fentanyl,12 month-ending,04/30/2025,8809,
01/04/2026,2025,5,Region 4,Fentanyl,12 month-ending,05/31/2025,8454,
01/04/2026,2025,6,Region 4,Fentanyl,12 month-ending,06/30/2025,8109,
01/04/2026,2019,1,Region 5,Fentanyl,12 month-ending,01/31/2019,7207,
01/04/2026,2019,2,Region 5,Fentanyl,12 month-ending,02/28/2019,7187,
01/04/2026,2019,3,Region 5,Fentanyl,12 month-ending,03/31/2019,7240,
01/04/2026,2019,4,Region 5,Fentanyl,12 month-ending,04/30/2019,7297,
01/04/2026,2019,5,Region 5,Fentanyl,12 month-ending,05/31/2019,7450,
01/04/2026,2019,6,Region 5,Fentanyl,12 month-ending,06/30/2019,7479,
01/04/2026,2019,7,Region 5,Fentanyl,12 month-ending,07/31/2019,7506,
01/04/2026,2019,8,Region 5,Fentanyl,12 month-ending,08/31/2019,7554,
01/04/2026,2019,9,Region 5,Fentanyl,12 month-ending,09/30/2019,7640,
01/04/2026,2019,10,Region 5,Fentanyl,12 month-ending,10/31/2019,7747,
01/04/2026,2019,11,Region 5,Fentanyl,12 month-ending,11/30/2019,7974,
01/04/2026,2019,12,Region 5,Fentanyl,12 month-ending,12/31/2019,8069,
01/04/2026,2020,1,Region 5,Fentanyl,12 month-ending,01/31/2020,8230,
01/04/2026,2020,2,Region 5,Fentanyl,12 month-ending,02/29/2020,8483,
01/04/2026,2020,3,Region 5,Fentanyl,12 month-ending,03/31/2020,8593,
01/04/2026,2020,4,Region 5,Fentanyl,12 month-ending,04/30/2020,8972,
01/04/2026,2020,5,Region 5,Fentanyl,12 month-ending,05/31/2020,9654,
01/04/2026,2020,6,Region 5,Fentanyl,12 month-ending,06/30/2020,10173,
01/04/2026,2020,7,Region 5,Fentanyl,12 month-ending,07/31/2020,10475,
01/04/2026,2020,8,Region 5,Fentanyl,12 month-ending,08/31/2020,10741,
01/04/2026,2020,9,Region 5,Fentanyl,12 month-ending,09/30/2020,11021,
01/04/2026,2020,10,Region 5,Fentanyl,12 month-ending,10/31/2020,11239,
01/04/2026,2020,11,Region 5,Fentanyl,12 month-ending,11/30/2020,11372,
01/04/2026,2020,12,Region 5,Fentanyl,12 month-ending,12/31/2020,11624,
01/04/2026,2021,1,Region 5,Fentanyl,12 month-ending,01/31/2021,11907,
01/04/2026,2021,2,Region 5,Fentanyl,12 month-ending,02/28/2021,11995,
01/04/2026,2021,3,Region 5,Fentanyl,12 month-ending,03/31/2021,12398,
01/04/2026,2021,4,Region 5,Fentanyl,12 month-ending,04/30/2021,12652,
01/04/2026,2021,5,Region 5,Fentanyl,12 month-ending,05/31/2021,12406,
01/04/2026,2021,6,Region 5,Fentanyl,12 month-ending,06/30/2021,12306,
01/04/2026,2021,7,Region 5,Fentanyl,12 month-ending,07/31/2021,12476,
01/04/2026,2021,8,Region 5,Fentanyl,12 month-ending,08/31/2021,12686,
01/04/2026,2021,9,Region 5,Fentanyl,12 month-ending,09/30/2021,12818,
01/04/2026,2021,10,Region 5,Fentanyl,12 month-ending,10/31/2021,12971,
01/04/2026,2021,11,Region 5,Fentanyl,12 month-ending,11/30/2021,13156,
01/04/2026,2021,12,Region 5,Fentanyl,12 month-ending,12/31/2021,13277,
01/04/2026,2022,1,Region 5,Fentanyl,12 month-ending,01/31/2022,13459,
01/04/2026,2022,2,Region 5,Fentanyl,12 month-ending,02/28/2022,13639,
01/04/2026,2022,3,Region 5,Fentanyl,12 month-ending,03/31/2022,13571,
01/04/2026,2022,4,Region 5,Fentanyl,12 month-ending,04/30/2022,13340,
01/04/2026,2022,5,Region 5,Fentanyl,12 month-ending,05/31/2022,13248,
01/04/2026,2022,6,Region 5,Fentanyl,12 month-ending,06/30/2022,13261,
01/04/2026,2022,7,Region 5,Fentanyl,12 month-ending,07/31/2022,13213,
01/04/2026,2022,8,Region 5,Fentanyl,12 month-ending,08/31/2022,13217,
01/04/2026,2022,9,Region 5,Fentanyl,12 month-ending,09/30/2022,13137,
01/04/2026,2022,10,Region 5,Fentanyl,12 month-ending,10/31/2022,13231,
01/04/2026,2022,11,Region 5,Fentanyl,12 month-ending,11/30/2022,13244,
01/04/2026,2022,12,Region 5,Fentanyl,12 month-ending,12/31/2022,13297,
01/04/2026,2023,1,Region 5,Fentanyl,12 month-ending,01/31/2023,13231,
01/04/2026,2023,2,Region 5,Fentanyl,12 month-ending,02/28/2023,13222,
01/04/2026,2023,3,Region 5,Fentanyl,12 month-ending,03/31/2023,13233,
01/04/2026,2023,4,Region 5,Fentanyl,12 month-ending,04/30/2023,13299,
01/04/2026,2023,5,Region 5,Fentanyl,12 month-ending,05/31/2023,13336,
01/04/2026,2023,6,Region 5,Fentanyl,12 month-ending,06/30/2023,13303,
01/04/2026,2023,7,Region 5,Fentanyl,12 month-ending,07/31/2023,13206,
01/04/2026,2023,8,Region 5,Fentanyl,12 month-ending,08/31/2023,13109,
01/04/2026,2023,9,Region 5,Fentanyl,12 month-ending,09/30/2023,13020,
01/04/2026,2023,10,Region 5,Fentanyl,12 month-ending,10/31/2023,12750,
01/04/2026,2023,11,Region 5,Fentanyl,12 month-ending,11/30/2023,12447,
01/04/2026,2023,12,Region 5,Fentanyl,12 month-ending,12/31/2023,12143,
01/04/2026,2024,1,Region 5,Fentanyl,12 month-ending,01/31/2024,11791,
01/04/2026,2024,2,Region 5,Fentanyl,12 month-ending,02/29/2024,11442,
01/04/2026,2024,3,Region 5,Fentanyl,12 month-ending,03/31/2024,11024,
01/04/2026,2024,4,Region 5,Fentanyl,12 month-ending,04/30/2024,10629,
01/04/2026,2024,5,Region 5,Fentanyl,12 month-ending,05/31/2024,10189,
01/04/2026,2024,6,Region 5,Fentanyl,12 month-ending,06/30/2024,9769,
01/04/2026,2024,7,Region 5,Fentanyl,12 month-ending,07/31/2024,9338,
01/04/2026,2024,8,Region 5,Fentanyl,12 month-ending,08/31/2024,8889,
01/04/2026,2024,9,Region 5,Fentanyl,12 month-ending,09/30/2024,8437,
01/04/2026,2024,10,Region 5,Fentanyl,12 month-ending,10/31/2024,7997,
01/04/2026,2024,11,Region 5,Fentanyl,12 month-ending,11/30/2024,7596,
01/04/2026,2024,12,Region 5,Fentanyl,12 month-ending,12/31/2024,7169,
01/04/2026,2025,1,Region 5,Fentanyl,12 month-ending,01/31/2025,6846,
01/04/2026,2025,2,Region 5,Fentanyl,12 month-ending,02/28/2025,6630,
01/04/2026,2025,3,Region 5,Fentanyl,12 month-ending,03/31/2025,6392,
01/04/2026,2025,4,Region 5,Fentanyl,12 month-ending,04/30/2025,6136,
01/04/2026,2025,5,Region 5,Fentanyl,12 month-ending,05/31/2025,5895,
01/04/2026,2025,6,Region 5,Fentanyl,12 month-ending,06/30/2025,5735,
01/04/2026,2019,1,Region 6,Fentanyl,12 month-ending,01/31/2019,626,
01/04/2026,2019,2,Region 6,Fentanyl,12 month-ending,02/28/2019,652,
01/04/2026,2019,3,Region 6,Fentanyl,12 month-ending,03/31/2019,638,
01/04/2026,2019,4,Region 6,Fentanyl,12 month-ending,04/30/2019,642,
01/04/2026,2019,5,Region 6,Fentanyl,12 month-ending,05/31/2019,647,
01/04/2026,2019,6,Region 6,Fentanyl,12 month-ending,06/30/2019,650,
01/04/2026,2019,7,Region 6,Fentanyl,12 month-ending,07/31/2019,687,
01/04/2026,2019,8,Region 6,Fentanyl,12 month-ending,08/31/2019,715,
01/04/2026,2019,9,Region 6,Fentanyl,12 month-ending,09/30/2019,760,
01/04/2026,2019,10,Region 6,Fentanyl,12 month-ending,10/31/2019,822,
01/04/2026,2019,11,Region 6,Fentanyl,12 month-ending,11/30/2019,876,
01/04/2026,2019,12,Region 6,Fentanyl,12 month-ending,12/31/2019,901,
01/04/2026,2020,1,Region 6,Fentanyl,12 month-ending,01/31/2020,965,
01/04/2026,2020,2,Region 6,Fentanyl,12 month-ending,02/29/2020,1002,
01/04/2026,2020,3,Region 6,Fentanyl,12 month-ending,03/31/2020,1097,
01/04/2026,2020,4,Region 6,Fentanyl,12 month-ending,04/30/2020,1217,
01/04/2026,2020,5,Region 6,Fentanyl,12 month-ending,05/31/2020,1381,
01/04/2026,2020,6,Region 6,Fentanyl,12 month-ending,06/30/2020,1550,
01/04/2026,2020,7,Region 6,Fentanyl,12 month-ending,07/31/2020,1686,
01/04/2026,2020,8,Region 6,Fentanyl,12 month-ending,08/31/2020,1841,
01/04/2026,2020,9,Region 6,Fentanyl,12 month-ending,09/30/2020,1950,
01/04/2026,2020,10,Region 6,Fentanyl,12 month-ending,10/31/2020,2033,
01/04/2026,2020,11,Region 6,Fentanyl,12 month-ending,11/30/2020,2126,
01/04/2026,2020,12,Region 6,Fentanyl,12 month-ending,12/31/2020,2264,
01/04/2026,2021,1,Region 6,Fentanyl,12 month-ending,01/31/2021,2425,
01/04/2026,2021,2,Region 6,Fentanyl,12 month-ending,02/28/2021,2604,
01/04/2026,2021,3,Region 6,Fentanyl,12 month-ending,03/31/2021,2848,
01/04/2026,2021,4,Region 6,Fentanyl,12 month-ending,04/30/2021,3027,
01/04/2026,2021,5,Region 6,Fentanyl,12 month-ending,05/31/2021,3168,
01/04/2026,2021,6,Region 6,Fentanyl,12 month-ending,06/30/2021,3277,
01/04/2026,2021,7,Region 6,Fentanyl,12 month-ending,07/31/2021,3427,
01/04/2026,2021,8,Region 6,Fentanyl,12 month-ending,08/31/2021,3544,
01/04/2026,2021,9,Region 6,Fentanyl,12 month-ending,09/30/2021,3692,
01/04/2026,2021,10,Region 6,Fentanyl,12 month-ending,10/31/2021,3829,
01/04/2026,2021,11,Region 6,Fentanyl,12 month-ending,11/30/2021,3981,
01/04/2026,2021,12,Region 6,Fentanyl,12 month-ending,12/31/2021,4106,
01/04/2026,2022,1,Region 6,Fentanyl,12 month-ending,01/31/2022,4204,
01/04/2026,2022,2,Region 6,Fentanyl,12 month-ending,02/28/2022,4361,
01/04/2026,2022,3,Region 6,Fentanyl,12 month-ending,03/31/2022,4405,
01/04/2026,2022,4,Region 6,Fentanyl,12 month-ending,04/30/2022,4465,
01/04/2026,2022,5,Region 6,Fentanyl,12 month-ending,05/31/2022,4525,
01/04/2026,2022,6,Region 6,Fentanyl,12 month-ending,06/30/2022,4580,
01/04/2026,2022,7,Region 6,Fentanyl,12 month-ending,07/31/2022,4628,
01/04/2026,2022,8,Region 6,Fentanyl,12 month-ending,08/31/2022,4677,
01/04/2026,2022,9,Region 6,Fentanyl,12 month-ending,09/30/2022,4735,
01/04/2026,2022,10,Region 6,Fentanyl,12 month-ending,10/31/2022,4882,
01/04/2026,2022,11,Region 6,Fentanyl,12 month-ending,11/30/2022,4917,
01/04/2026,2022,12,Region 6,Fentanyl,12 month-ending,12/31/2022,5028,
01/04/2026,2023,1,Region 6,Fentanyl,12 month-ending,01/31/2023,5055,
01/04/2026,2023,2,Region 6,Fentanyl,12 month-ending,02/28/2023,5039,
01/04/2026,2023,3,Region 6,Fentanyl,12 month-ending,03/31/2023,5073,
01/04/2026,2023,4,Region 6,Fentanyl,12 month-ending,04/30/2023,5133,
01/04/2026,2023,5,Region 6,Fentanyl,12 month-ending,05/31/2023,5157,
01/04/2026,2023,6,Region 6,Fentanyl,12 month-ending,06/30/2023,5206,
01/04/2026,2023,7,Region 6,Fentanyl,12 month-ending,07/31/2023,5225,
01/04/2026,2023,8,Region 6,Fentanyl,12 month-ending,08/31/2023,5253,
01/04/2026,2023,9,Region 6,Fentanyl,12 month-ending,09/30/2023,5230,
01/04/2026,2023,10,Region 6,Fentanyl,12 month-ending,10/31/2023,5150,
01/04/2026,2023,11,Region 6,Fentanyl,12 month-ending,11/30/2023,5154,
01/04/2026,2023,12,Region 6,Fentanyl,12 month-ending,12/31/2023,5052,
01/04/2026,2024,1,Region 6,Fentanyl,12 month-ending,01/31/2024,5014,
01/04/2026,2024,2,Region 6,Fentanyl,12 month-ending,02/29/2024,4950,
01/04/2026,2024,3,Region 6,Fentanyl,12 month-ending,03/31/2024,4844,
01/04/2026,2024,4,Region 6,Fentanyl,12 month-ending,04/30/2024,4719,
01/04/2026,2024,5,Region 6,Fentanyl,12 month-ending,05/31/2024,4592,
01/04/2026,2024,6,Region 6,Fentanyl,12 month-ending,06/30/2024,4465,
01/04/2026,2024,7,Region 6,Fentanyl,12 month-ending,07/31/2024,4308,
01/04/2026,2024,8,Region 6,Fentanyl,12 month-ending,08/31/2024,4136,
01/04/2026,2024,9,Region 6,Fentanyl,12 month-ending,09/30/2024,3950,
01/04/2026,2024,10,Region 6,Fentanyl,12 month-ending,10/31/2024,3783,
01/04/2026,2024,11,Region 6,Fentanyl,12 month-ending,11/30/2024,3577,
01/04/2026,2024,12,Region 6,Fentanyl,12 month-ending,12/31/2024,3431,
01/04/2026,2025,1,Region 6,Fentanyl,12 month-ending,01/31/2025,3279,
01/04/2026,2025,2,Region 6,Fentanyl,12 month-ending,02/28/2025,3097,
01/04/2026,2025,3,Region 6,Fentanyl,12 month-ending,03/31/2025,2974,
01/04/2026,2025,4,Region 6,Fentanyl,12 month-ending,04/30/2025,2857,
01/04/2026,2025,5,Region 6,Fentanyl,12 month-ending,05/31/2025,2815,
01/04/2026,2025,6,Region 6,Fentanyl,12 month-ending,06/30/2025,2744,
01/04/2026,2019,1,Region 7,Fentanyl,12 month-ending,01/31/2019,1007,
01/04/2026,2019,2,Region 7,Fentanyl,12 month-ending,02/28/2019,1001,
01/04/2026,2019,3,Region 7,Fentanyl,12 month-ending,03/31/2019,998,
01/04/2026,2019,4,Region 7,Fentanyl,12 month-ending,04/30/2019,987,
01/04/2026,2019,5,Region 7,Fentanyl,12 month-ending,05/31/2019,985,
01/04/2026,2019,6,Region 7,Fentanyl,12 month-ending,06/30/2019,959,
01/04/2026,2019,7,Region 7,Fentanyl,12 month-ending,07/31/2019,955,
01/04/2026,2019,8,Region 7,Fentanyl,12 month-ending,08/31/2019,985,
01/04/2026,2019,9,Region 7,Fentanyl,12 month-ending,09/30/2019,1004,
01/04/2026,2019,10,Region 7,Fentanyl,12 month-ending,10/31/2019,1016,
01/04/2026,2019,11,Region 7,Fentanyl,12 month-ending,11/30/2019,1035,
01/04/2026,2019,12,Region 7,Fentanyl,12 month-ending,12/31/2019,1056,
01/04/2026,2020,1,Region 7,Fentanyl,12 month-ending,01/31/2020,1074,
01/04/2026,2020,2,Region 7,Fentanyl,12 month-ending,02/29/2020,1121,
01/04/2026,2020,3,Region 7,Fentanyl,12 month-ending,03/31/2020,1165,
01/04/2026,2020,4,Region 7,Fentanyl,12 month-ending,04/30/2020,1257,
01/04/2026,2020,5,Region 7,Fentanyl,12 month-ending,05/31/2020,1356,
01/04/2026,2020,6,Region 7,Fentanyl,12 month-ending,06/30/2020,1436,
01/04/2026,2020,7,Region 7,Fentanyl,12 month-ending,07/31/2020,1503,
01/04/2026,2020,8,Region 7,Fentanyl,12 month-ending,08/31/2020,1526,
01/04/2026,2020,9,Region 7,Fentanyl,12 month-ending,09/30/2020,1532,
01/04/2026,2020,10,Region 7,Fentanyl,12 month-ending,10/31/2020,1563,
01/04/2026,2020,11,Region 7,Fentanyl,12 month-ending,11/30/2020,1579,
01/04/2026,2020,12,Region 7,Fentanyl,12 month-ending,12/31/2020,1613,
01/04/2026,2021,1,Region 7,Fentanyl,12 month-ending,01/31/2021,1655,
01/04/2026,2021,2,Region 7,Fentanyl,12 month-ending,02/28/2021,1687,
01/04/2026,2021,3,Region 7,Fentanyl,12 month-ending,03/31/2021,1752,
01/04/2026,2021,4,Region 7,Fentanyl,12 month-ending,04/30/2021,1792,
01/04/2026,2021,5,Region 7,Fentanyl,12 month-ending,05/31/2021,1819,
01/04/2026,2021,6,Region 7,Fentanyl,12 month-ending,06/30/2021,1856,
01/04/2026,2021,7,Region 7,Fentanyl,12 month-ending,07/31/2021,1891,
01/04/2026,2021,8,Region 7,Fentanyl,12 month-ending,08/31/2021,1972,
01/04/2026,2021,9,Region 7,Fentanyl,12 month-ending,09/30/2021,2024,
01/04/2026,2021,10,Region 7,Fentanyl,12 month-ending,10/31/2021,2050,
01/04/2026,2021,11,Region 7,Fentanyl,12 month-ending,11/30/2021,2080,
01/04/2026,2021,12,Region 7,Fentanyl,12 month-ending,12/31/2021,2111,
01/04/2026,2022,1,Region 7,Fentanyl,12 month-ending,01/31/2022,2138,
01/04/2026,2022,2,Region 7,Fentanyl,12 month-ending,02/28/2022,2158,
01/04/2026,2022,3,Region 7,Fentanyl,12 month-ending,03/31/2022,2156,
01/04/2026,2022,4,Region 7,Fentanyl,12 month-ending,04/30/2022,2149,
01/04/2026,2022,5,Region 7,Fentanyl,12 month-ending,05/31/2022,2115,
01/04/2026,2022,6,Region 7,Fentanyl,12 month-ending,06/30/2022,2123,
01/04/2026,2022,7,Region 7,Fentanyl,12 month-ending,07/31/2022,2121,
01/04/2026,2022,8,Region 7,Fentanyl,12 month-ending,08/31/2022,2105,
01/04/2026,2022,9,Region 7,Fentanyl,12 month-ending,09/30/2022,2125,
01/04/2026,2022,10,Region 7,Fentanyl,12 month-ending,10/31/2022,2145,
01/04/2026,2022,11,Region 7,Fentanyl,12 month-ending,11/30/2022,2187,
01/04/2026,2022,12,Region 7,Fentanyl,12 month-ending,12/31/2022,2200,
01/04/2026,2023,1,Region 7,Fentanyl,12 month-ending,01/31/2023,2213,
01/04/2026,2023,2,Region 7,Fentanyl,12 month-ending,02/28/2023,2205,
01/04/2026,2023,3,Region 7,Fentanyl,12 month-ending,03/31/2023,2237,
01/04/2026,2023,4,Region 7,Fentanyl,12 month-ending,04/30/2023,2225,
01/04/2026,2023,5,Region 7,Fentanyl,12 month-ending,05/31/2023,2221,
01/04/2026,2023,6,Region 7,Fentanyl,12 month-ending,06/30/2023,2194,
01/04/2026,2023,7,Region 7,Fentanyl,12 month-ending,07/31/2023,2167,
01/04/2026,2023,8,Region 7,Fentanyl,12 month-ending,08/31/2023,2135,
01/04/2026,2023,9,Region 7,Fentanyl,12 month-ending,09/30/2023,2097,
01/04/2026,2023,10,Region 7,Fentanyl,12 month-ending,10/31/2023,2070,
01/04/2026,2023,11,Region 7,Fentanyl,12 month-ending,11/30/2023,2022,
01/04/2026,2023,12,Region 7,Fentanyl,12 month-ending,12/31/2023,1966,
01/04/2026,2024,1,Region 7,Fentanyl,12 month-ending,01/31/2024,1916,
01/04/2026,2024,2,Region 7,Fentanyl,12 month-ending,02/29/2024,1892,
01/04/2026,2024,3,Region 7,Fentanyl,12 month-ending,03/31/2024,1802,
01/04/2026,2024,4,Region 7,Fentanyl,12 month-ending,04/30/2024,1749,
01/04/2026,2024,5,Region 7,Fentanyl,12 month-ending,05/31/2024,1693,
01/04/2026,2024,6,Region 7,Fentanyl,12 month-ending,06/30/2024,1640,
01/04/2026,2024,7,Region 7,Fentanyl,12 month-ending,07/31/2024,1585,
01/04/2026,2024,8,Region 7,Fentanyl,12 month-ending,08/31/2024,1505,
01/04/2026,2024,9,Region 7,Fentanyl,12 month-ending,09/30/2024,1430,
01/04/2026,2024,10,Region 7,Fentanyl,12 month-ending,10/31/2024,1351,
01/04/2026,2024,11,Region 7,Fentanyl,12 month-ending,11/30/2024,1295,
01/04/2026,2024,12,Region 7,Fentanyl,12 month-ending,12/31/2024,1268,
01/04/2026,2025,1,Region 7,Fentanyl,12 month-ending,01/31/2025,1225,
01/04/2026,2025,2,Region 7,Fentanyl,12 month-ending,02/28/2025,1178,
01/04/2026,2025,3,Region 7,Fentanyl,12 month-ending,03/31/2025,1145,
01/04/2026,2025,4,Region 7,Fentanyl,12 month-ending,04/30/2025,1103,
01/04/2026,2025,5,Region 7,Fentanyl,12 month-ending,05/31/2025,1068,
01/04/2026,2025,6,Region 7,Fentanyl,12 month-ending,06/30/2025,1049,
01/04/2026,2019,1,Region 8,Fentanyl,12 month-ending,01/31/2019,200,
01/04/2026,2019,2,Region 8,Fentanyl,12 month-ending,02/28/2019,213,
01/04/2026,2019,3,Region 8,Fentanyl,12 month-ending,03/31/2019,215,
01/04/2026,2019,4,Region 8,Fentanyl,12 month-ending,04/30/2019,231,
01/04/2026,2019,5,Region 8,Fentanyl,12 month-ending,05/31/2019,230,
01/04/2026,2019,6,Region 8,Fentanyl,12 month-ending,06/30/2019,234,
01/04/2026,2019,7,Region 8,Fentanyl,12 month-ending,07/31/2019,256,
01/04/2026,2019,8,Region 8,Fentanyl,12 month-ending,08/31/2019,277,
01/04/2026,2019,9,Region 8,Fentanyl,12 month-ending,09/30/2019,287,
01/04/2026,2019,10,Region 8,Fentanyl,12 month-ending,10/31/2019,296,
01/04/2026,2019,11,Region 8,Fentanyl,12 month-ending,11/30/2019,312,
01/04/2026,2019,12,Region 8,Fentanyl,12 month-ending,12/31/2019,352,
01/04/2026,2020,1,Region 8,Fentanyl,12 month-ending,01/31/2020,373,
01/04/2026,2020,2,Region 8,Fentanyl,12 month-ending,02/29/2020,406,
01/04/2026,2020,3,Region 8,Fentanyl,12 month-ending,03/31/2020,435,
01/04/2026,2020,4,Region 8,Fentanyl,12 month-ending,04/30/2020,476,
01/04/2026,2020,5,Region 8,Fentanyl,12 month-ending,05/31/2020,537,
01/04/2026,2020,6,Region 8,Fentanyl,12 month-ending,06/30/2020,577,
01/04/2026,2020,7,Region 8,Fentanyl,12 month-ending,07/31/2020,620,
01/04/2026,2020,8,Region 8,Fentanyl,12 month-ending,08/31/2020,668,
01/04/2026,2020,9,Region 8,Fentanyl,12 month-ending,09/30/2020,715,
01/04/2026,2020,10,Region 8,Fentanyl,12 month-ending,10/31/2020,745,
01/04/2026,2020,11,Region 8,Fentanyl,12 month-ending,11/30/2020,777,
01/04/2026,2020,12,Region 8,Fentanyl,12 month-ending,12/31/2020,786,
01/04/2026,2021,1,Region 8,Fentanyl,12 month-ending,01/31/2021,829,
01/04/2026,2021,2,Region 8,Fentanyl,12 month-ending,02/28/2021,844,
01/04/2026,2021,3,Region 8,Fentanyl,12 month-ending,03/31/2021,880,
01/04/2026,2021,4,Region 8,Fentanyl,12 month-ending,04/30/2021,925,
01/04/2026,2021,5,Region 8,Fentanyl,12 month-ending,05/31/2021,957,
01/04/2026,2021,6,Region 8,Fentanyl,12 month-ending,06/30/2021,1017,
01/04/2026,2021,7,Region 8,Fentanyl,12 month-ending,07/31/2021,1060,
01/04/2026,2021,8,Region 8,Fentanyl,12 month-ending,08/31/2021,1112,
01/04/2026,2021,9,Region 8,Fentanyl,12 month-ending,09/30/2021,1178,
01/04/2026,2021,10,Region 8,Fentanyl,12 month-ending,10/31/2021,1212,
01/04/2026,2021,11,Region 8,Fentanyl,12 month-ending,11/30/2021,1259,
01/04/2026,2021,12,Region 8,Fentanyl,12 month-ending,12/31/2021,1313,
01/04/2026,2022,1,Region 8,Fentanyl,12 month-ending,01/31/2022,1357,
01/04/2026,2022,2,Region 8,Fentanyl,12 month-ending,02/28/2022,1401,
01/04/2026,2022,3,Region 8,Fentanyl,12 month-ending,03/31/2022,1430,
01/04/2026,2022,4,Region 8,Fentanyl,12 month-ending,04/30/2022,1415,
01/04/2026,2022,5,Region 8,Fentanyl,12 month-ending,05/31/2022,1415,
01/04/2026,2022,6,Region 8,Fentanyl,12 month-ending,06/30/2022,1378,
01/04/2026,2022,7,Region 8,Fentanyl,12 month-ending,07/31/2022,1375,
01/04/2026,2022,8,Region 8,Fentanyl,12 month-ending,08/31/2022,1349,
01/04/2026,2022,9,Region 8,Fentanyl,12 month-ending,09/30/2022,1334,
01/04/2026,2022,10,Region 8,Fentanyl,12 month-ending,10/31/2022,1356,
01/04/2026,2022,11,Region 8,Fentanyl,12 month-ending,11/30/2022,1377,
01/04/2026,2022,12,Region 8,Fentanyl,12 month-ending,12/31/2022,1411,
01/04/2026,2023,1,Region 8,Fentanyl,12 month-ending,01/31/2023,1430,
01/04/2026,2023,2,Region 8,Fentanyl,12 month-ending,02/28/2023,1453,
01/04/2026,2023,3,Region 8,Fentanyl,12 month-ending,03/31/2023,1469,
01/04/2026,2023,4,Region 8,Fentanyl,12 month-ending,04/30/2023,1520,
01/04/2026,2023,5,Region 8,Fentanyl,12 month-ending,05/31/2023,1568,
01/04/2026,2023,6,Region 8,Fentanyl,12 month-ending,06/30/2023,1648,
01/04/2026,2023,7,Region 8,Fentanyl,12 month-ending,07/31/2023,1672,
01/04/2026,2023,8,Region 8,Fentanyl,12 month-ending,08/31/2023,1693,
01/04/2026,2023,9,Region 8,Fentanyl,12 month-ending,09/30/2023,1695,
01/04/2026,2023,10,Region 8,Fentanyl,12 month-ending,10/31/2023,1711,
01/04/2026,2023,11,Region 8,Fentanyl,12 month-ending,11/30/2023,1738,
01/04/2026,2023,12,Region 8,Fentanyl,12 month-ending,12/31/2023,1708,
01/04/2026,2024,1,Region 8,Fentanyl,12 month-ending,01/31/2024,1672,
01/04/2026,2024,2,Region 8,Fentanyl,12 month-ending,02/29/2024,1646,
01/04/2026,2024,3,Region 8,Fentanyl,12 month-ending,03/31/2024,1654,
01/04/2026,2024,4,Region 8,Fentanyl,12 month-ending,04/30/2024,1627,
01/04/2026,2024,5,Region 8,Fentanyl,12 month-ending,05/31/2024,1598,
01/04/2026,2024,6,Region 8,Fentanyl,12 month-ending,06/30/2024,1545,
01/04/2026,2024,7,Region 8,Fentanyl,12 month-ending,07/31/2024,1513,
01/04/2026,2024,8,Region 8,Fentanyl,12 month-ending,08/31/2024,1447,
01/04/2026,2024,9,Region 8,Fentanyl,12 month-ending,09/30/2024,1378,
01/04/2026,2024,10,Region 8,Fentanyl,12 month-ending,10/31/2024,1325,
01/04/2026,2024,11,Region 8,Fentanyl,12 month-ending,11/30/2024,1254,
01/04/2026,2024,12,Region 8,Fentanyl,12 month-ending,12/31/2024,1245,
01/04/2026,2025,1,Region 8,Fentanyl,12 month-ending,01/31/2025,1240,
01/04/2026,2025,2,Region 8,Fentanyl,12 month-ending,02/28/2025,1231,
01/04/2026,2025,3,Region 8,Fentanyl,12 month-ending,03/31/2025,1253,
01/04/2026,2025,4,Region 8,Fentanyl,12 month-ending,04/30/2025,1270,
01/04/2026,2025,5,Region 8,Fentanyl,12 month-ending,05/31/2025,1279,
01/04/2026,2025,6,Region 8,Fentanyl,12 month-ending,06/30/2025,1282,
01/04/2026,2019,1,Region 9,Fentanyl,12 month-ending,01/31/2019,1440,
01/04/2026,2019,2,Region 9,Fentanyl,12 month-ending,02/28/2019,1480,
01/04/2026,2019,3,Region 9,Fentanyl,12 month-ending,03/31/2019,1551,
01/04/2026,2019,4,Region 9,Fentanyl,12 month-ending,04/30/2019,1635,
01/04/2026,2019,5,Region 9,Fentanyl,12 month-ending,05/31/2019,1726,
01/04/2026,2019,6,Region 9,Fentanyl,12 month-ending,06/30/2019,1793,
01/04/2026,2019,7,Region 9,Fentanyl,12 month-ending,07/31/2019,1924,
01/04/2026,2019,8,Region 9,Fentanyl,12 month-ending,08/31/2019,2028,
01/04/2026,2019,9,Region 9,Fentanyl,12 month-ending,09/30/2019,2117,
01/04/2026,2019,10,Region 9,Fentanyl,12 month-ending,10/31/2019,2246,
01/04/2026,2019,11,Region 9,Fentanyl,12 month-ending,11/30/2019,2394,
01/04/2026,2019,12,Region 9,Fentanyl,12 month-ending,12/31/2019,2562,
01/04/2026,2020,1,Region 9,Fentanyl,12 month-ending,01/31/2020,2724,
01/04/2026,2020,2,Region 9,Fentanyl,12 month-ending,02/29/2020,2919,
01/04/2026,2020,3,Region 9,Fentanyl,12 month-ending,03/31/2020,3156,
01/04/2026,2020,4,Region 9,Fentanyl,12 month-ending,04/30/2020,3416,
01/04/2026,2020,5,Region 9,Fentanyl,12 month-ending,05/31/2020,3781,
01/04/2026,2020,6,Region 9,Fentanyl,12 month-ending,06/30/2020,4154,
01/04/2026,2020,7,Region 9,Fentanyl,12 month-ending,07/31/2020,4531,
01/04/2026,2020,8,Region 9,Fentanyl,12 month-ending,08/31/2020,4947,
01/04/2026,2020,9,Region 9,Fentanyl,12 month-ending,09/30/2020,5192,
01/04/2026,2020,10,Region 9,Fentanyl,12 month-ending,10/31/2020,5497,
01/04/2026,2020,11,Region 9,Fentanyl,12 month-ending,11/30/2020,5767,
01/04/2026,2020,12,Region 9,Fentanyl,12 month-ending,12/31/2020,6008,
01/04/2026,2021,1,Region 9,Fentanyl,12 month-ending,01/31/2021,6347,
01/04/2026,2021,2,Region 9,Fentanyl,12 month-ending,02/28/2021,6574,
01/04/2026,2021,3,Region 9,Fentanyl,12 month-ending,03/31/2021,6856,
01/04/2026,2021,4,Region 9,Fentanyl,12 month-ending,04/30/2021,7123,
01/04/2026,2021,5,Region 9,Fentanyl,12 month-ending,05/31/2021,7315,
01/04/2026,2021,6,Region 9,Fentanyl,12 month-ending,06/30/2021,7525,
01/04/2026,2021,7,Region 9,Fentanyl,12 month-ending,07/31/2021,7655,
01/04/2026,2021,8,Region 9,Fentanyl,12 month-ending,08/31/2021,7770,
01/04/2026,2021,9,Region 9,Fentanyl,12 month-ending,09/30/2021,8012,
01/04/2026,2021,10,Region 9,Fentanyl,12 month-ending,10/31/2021,8211,
01/04/2026,2021,11,Region 9,Fentanyl,12 month-ending,11/30/2021,8350,
01/04/2026,2021,12,Region 9,Fentanyl,12 month-ending,12/31/2021,8506,
01/04/2026,2022,1,Region 9,Fentanyl,12 month-ending,01/31/2022,8521,
01/04/2026,2022,2,Region 9,Fentanyl,12 month-ending,02/28/2022,8657,
01/04/2026,2022,3,Region 9,Fentanyl,12 month-ending,03/31/2022,8688,
01/04/2026,2022,4,Region 9,Fentanyl,12 month-ending,04/30/2022,8709,
01/04/2026,2022,5,Region 9,Fentanyl,12 month-ending,05/31/2022,8712,
01/04/2026,2022,6,Region 9,Fentanyl,12 month-ending,06/30/2022,8688,
01/04/2026,2022,7,Region 9,Fentanyl,12 month-ending,07/31/2022,8778,
01/04/2026,2022,8,Region 9,Fentanyl,12 month-ending,08/31/2022,8771,
01/04/2026,2022,9,Region 9,Fentanyl,12 month-ending,09/30/2022,8832,
01/04/2026,2022,10,Region 9,Fentanyl,12 month-ending,10/31/2022,8862,
01/04/2026,2022,11,Region 9,Fentanyl,12 month-ending,11/30/2022,8936,
01/04/2026,2022,12,Region 9,Fentanyl,12 month-ending,12/31/2022,9054,
01/04/2026,2023,1,Region 9,Fentanyl,12 month-ending,01/31/2023,9215,
01/04/2026,2023,2,Region 9,Fentanyl,12 month-ending,02/28/2023,9251,
01/04/2026,2023,3,Region 9,Fentanyl,12 month-ending,03/31/2023,9411,
01/04/2026,2023,4,Region 9,Fentanyl,12 month-ending,04/30/2023,9557,
01/04/2026,2023,5,Region 9,Fentanyl,12 month-ending,05/31/2023,9740,
01/04/2026,2023,6,Region 9,Fentanyl,12 month-ending,06/30/2023,9849,
01/04/2026,2023,7,Region 9,Fentanyl,12 month-ending,07/31/2023,10033,
01/04/2026,2023,8,Region 9,Fentanyl,12 month-ending,08/31/2023,10163,
01/04/2026,2023,9,Region 9,Fentanyl,12 month-ending,09/30/2023,10162,
01/04/2026,2023,10,Region 9,Fentanyl,12 month-ending,10/31/2023,10153,
01/04/2026,2023,11,Region 9,Fentanyl,12 month-ending,11/30/2023,10105,
01/04/2026,2023,12,Region 9,Fentanyl,12 month-ending,12/31/2023,10019,
01/04/2026,2024,1,Region 9,Fentanyl,12 month-ending,01/31/2024,9918,
01/04/2026,2024,2,Region 9,Fentanyl,12 month-ending,02/29/2024,9813,
01/04/2026,2024,3,Region 9,Fentanyl,12 month-ending,03/31/2024,9631,
01/04/2026,2024,4,Region 9,Fentanyl,12 month-ending,04/30/2024,9401,
01/04/2026,2024,5,Region 9,Fentanyl,12 month-ending,05/31/2024,9135,
01/04/2026,2024,6,Region 9,Fentanyl,12 month-ending,06/30/2024,8971,
01/04/2026,2024,7,Region 9,Fentanyl,12 month-ending,07/31/2024,8539,
01/04/2026,2024,8,Region 9,Fentanyl,12 month-ending,08/31/2024,8166,
01/04/2026,2024,9,Region 9,Fentanyl,12 month-ending,09/30/2024,7818,
01/04/2026,2024,10,Region 9,Fentanyl,12 month-ending,10/31/2024,7548,
01/04/2026,2024,11,Region 9,Fentanyl,12 month-ending,11/30/2024,7346,
01/04/2026,2024,12,Region 9,Fentanyl,12 month-ending,12/31/2024,7208,
01/04/2026,2025,1,Region 9,Fentanyl,12 month-ending,01/31/2025,7106,
01/04/2026,2025,2,Region 9,Fentanyl,12 month-ending,02/28/2025,7097,
01/04/2026,2025,3,Region 9,Fentanyl,12 month-ending,03/31/2025,7069,
01/04/2026,2025,4,Region 9,Fentanyl,12 month-ending,04/30/2025,7047,
01/04/2026,2025,5,Region 9,Fentanyl,12 month-ending,05/31/2025,7015,
01/04/2026,2025,6,Region 9,Fentanyl,12 month-ending,06/30/2025,6896,
01/04/2026,2019,1,Region 10,Fentanyl,12 month-ending,01/31/2019,323,
01/04/2026,2019,2,Region 10,Fentanyl,12 month-ending,02/28/2019,325,
01/04/2026,2019,3,Region 10,Fentanyl,12 month-ending,03/31/2019,347,
01/04/2026,2019,4,Region 10,Fentanyl,12 month-ending,04/30/2019,345,
01/04/2026,2019,5,Region 10,Fentanyl,12 month-ending,05/31/2019,345,
01/04/2026,2019,6,Region 10,Fentanyl,12 month-ending,06/30/2019,348,
01/04/2026,2019,7,Region 10,Fentanyl,12 month-ending,07/31/2019,360,
01/04/2026,2019,8,Region 10,Fentanyl,12 month-ending,08/31/2019,358,
01/04/2026,2019,9,Region 10,Fentanyl,12 month-ending,09/30/2019,377,
01/04/2026,2019,10,Region 10,Fentanyl,12 month-ending,10/31/2019,389,
01/04/2026,2019,11,Region 10,Fentanyl,12 month-ending,11/30/2019,406,
01/04/2026,2019,12,Region 10,Fentanyl,12 month-ending,12/31/2019,420,
01/04/2026,2020,1,Region 10,Fentanyl,12 month-ending,01/31/2020,445,
01/04/2026,2020,2,Region 10,Fentanyl,12 month-ending,02/29/2020,454,
01/04/2026,2020,3,Region 10,Fentanyl,12 month-ending,03/31/2020,484,
01/04/2026,2020,4,Region 10,Fentanyl,12 month-ending,04/30/2020,557,
01/04/2026,2020,5,Region 10,Fentanyl,12 month-ending,05/31/2020,640,
01/04/2026,2020,6,Region 10,Fentanyl,12 month-ending,06/30/2020,688,
01/04/2026,2020,7,Region 10,Fentanyl,12 month-ending,07/31/2020,754,
01/04/2026,2020,8,Region 10,Fentanyl,12 month-ending,08/31/2020,808,
01/04/2026,2020,9,Region 10,Fentanyl,12 month-ending,09/30/2020,849,
01/04/2026,2020,10,Region 10,Fentanyl,12 month-ending,10/31/2020,880,
01/04/2026,2020,11,Region 10,Fentanyl,12 month-ending,11/30/2020,928,
01/04/2026,2020,12,Region 10,Fentanyl,12 month-ending,12/31/2020,976,
01/04/2026,2021,1,Region 10,Fentanyl,12 month-ending,01/31/2021,1040,
01/04/2026,2021,2,Region 10,Fentanyl,12 month-ending,02/28/2021,1084,
01/04/2026,2021,3,Region 10,Fentanyl,12 month-ending,03/31/2021,1180,
01/04/2026,2021,4,Region 10,Fentanyl,12 month-ending,04/30/2021,1241,
01/04/2026,2021,5,Region 10,Fentanyl,12 month-ending,05/31/2021,1320,
01/04/2026,2021,6,Region 10,Fentanyl,12 month-ending,06/30/2021,1405,
01/04/2026,2021,7,Region 10,Fentanyl,12 month-ending,07/31/2021,1497,
01/04/2026,2021,8,Region 10,Fentanyl,12 month-ending,08/31/2021,1608,
01/04/2026,2021,9,Region 10,Fentanyl,12 month-ending,09/30/2021,1721,
01/04/2026,2021,10,Region 10,Fentanyl,12 month-ending,10/31/2021,1846,
01/04/2026,2021,11,Region 10,Fentanyl,12 month-ending,11/30/2021,1925,
01/04/2026,2021,12,Region 10,Fentanyl,12 month-ending,12/31/2021,2002,
01/04/2026,2022,1,Region 10,Fentanyl,12 month-ending,01/31/2022,2086,
01/04/2026,2022,2,Region 10,Fentanyl,12 month-ending,02/28/2022,2207,
01/04/2026,2022,3,Region 10,Fentanyl,12 month-ending,03/31/2022,2262,
01/04/2026,2022,4,Region 10,Fentanyl,12 month-ending,04/30/2022,2297,
01/04/2026,2022,5,Region 10,Fentanyl,12 month-ending,05/31/2022,2333,
01/04/2026,2022,6,Region 10,Fentanyl,12 month-ending,06/30/2022,2400,
01/04/2026,2022,7,Region 10,Fentanyl,12 month-ending,07/31/2022,2469,
01/04/2026,2022,8,Region 10,Fentanyl,12 month-ending,08/31/2022,2560,
01/04/2026,2022,9,Region 10,Fentanyl,12 month-ending,09/30/2022,2596,
01/04/2026,2022,10,Region 10,Fentanyl,12 month-ending,10/31/2022,2663,
01/04/2026,2022,11,Region 10,Fentanyl,12 month-ending,11/30/2022,2811,
01/04/2026,2022,12,Region 10,Fentanyl,12 month-ending,12/31/2022,3048,
01/04/2026,2023,1,Region 10,Fentanyl,12 month-ending,01/31/2023,3214,
01/04/2026,2023,2,Region 10,Fentanyl,12 month-ending,02/28/2023,3298,
01/04/2026,2023,3,Region 10,Fentanyl,12 month-ending,03/31/2023,3460,
01/04/2026,2023,4,Region 10,Fentanyl,12 month-ending,04/30/2023,3637,
01/04/2026,2023,5,Region 10,Fentanyl,12 month-ending,05/31/2023,3787,
01/04/2026,2023,6,Region 10,Fentanyl,12 month-ending,06/30/2023,3912,
01/04/2026,2023,7,Region 10,Fentanyl,12 month-ending,07/31/2023,4086,
01/04/2026,2023,8,Region 10,Fentanyl,12 month-ending,08/31/2023,4165,
01/04/2026,2023,9,Region 10,Fentanyl,12 month-ending,09/30/2023,4323,
01/04/2026,2023,10,Region 10,Fentanyl,12 month-ending,10/31/2023,4427,
01/04/2026,2023,11,Region 10,Fentanyl,12 month-ending,11/30/2023,4454,
01/04/2026,2023,12,Region 10,Fentanyl,12 month-ending,12/31/2023,4442,
01/04/2026,2024,1,Region 10,Fentanyl,12 month-ending,01/31/2024,4463,
01/04/2026,2024,2,Region 10,Fentanyl,12 month-ending,02/29/2024,4543,
01/04/2026,2024,3,Region 10,Fentanyl,12 month-ending,03/31/2024,4536,
01/04/2026,2024,4,Region 10,Fentanyl,12 month-ending,04/30/2024,4511,
01/04/2026,2024,5,Region 10,Fentanyl,12 month-ending,05/31/2024,4500,
01/04/2026,2024,6,Region 10,Fentanyl,12 month-ending,06/30/2024,4436,
01/04/2026,2024,7,Region 10,Fentanyl,12 month-ending,07/31/2024,4245,
01/04/2026,2024,8,Region 10,Fentanyl,12 month-ending,08/31/2024,4066,
01/04/2026,2024,9,Region 10,Fentanyl,12 month-ending,09/30/2024,3891,
01/04/2026,2024,10,Region 10,Fentanyl,12 month-ending,10/31/2024,3771,
01/04/2026,2024,11,Region 10,Fentanyl,12 month-ending,11/30/2024,3760,
01/04/2026,2024,12,Region 10,Fentanyl,12 month-ending,12/31/2024,3693,
01/04/2026,2025,1,Region 10,Fentanyl,12 month-ending,01/31/2025,3662,
01/04/2026,2025,2,Region 10,Fentanyl,12 month-ending,02/28/2025,3623,
01/04/2026,2025,3,Region 10,Fentanyl,12 month-ending,03/31/2025,3638,
01/04/2026,2025,4,Region 10,Fentanyl,12 month-ending,04/30/2025,3630,
01/04/2026,2025,5,Region 10,Fentanyl,12 month-ending,05/31/2025,3521,
01/04/2026,2025,6,Region 10,Fentanyl,12 month-ending,06/30/2025,3416,
01/04/2026,2019,1,Region 1,Methamphetamine,12 month-ending,01/31/2019,114,
01/04/2026,2019,2,Region 1,Methamphetamine,12 month-ending,02/28/2019,115,
01/04/2026,2019,3,Region 1,Methamphetamine,12 month-ending,03/31/2019,124,
01/04/2026,2019,4,Region 1,Methamphetamine,12 month-ending,04/30/2019,125,
01/04/2026,2019,5,Region 1,Methamphetamine,12 month-ending,05/31/2019,130,
01/04/2026,2019,6,Region 1,Methamphetamine,12 month-ending,06/30/2019,137,
01/04/2026,2019,7,Region 1,Methamphetamine,12 month-ending,07/31/2019,146,
01/04/2026,2019,8,Region 1,Methamphetamine,12 month-ending,08/31/2019,150,
01/04/2026,2019,9,Region 1,Methamphetamine,12 month-ending,09/30/2019,153,
01/04/2026,2019,10,Region 1,Methamphetamine,12 month-ending,10/31/2019,165,
01/04/2026,2019,11,Region 1,Methamphetamine,12 month-ending,11/30/2019,170,
01/04/2026,2019,12,Region 1,Methamphetamine,12 month-ending,12/31/2019,173,
01/04/2026,2020,1,Region 1,Methamphetamine,12 month-ending,01/31/2020,177,
01/04/2026,2020,2,Region 1,Methamphetamine,12 month-ending,02/29/2020,179,
01/04/2026,2020,3,Region 1,Methamphetamine,12 month-ending,03/31/2020,189,
01/04/2026,2020,4,Region 1,Methamphetamine,12 month-ending,04/30/2020,196,
01/04/2026,2020,5,Region 1,Methamphetamine,12 month-ending,05/31/2020,211,
01/04/2026,2020,6,Region 1,Methamphetamine,12 month-ending,06/30/2020,222,
01/04/2026,2020,7,Region 1,Methamphetamine,12 month-ending,07/31/2020,233,
01/04/2026,2020,8,Region 1,Methamphetamine,12 month-ending,08/31/2020,250,
01/04/2026,2020,9,Region 1,Methamphetamine,12 month-ending,09/30/2020,264,
01/04/2026,2020,10,Region 1,Methamphetamine,12 month-ending,10/31/2020,262,
01/04/2026,2020,11,Region 1,Methamphetamine,12 month-ending,11/30/2020,276,
01/04/2026,2020,12,Region 1,Methamphetamine,12 month-ending,12/31/2020,297,
01/04/2026,2021,1,Region 1,Methamphetamine,12 month-ending,01/31/2021,324,
01/04/2026,2021,2,Region 1,Methamphetamine,12 month-ending,02/28/2021,329,
01/04/2026,2021,3,Region 1,Methamphetamine,12 month-ending,03/31/2021,349,
01/04/2026,2021,4,Region 1,Methamphetamine,12 month-ending,04/30/2021,371,
01/04/2026,2021,5,Region 1,Methamphetamine,12 month-ending,05/31/2021,387,
01/04/2026,2021,6,Region 1,Methamphetamine,12 month-ending,06/30/2021,388,
01/04/2026,2021,7,Region 1,Methamphetamine,12 month-ending,07/31/2021,404,
01/04/2026,2021,8,Region 1,Methamphetamine,12 month-ending,08/31/2021,405,
01/04/2026,2021,9,Region 1,Methamphetamine,12 month-ending,09/30/2021,415,
01/04/2026,2021,10,Region 1,Methamphetamine,12 month-ending,10/31/2021,438,
01/04/2026,2021,11,Region 1,Methamphetamine,12 month-ending,11/30/2021,442,
01/04/2026,2021,12,Region 1,Methamphetamine,12 month-ending,12/31/2021,450,
01/04/2026,2022,1,Region 1,Methamphetamine,12 month-ending,01/31/2022,441,
01/04/2026,2022,2,Region 1,Methamphetamine,12 month-ending,02/28/2022,454,
01/04/2026,2022,3,Region 1,Methamphetamine,12 month-ending,03/31/2022,457,
01/04/2026,2022,4,Region 1,Methamphetamine,12 month-ending,04/30/2022,468,
01/04/2026,2022,5,Region 1,Methamphetamine,12 month-ending,05/31/2022,462,
01/04/2026,2022,6,Region 1,Methamphetamine,12 month-ending,06/30/2022,476,
01/04/2026,2022,7,Region 1,Methamphetamine,12 month-ending,07/31/2022,475,
01/04/2026,2022,8,Region 1,Methamphetamine,12 month-ending,08/31/2022,490,
01/04/2026,2022,9,Region 1,Methamphetamine,12 month-ending,09/30/2022,490,
01/04/2026,2022,10,Region 1,Methamphetamine,12 month-ending,10/31/2022,489,
01/04/2026,2022,11,Region 1,Methamphetamine,12 month-ending,11/30/2022,502,
01/04/2026,2022,12,Region 1,Methamphetamine,12 month-ending,12/31/2022,505,
01/04/2026,2023,1,Region 1,Methamphetamine,12 month-ending,01/31/2023,516,
01/04/2026,2023,2,Region 1,Methamphetamine,12 month-ending,02/28/2023,525,
01/04/2026,2023,3,Region 1,Methamphetamine,12 month-ending,03/31/2023,500,
01/04/2026,2023,4,Region 1,Methamphetamine,12 month-ending,04/30/2023,487,
01/04/2026,2023,5,Region 1,Methamphetamine,12 month-ending,05/31/2023,478,
01/04/2026,2023,6,Region 1,Methamphetamine,12 month-ending,06/30/2023,476,
01/04/2026,2023,7,Region 1,Methamphetamine,12 month-ending,07/31/2023,474,
01/04/2026,2023,8,Region 1,Methamphetamine,12 month-ending,08/31/2023,452,
01/04/2026,2023,9,Region 1,Methamphetamine,12 month-ending,09/30/2023,454,
01/04/2026,2023,10,Region 1,Methamphetamine,12 month-ending,10/31/2023,445,
01/04/2026,2023,11,Region 1,Methamphetamine,12 month-ending,11/30/2023,430,
01/04/2026,2023,12,Region 1,Methamphetamine,12 month-ending,12/31/2023,426,
01/04/2026,2024,1,Region 1,Methamphetamine,12 month-ending,01/31/2024,422,
01/04/2026,2024,2,Region 1,Methamphetamine,12 month-ending,02/29/2024,420,
01/04/2026,2024,3,Region 1,Methamphetamine,12 month-ending,03/31/2024,438,
01/04/2026,2024,4,Region 1,Methamphetamine,12 month-ending,04/30/2024,427,
01/04/2026,2024,5,Region 1,Methamphetamine,12 month-ending,05/31/2024,428,
01/04/2026,2024,6,Region 1,Methamphetamine,12 month-ending,06/30/2024,425,
01/04/2026,2024,7,Region 1,Methamphetamine,12 month-ending,07/31/2024,411,
01/04/2026,2024,8,Region 1,Methamphetamine,12 month-ending,08/31/2024,403,
01/04/2026,2024,9,Region 1,Methamphetamine,12 month-ending,09/30/2024,399,
01/04/2026,2024,10,Region 1,Methamphetamine,12 month-ending,10/31/2024,396,
01/04/2026,2024,11,Region 1,Methamphetamine,12 month-ending,11/30/2024,382,
01/04/2026,2024,12,Region 1,Methamphetamine,12 month-ending,12/31/2024,371,
01/04/2026,2025,1,Region 1,Methamphetamine,12 month-ending,01/31/2025,362,
01/04/2026,2025,2,Region 1,Methamphetamine,12 month-ending,02/28/2025,348,
01/04/2026,2025,3,Region 1,Methamphetamine,12 month-ending,03/31/2025,329,
01/04/2026,2025,4,Region 1,Methamphetamine,12 month-ending,04/30/2025,324,
01/04/2026,2025,5,Region 1,Methamphetamine,12 month-ending,05/31/2025,321,
01/04/2026,2025,6,Region 1,Methamphetamine,12 month-ending,06/30/2025,311,
01/04/2026,2019,1,Region 2,Methamphetamine,12 month-ending,01/31/2019,164,
01/04/2026,2019,2,Region 2,Methamphetamine,12 month-ending,02/28/2019,166,
01/04/2026,2019,3,Region 2,Methamphetamine,12 month-ending,03/31/2019,171,
01/04/2026,2019,4,Region 2,Methamphetamine,12 month-ending,04/30/2019,163,
01/04/2026,2019,5,Region 2,Methamphetamine,12 month-ending,05/31/2019,172,
01/04/2026,2019,6,Region 2,Methamphetamine,12 month-ending,06/30/2019,180,
01/04/2026,2019,7,Region 2,Methamphetamine,12 month-ending,07/31/2019,195,
01/04/2026,2019,8,Region 2,Methamphetamine,12 month-ending,08/31/2019,212,
01/04/2026,2019,9,Region 2,Methamphetamine,12 month-ending,09/30/2019,217,
01/04/2026,2019,10,Region 2,Methamphetamine,12 month-ending,10/31/2019,236,
01/04/2026,2019,11,Region 2,Methamphetamine,12 month-ending,11/30/2019,246,
01/04/2026,2019,12,Region 2,Methamphetamine,12 month-ending,12/31/2019,267,
01/04/2026,2020,1,Region 2,Methamphetamine,12 month-ending,01/31/2020,282,
01/04/2026,2020,2,Region 2,Methamphetamine,12 month-ending,02/29/2020,295,
01/04/2026,2020,3,Region 2,Methamphetamine,12 month-ending,03/31/2020,327,
01/04/2026,2020,4,Region 2,Methamphetamine,12 month-ending,04/30/2020,342,
01/04/2026,2020,5,Region 2,Methamphetamine,12 month-ending,05/31/2020,370,
01/04/2026,2020,6,Region 2,Methamphetamine,12 month-ending,06/30/2020,375,
01/04/2026,2020,7,Region 2,Methamphetamine,12 month-ending,07/31/2020,405,
01/04/2026,2020,8,Region 2,Methamphetamine,12 month-ending,08/31/2020,417,
01/04/2026,2020,9,Region 2,Methamphetamine,12 month-ending,09/30/2020,441,
01/04/2026,2020,10,Region 2,Methamphetamine,12 month-ending,10/31/2020,446,
01/04/2026,2020,11,Region 2,Methamphetamine,12 month-ending,11/30/2020,460,
01/04/2026,2020,12,Region 2,Methamphetamine,12 month-ending,12/31/2020,467,
01/04/2026,2021,1,Region 2,Methamphetamine,12 month-ending,01/31/2021,486,
01/04/2026,2021,2,Region 2,Methamphetamine,12 month-ending,02/28/2021,500,
01/04/2026,2021,3,Region 2,Methamphetamine,12 month-ending,03/31/2021,516,
01/04/2026,2021,4,Region 2,Methamphetamine,12 month-ending,04/30/2021,548,
01/04/2026,2021,5,Region 2,Methamphetamine,12 month-ending,05/31/2021,556,
01/04/2026,2021,6,Region 2,Methamphetamine,12 month-ending,06/30/2021,588,
01/04/2026,2021,7,Region 2,Methamphetamine,12 month-ending,07/31/2021,591,
01/04/2026,2021,8,Region 2,Methamphetamine,12 month-ending,08/31/2021,615,
01/04/2026,2021,9,Region 2,Methamphetamine,12 month-ending,09/30/2021,620,
01/04/2026,2021,10,Region 2,Methamphetamine,12 month-ending,10/31/2021,642,
01/04/2026,2021,11,Region 2,Methamphetamine,12 month-ending,11/30/2021,648,
01/04/2026,2021,12,Region 2,Methamphetamine,12 month-ending,12/31/2021,662,
01/04/2026,2022,1,Region 2,Methamphetamine,12 month-ending,01/31/2022,687,
01/04/2026,2022,2,Region 2,Methamphetamine,12 month-ending,02/28/2022,689,
01/04/2026,2022,3,Region 2,Methamphetamine,12 month-ending,03/31/2022,679,
01/04/2026,2022,4,Region 2,Methamphetamine,12 month-ending,04/30/2022,676,
01/04/2026,2022,5,Region 2,Methamphetamine,12 month-ending,05/31/2022,675,
01/04/2026,2022,6,Region 2,Methamphetamine,12 month-ending,06/30/2022,686,
01/04/2026,2022,7,Region 2,Methamphetamine,12 month-ending,07/31/2022,689,
01/04/2026,2022,8,Region 2,Methamphetamine,12 month-ending,08/31/2022,685,
01/04/2026,2022,9,Region 2,Methamphetamine,12 month-ending,09/30/2022,697,
01/04/2026,2022,10,Region 2,Methamphetamine,12 month-ending,10/31/2022,715,
01/04/2026,2022,11,Region 2,Methamphetamine,12 month-ending,11/30/2022,743,
01/04/2026,2022,12,Region 2,Methamphetamine,12 month-ending,12/31/2022,764,
01/04/2026,2023,1,Region 2,Methamphetamine,12 month-ending,01/31/2023,762,
01/04/2026,2023,2,Region 2,Methamphetamine,12 month-ending,02/28/2023,773,
01/04/2026,2023,3,Region 2,Methamphetamine,12 month-ending,03/31/2023,784,
01/04/2026,2023,4,Region 2,Methamphetamine,12 month-ending,04/30/2023,797,
01/04/2026,2023,5,Region 2,Methamphetamine,12 month-ending,05/31/2023,802,
01/04/2026,2023,6,Region 2,Methamphetamine,12 month-ending,06/30/2023,797,
01/04/2026,2023,7,Region 2,Methamphetamine,12 month-ending,07/31/2023,801,
01/04/2026,2023,8,Region 2,Methamphetamine,12 month-ending,08/31/2023,794,
01/04/2026,2023,9,Region 2,Methamphetamine,12 month-ending,09/30/2023,788,
01/04/2026,2023,10,Region 2,Methamphetamine,12 month-ending,10/31/2023,769,
01/04/2026,2023,11,Region 2,Methamphetamine,12 month-ending,11/30/2023,743,
01/04/2026,2023,12,Region 2,Methamphetamine,12 month-ending,12/31/2023,704,
01/04/2026,2024,1,Region 2,Methamphetamine,12 month-ending,01/31/2024,684,
01/04/2026,2024,2,Region 2,Methamphetamine,12 month-ending,02/29/2024,684,
01/04/2026,2024,3,Region 2,Methamphetamine,12 month-ending,03/31/2024,663,
01/04/2026,2024,4,Region 2,Methamphetamine,12 month-ending,04/30/2024,653,
01/04/2026,2024,5,Region 2,Methamphetamine,12 month-ending,05/31/2024,656,
01/04/2026,2024,6,Region 2,Methamphetamine,12 month-ending,06/30/2024,647,
01/04/2026,2024,7,Region 2,Methamphetamine,12 month-ending,07/31/2024,642,
01/04/2026,2024,8,Region 2,Methamphetamine,12 month-ending,08/31/2024,645,
01/04/2026,2024,9,Region 2,Methamphetamine,12 month-ending,09/30/2024,632,
01/04/2026,2024,10,Region 2,Methamphetamine,12 month-ending,10/31/2024,608,
01/04/2026,2024,11,Region 2,Methamphetamine,12 month-ending,11/30/2024,595,
01/04/2026,2024,12,Region 2,Methamphetamine,12 month-ending,12/31/2024,601,
01/04/2026,2025,1,Region 2,Methamphetamine,12 month-ending,01/31/2025,581,
01/04/2026,2025,2,Region 2,Methamphetamine,12 month-ending,02/28/2025,550,
01/04/2026,2025,3,Region 2,Methamphetamine,12 month-ending,03/31/2025,557,
01/04/2026,2025,4,Region 2,Methamphetamine,12 month-ending,04/30/2025,520,
01/04/2026,2025,5,Region 2,Methamphetamine,12 month-ending,05/31/2025,493,
01/04/2026,2025,6,Region 2,Methamphetamine,12 month-ending,06/30/2025,480,
01/04/2026,2019,1,Region 3,Methamphetamine,12 month-ending,01/31/2019,744,
01/04/2026,2019,2,Region 3,Methamphetamine,12 month-ending,02/28/2019,771,
01/04/2026,2019,3,Region 3,Methamphetamine,12 month-ending,03/31/2019,801,
01/04/2026,2019,4,Region 3,Methamphetamine,12 month-ending,04/30/2019,809,
01/04/2026,2019,5,Region 3,Methamphetamine,12 month-ending,05/31/2019,821,
01/04/2026,2019,6,Region 3,Methamphetamine,12 month-ending,06/30/2019,816,
01/04/2026,2019,7,Region 3,Methamphetamine,12 month-ending,07/31/2019,853,
01/04/2026,2019,8,Region 3,Methamphetamine,12 month-ending,08/31/2019,861,
01/04/2026,2019,9,Region 3,Methamphetamine,12 month-ending,09/30/2019,861,
01/04/2026,2019,10,Region 3,Methamphetamine,12 month-ending,10/31/2019,910,
01/04/2026,2019,11,Region 3,Methamphetamine,12 month-ending,11/30/2019,945,
01/04/2026,2019,12,Region 3,Methamphetamine,12 month-ending,12/31/2019,1005,
01/04/2026,2020,1,Region 3,Methamphetamine,12 month-ending,01/31/2020,1030,
01/04/2026,2020,2,Region 3,Methamphetamine,12 month-ending,02/29/2020,1076,
01/04/2026,2020,3,Region 3,Methamphetamine,12 month-ending,03/31/2020,1111,
01/04/2026,2020,4,Region 3,Methamphetamine,12 month-ending,04/30/2020,1201,
01/04/2026,2020,5,Region 3,Methamphetamine,12 month-ending,05/31/2020,1305,
01/04/2026,2020,6,Region 3,Methamphetamine,12 month-ending,06/30/2020,1415,
01/04/2026,2020,7,Region 3,Methamphetamine,12 month-ending,07/31/2020,1467,
01/04/2026,2020,8,Region 3,Methamphetamine,12 month-ending,08/31/2020,1553,
01/04/2026,2020,9,Region 3,Methamphetamine,12 month-ending,09/30/2020,1645,
01/04/2026,2020,10,Region 3,Methamphetamine,12 month-ending,10/31/2020,1699,
01/04/2026,2020,11,Region 3,Methamphetamine,12 month-ending,11/30/2020,1784,
01/04/2026,2020,12,Region 3,Methamphetamine,12 month-ending,12/31/2020,1825,
01/04/2026,2021,1,Region 3,Methamphetamine,12 month-ending,01/31/2021,1914,
01/04/2026,2021,2,Region 3,Methamphetamine,12 month-ending,02/28/2021,2003,
01/04/2026,2021,3,Region 3,Methamphetamine,12 month-ending,03/31/2021,2118,
01/04/2026,2021,4,Region 3,Methamphetamine,12 month-ending,04/30/2021,2184,
01/04/2026,2021,5,Region 3,Methamphetamine,12 month-ending,05/31/2021,2229,
01/04/2026,2021,6,Region 3,Methamphetamine,12 month-ending,06/30/2021,2237,
01/04/2026,2021,7,Region 3,Methamphetamine,12 month-ending,07/31/2021,2272,
01/04/2026,2021,8,Region 3,Methamphetamine,12 month-ending,08/31/2021,2317,
01/04/2026,2021,9,Region 3,Methamphetamine,12 month-ending,09/30/2021,2339,
01/04/2026,2021,10,Region 3,Methamphetamine,12 month-ending,10/31/2021,2358,
01/04/2026,2021,11,Region 3,Methamphetamine,12 month-ending,11/30/2021,2377,
01/04/2026,2021,12,Region 3,Methamphetamine,12 month-ending,12/31/2021,2393,
01/04/2026,2022,1,Region 3,Methamphetamine,12 month-ending,01/31/2022,2411,
01/04/2026,2022,2,Region 3,Methamphetamine,12 month-ending,02/28/2022,2419,
01/04/2026,2022,3,Region 3,Methamphetamine,12 month-ending,03/31/2022,2401,
01/04/2026,2022,4,Region 3,Methamphetamine,12 month-ending,04/30/2022,2352,
01/04/2026,2022,5,Region 3,Methamphetamine,12 month-ending,05/31/2022,2313,
01/04/2026,2022,6,Region 3,Methamphetamine,12 month-ending,06/30/2022,2341,
01/04/2026,2022,7,Region 3,Methamphetamine,12 month-ending,07/31/2022,2349,
01/04/2026,2022,8,Region 3,Methamphetamine,12 month-ending,08/31/2022,2337,
01/04/2026,2022,9,Region 3,Methamphetamine,12 month-ending,09/30/2022,2321,
01/04/2026,2022,10,Region 3,Methamphetamine,12 month-ending,10/31/2022,2329,
01/04/2026,2022,11,Region 3,Methamphetamine,12 month-ending,11/30/2022,2328,
01/04/2026,2022,12,Region 3,Methamphetamine,12 month-ending,12/31/2022,2364,
01/04/2026,2023,1,Region 3,Methamphetamine,12 month-ending,01/31/2023,2357,
01/04/2026,2023,2,Region 3,Methamphetamine,12 month-ending,02/28/2023,2339,
01/04/2026,2023,3,Region 3,Methamphetamine,12 month-ending,03/31/2023,2330,
01/04/2026,2023,4,Region 3,Methamphetamine,12 month-ending,04/30/2023,2344,
01/04/2026,2023,5,Region 3,Methamphetamine,12 month-ending,05/31/2023,2367,
01/04/2026,2023,6,Region 3,Methamphetamine,12 month-ending,06/30/2023,2364,
01/04/2026,2023,7,Region 3,Methamphetamine,12 month-ending,07/31/2023,2357,
01/04/2026,2023,8,Region 3,Methamphetamine,12 month-ending,08/31/2023,2341,
01/04/2026,2023,9,Region 3,Methamphetamine,12 month-ending,09/30/2023,2340,
01/04/2026,2023,10,Region 3,Methamphetamine,12 month-ending,10/31/2023,2309,
01/04/2026,2023,11,Region 3,Methamphetamine,12 month-ending,11/30/2023,2263,
01/04/2026,2023,12,Region 3,Methamphetamine,12 month-ending,12/31/2023,2208,
01/04/2026,2024,1,Region 3,Methamphetamine,12 month-ending,01/31/2024,2156,
01/04/2026,2024,2,Region 3,Methamphetamine,12 month-ending,02/29/2024,2135,
01/04/2026,2024,3,Region 3,Methamphetamine,12 month-ending,03/31/2024,2055,
01/04/2026,2024,4,Region 3,Methamphetamine,12 month-ending,04/30/2024,1998,
01/04/2026,2024,5,Region 3,Methamphetamine,12 month-ending,05/31/2024,1918,
01/04/2026,2024,6,Region 3,Methamphetamine,12 month-ending,06/30/2024,1854,
01/04/2026,2024,7,Region 3,Methamphetamine,12 month-ending,07/31/2024,1785,
01/04/2026,2024,8,Region 3,Methamphetamine,12 month-ending,08/31/2024,1727,
01/04/2026,2024,9,Region 3,Methamphetamine,12 month-ending,09/30/2024,1669,
01/04/2026,2024,10,Region 3,Methamphetamine,12 month-ending,10/31/2024,1615,
01/04/2026,2024,11,Region 3,Methamphetamine,12 month-ending,11/30/2024,1570,
01/04/2026,2024,12,Region 3,Methamphetamine,12 month-ending,12/31/2024,1524,
01/04/2026,2025,1,Region 3,Methamphetamine,12 month-ending,01/31/2025,1517,
01/04/2026,2025,2,Region 3,Methamphetamine,12 month-ending,02/28/2025,1457,
01/04/2026,2025,3,Region 3,Methamphetamine,12 month-ending,03/31/2025,1451,
01/04/2026,2025,4,Region 3,Methamphetamine,12 month-ending,04/30/2025,1442,
01/04/2026,2025,5,Region 3,Methamphetamine,12 month-ending,05/31/2025,1403,
01/04/2026,2025,6,Region 3,Methamphetamine,12 month-ending,06/30/2025,1371,
01/04/2026,2019,1,Region 4,Methamphetamine,12 month-ending,01/31/2019,2384,
01/04/2026,2019,2,Region 4,Methamphetamine,12 month-ending,02/28/2019,2404,
01/04/2026,2019,3,Region 4,Methamphetamine,12 month-ending,03/31/2019,2460,
01/04/2026,2019,4,Region 4,Methamphetamine,12 month-ending,04/30/2019,2534,
01/04/2026,2019,5,Region 4,Methamphetamine,12 month-ending,05/31/2019,2639,
01/04/2026,2019,6,Region 4,Methamphetamine,12 month-ending,06/30/2019,2691,
01/04/2026,2019,7,Region 4,Methamphetamine,12 month-ending,07/31/2019,2772,
01/04/2026,2019,8,Region 4,Methamphetamine,12 month-ending,08/31/2019,2829,
01/04/2026,2019,9,Region 4,Methamphetamine,12 month-ending,09/30/2019,2904,
01/04/2026,2019,10,Region 4,Methamphetamine,12 month-ending,10/31/2019,2997,
01/04/2026,2019,11,Region 4,Methamphetamine,12 month-ending,11/30/2019,3085,
01/04/2026,2019,12,Region 4,Methamphetamine,12 month-ending,12/31/2019,3132,
01/04/2026,2020,1,Region 4,Methamphetamine,12 month-ending,01/31/2020,3184,
01/04/2026,2020,2,Region 4,Methamphetamine,12 month-ending,02/29/2020,3289,
01/04/2026,2020,3,Region 4,Methamphetamine,12 month-ending,03/31/2020,3455,
01/04/2026,2020,4,Region 4,Methamphetamine,12 month-ending,04/30/2020,3678,
01/04/2026,2020,5,Region 4,Methamphetamine,12 month-ending,05/31/2020,3869,
01/04/2026,2020,6,Region 4,Methamphetamine,12 month-ending,06/30/2020,4019,
01/04/2026,2020,7,Region 4,Methamphetamine,12 month-ending,07/31/2020,4173,
01/04/2026,2020,8,Region 4,Methamphetamine,12 month-ending,08/31/2020,4392,
01/04/2026,2020,9,Region 4,Methamphetamine,12 month-ending,09/30/2020,4502,
01/04/2026,2020,10,Region 4,Methamphetamine,12 month-ending,10/31/2020,4569,
01/04/2026,2020,11,Region 4,Methamphetamine,12 month-ending,11/30/2020,4733,
01/04/2026,2020,12,Region 4,Methamphetamine,12 month-ending,12/31/2020,4921,
01/04/2026,2021,1,Region 4,Methamphetamine,12 month-ending,01/31/2021,5215,
01/04/2026,2021,2,Region 4,Methamphetamine,12 month-ending,02/28/2021,5455,
01/04/2026,2021,3,Region 4,Methamphetamine,12 month-ending,03/31/2021,5683,
01/04/2026,2021,4,Region 4,Methamphetamine,12 month-ending,04/30/2021,5949,
01/04/2026,2021,5,Region 4,Methamphetamine,12 month-ending,05/31/2021,6134,
01/04/2026,2021,6,Region 4,Methamphetamine,12 month-ending,06/30/2021,6403,
01/04/2026,2021,7,Region 4,Methamphetamine,12 month-ending,07/31/2021,6638,
01/04/2026,2021,8,Region 4,Methamphetamine,12 month-ending,08/31/2021,6788,
01/04/2026,2021,9,Region 4,Methamphetamine,12 month-ending,09/30/2021,7084,
01/04/2026,2021,10,Region 4,Methamphetamine,12 month-ending,10/31/2021,7422,
01/04/2026,2021,11,Region 4,Methamphetamine,12 month-ending,11/30/2021,7592,
01/04/2026,2021,12,Region 4,Methamphetamine,12 month-ending,12/31/2021,7811,
01/04/2026,2022,1,Region 4,Methamphetamine,12 month-ending,01/31/2022,7882,
01/04/2026,2022,2,Region 4,Methamphetamine,12 month-ending,02/28/2022,8025,
01/04/2026,2022,3,Region 4,Methamphetamine,12 month-ending,03/31/2022,8118,
01/04/2026,2022,4,Region 4,Methamphetamine,12 month-ending,04/30/2022,8032,
01/04/2026,2022,5,Region 4,Methamphetamine,12 month-ending,05/31/2022,8066,
01/04/2026,2022,6,Region 4,Methamphetamine,12 month-ending,06/30/2022,8080,
01/04/2026,2022,7,Region 4,Methamphetamine,12 month-ending,07/31/2022,8146,
01/04/2026,2022,8,Region 4,Methamphetamine,12 month-ending,08/31/2022,8217,
01/04/2026,2022,9,Region 4,Methamphetamine,12 month-ending,09/30/2022,8193,
01/04/2026,2022,10,Region 4,Methamphetamine,12 month-ending,10/31/2022,8227,
01/04/2026,2022,11,Region 4,Methamphetamine,12 month-ending,11/30/2022,8266,
01/04/2026,2022,12,Region 4,Methamphetamine,12 month-ending,12/31/2022,8324,
01/04/2026,2023,1,Region 4,Methamphetamine,12 month-ending,01/31/2023,8355,
01/04/2026,2023,2,Region 4,Methamphetamine,12 month-ending,02/28/2023,8381,
01/04/2026,2023,3,Region 4,Methamphetamine,12 month-ending,03/31/2023,8438,
01/04/2026,2023,4,Region 4,Methamphetamine,12 month-ending,04/30/2023,8528,
01/04/2026,2023,5,Region 4,Methamphetamine,12 month-ending,05/31/2023,8554,
01/04/2026,2023,6,Region 4,Methamphetamine,12 month-ending,06/30/2023,8571,
01/04/2026,2023,7,Region 4,Methamphetamine,12 month-ending,07/31/2023,8548,
01/04/2026,2023,8,Region 4,Methamphetamine,12 month-ending,08/31/2023,8546,
01/04/2026,2023,9,Region 4,Methamphetamine,12 month-ending,09/30/2023,8506,
01/04/2026,2023,10,Region 4,Methamphetamine,12 month-ending,10/31/2023,8392,
01/04/2026,2023,11,Region 4,Methamphetamine,12 month-ending,11/30/2023,8292,
01/04/2026,2023,12,Region 4,Methamphetamine,12 month-ending,12/31/2023,8169,
01/04/2026,2024,1,Region 4,Methamphetamine,12 month-ending,01/31/2024,8067,
01/04/2026,2024,2,Region 4,Methamphetamine,12 month-ending,02/29/2024,7876,
01/04/2026,2024,3,Region 4,Methamphetamine,12 month-ending,03/31/2024,7642,
01/04/2026,2024,4,Region 4,Methamphetamine,12 month-ending,04/30/2024,7441,
01/04/2026,2024,5,Region 4,Methamphetamine,12 month-ending,05/31/2024,7273,
01/04/2026,2024,6,Region 4,Methamphetamine,12 month-ending,06/30/2024,7056,
01/04/2026,2024,7,Region 4,Methamphetamine,12 month-ending,07/31/2024,6821,
01/04/2026,2024,8,Region 4,Methamphetamine,12 month-ending,08/31/2024,6557,
01/04/2026,2024,9,Region 4,Methamphetamine,12 month-ending,09/30/2024,6327,
01/04/2026,2024,10,Region 4,Methamphetamine,12 month-ending,10/31/2024,6130,
01/04/2026,2024,11,Region 4,Methamphetamine,12 month-ending,11/30/2024,5933,
01/04/2026,2024,12,Region 4,Methamphetamine,12 month-ending,12/31/2024,5737,
01/04/2026,2025,1,Region 4,Methamphetamine,12 month-ending,01/31/2025,5555,
01/04/2026,2025,2,Region 4,Methamphetamine,12 month-ending,02/28/2025,5387,
01/04/2026,2025,3,Region 4,Methamphetamine,12 month-ending,03/31/2025,5264,
01/04/2026,2025,4,Region 4,Methamphetamine,12 month-ending,04/30/2025,5149,
01/04/2026,2025,5,Region 4,Methamphetamine,12 month-ending,05/31/2025,4991,
01/04/2026,2025,6,Region 4,Methamphetamine,12 month-ending,06/30/2025,4894,
01/04/2026,2019,1,Region 5,Methamphetamine,12 month-ending,01/31/2019,1532,
01/04/2026,2019,2,Region 5,Methamphetamine,12 month-ending,02/28/2019,1501,
01/04/2026,2019,3,Region 5,Methamphetamine,12 month-ending,03/31/2019,1583,
01/04/2026,2019,4,Region 5,Methamphetamine,12 month-ending,04/30/2019,1624,
01/04/2026,2019,5,Region 5,Methamphetamine,12 month-ending,05/31/2019,1670,
01/04/2026,2019,6,Region 5,Methamphetamine,12 month-ending,06/30/2019,1719,
01/04/2026,2019,7,Region 5,Methamphetamine,12 month-ending,07/31/2019,1742,
01/04/2026,2019,8,Region 5,Methamphetamine,12 month-ending,08/31/2019,1792,
01/04/2026,2019,9,Region 5,Methamphetamine,12 month-ending,09/30/2019,1852,
01/04/2026,2019,10,Region 5,Methamphetamine,12 month-ending,10/31/2019,1905,
01/04/2026,2019,11,Region 5,Methamphetamine,12 month-ending,11/30/2019,1950,
01/04/2026,2019,12,Region 5,Methamphetamine,12 month-ending,12/31/2019,1997,
01/04/2026,2020,1,Region 5,Methamphetamine,12 month-ending,01/31/2020,2030,
01/04/2026,2020,2,Region 5,Methamphetamine,12 month-ending,02/29/2020,2140,
01/04/2026,2020,3,Region 5,Methamphetamine,12 month-ending,03/31/2020,2187,
01/04/2026,2020,4,Region 5,Methamphetamine,12 month-ending,04/30/2020,2283,
01/04/2026,2020,5,Region 5,Methamphetamine,12 month-ending,05/31/2020,2418,
01/04/2026,2020,6,Region 5,Methamphetamine,12 month-ending,06/30/2020,2502,
01/04/2026,2020,7,Region 5,Methamphetamine,12 month-ending,07/31/2020,2592,
01/04/2026,2020,8,Region 5,Methamphetamine,12 month-ending,08/31/2020,2672,
01/04/2026,2020,9,Region 5,Methamphetamine,12 month-ending,09/30/2020,2707,
01/04/2026,2020,10,Region 5,Methamphetamine,12 month-ending,10/31/2020,2737,
01/04/2026,2020,11,Region 5,Methamphetamine,12 month-ending,11/30/2020,2810,
01/04/2026,2020,12,Region 5,Methamphetamine,12 month-ending,12/31/2020,2893,
01/04/2026,2021,1,Region 5,Methamphetamine,12 month-ending,01/31/2021,2997,
01/04/2026,2021,2,Region 5,Methamphetamine,12 month-ending,02/28/2021,3056,
01/04/2026,2021,3,Region 5,Methamphetamine,12 month-ending,03/31/2021,3161,
01/04/2026,2021,4,Region 5,Methamphetamine,12 month-ending,04/30/2021,3296,
01/04/2026,2021,5,Region 5,Methamphetamine,12 month-ending,05/31/2021,3334,
01/04/2026,2021,6,Region 5,Methamphetamine,12 month-ending,06/30/2021,3401,
01/04/2026,2021,7,Region 5,Methamphetamine,12 month-ending,07/31/2021,3498,
01/04/2026,2021,8,Region 5,Methamphetamine,12 month-ending,08/31/2021,3587,
01/04/2026,2021,9,Region 5,Methamphetamine,12 month-ending,09/30/2021,3691,
01/04/2026,2021,10,Region 5,Methamphetamine,12 month-ending,10/31/2021,3772,
01/04/2026,2021,11,Region 5,Methamphetamine,12 month-ending,11/30/2021,3871,
01/04/2026,2021,12,Region 5,Methamphetamine,12 month-ending,12/31/2021,3913,
01/04/2026,2022,1,Region 5,Methamphetamine,12 month-ending,01/31/2022,3956,
01/04/2026,2022,2,Region 5,Methamphetamine,12 month-ending,02/28/2022,4034,
01/04/2026,2022,3,Region 5,Methamphetamine,12 month-ending,03/31/2022,4070,
01/04/2026,2022,4,Region 5,Methamphetamine,12 month-ending,04/30/2022,4000,
01/04/2026,2022,5,Region 5,Methamphetamine,12 month-ending,05/31/2022,3986,
01/04/2026,2022,6,Region 5,Methamphetamine,12 month-ending,06/30/2022,3994,
01/04/2026,2022,7,Region 5,Methamphetamine,12 month-ending,07/31/2022,3993,
01/04/2026,2022,8,Region 5,Methamphetamine,12 month-ending,08/31/2022,3966,
01/04/2026,2022,9,Region 5,Methamphetamine,12 month-ending,09/30/2022,3918,
01/04/2026,2022,10,Region 5,Methamphetamine,12 month-ending,10/31/2022,3974,
01/04/2026,2022,11,Region 5,Methamphetamine,12 month-ending,11/30/2022,3950,
01/04/2026,2022,12,Region 5,Methamphetamine,12 month-ending,12/31/2022,4012,
01/04/2026,2023,1,Region 5,Methamphetamine,12 month-ending,01/31/2023,4022,
01/04/2026,2023,2,Region 5,Methamphetamine,12 month-ending,02/28/2023,4010,
01/04/2026,2023,3,Region 5,Methamphetamine,12 month-ending,03/31/2023,3971,
01/04/2026,2023,4,Region 5,Methamphetamine,12 month-ending,04/30/2023,4013,
01/04/2026,2023,5,Region 5,Methamphetamine,12 month-ending,05/31/2023,4026,
01/04/2026,2023,6,Region 5,Methamphetamine,12 month-ending,06/30/2023,4065,
01/04/2026,2023,7,Region 5,Methamphetamine,12 month-ending,07/31/2023,4039,
01/04/2026,2023,8,Region 5,Methamphetamine,12 month-ending,08/31/2023,4048,
01/04/2026,2023,9,Region 5,Methamphetamine,12 month-ending,09/30/2023,4033,
01/04/2026,2023,10,Region 5,Methamphetamine,12 month-ending,10/31/2023,3939,
01/04/2026,2023,11,Region 5,Methamphetamine,12 month-ending,11/30/2023,3899,
01/04/2026,2023,12,Region 5,Methamphetamine,12 month-ending,12/31/2023,3794,
01/04/2026,2024,1,Region 5,Methamphetamine,12 month-ending,01/31/2024,3688,
01/04/2026,2024,2,Region 5,Methamphetamine,12 month-ending,02/29/2024,3593,
01/04/2026,2024,3,Region 5,Methamphetamine,12 month-ending,03/31/2024,3511,
01/04/2026,2024,4,Region 5,Methamphetamine,12 month-ending,04/30/2024,3393,
01/04/2026,2024,5,Region 5,Methamphetamine,12 month-ending,05/31/2024,3313,
01/04/2026,2024,6,Region 5,Methamphetamine,12 month-ending,06/30/2024,3153,
01/04/2026,2024,7,Region 5,Methamphetamine,12 month-ending,07/31/2024,3067,
01/04/2026,2024,8,Region 5,Methamphetamine,12 month-ending,08/31/2024,2987,
01/04/2026,2024,9,Region 5,Methamphetamine,12 month-ending,09/30/2024,2901,
01/04/2026,2024,10,Region 5,Methamphetamine,12 month-ending,10/31/2024,2829,
01/04/2026,2024,11,Region 5,Methamphetamine,12 month-ending,11/30/2024,2760,
01/04/2026,2024,12,Region 5,Methamphetamine,12 month-ending,12/31/2024,2683,
01/04/2026,2025,1,Region 5,Methamphetamine,12 month-ending,01/31/2025,2630,
01/04/2026,2025,2,Region 5,Methamphetamine,12 month-ending,02/28/2025,2607,
01/04/2026,2025,3,Region 5,Methamphetamine,12 month-ending,03/31/2025,2554,
01/04/2026,2025,4,Region 5,Methamphetamine,12 month-ending,04/30/2025,2512,
01/04/2026,2025,5,Region 5,Methamphetamine,12 month-ending,05/31/2025,2457,
01/04/2026,2025,6,Region 5,Methamphetamine,12 month-ending,06/30/2025,2464,
01/04/2026,2019,1,Region 6,Methamphetamine,12 month-ending,01/31/2019,1533,
01/04/2026,2019,2,Region 6,Methamphetamine,12 month-ending,02/28/2019,1535,
01/04/2026,2019,3,Region 6,Methamphetamine,12 month-ending,03/31/2019,1572,
01/04/2026,2019,4,Region 6,Methamphetamine,12 month-ending,04/30/2019,1621,
01/04/2026,2019,5,Region 6,Methamphetamine,12 month-ending,05/31/2019,1637,
01/04/2026,2019,6,Region 6,Methamphetamine,12 month-ending,06/30/2019,1646,
01/04/2026,2019,7,Region 6,Methamphetamine,12 month-ending,07/31/2019,1670,
01/04/2026,2019,8,Region 6,Methamphetamine,12 month-ending,08/31/2019,1734,
01/04/2026,2019,9,Region 6,Methamphetamine,12 month-ending,09/30/2019,1774,
01/04/2026,2019,10,Region 6,Methamphetamine,12 month-ending,10/31/2019,1802,
01/04/2026,2019,11,Region 6,Methamphetamine,12 month-ending,11/30/2019,1870,
01/04/2026,2019,12,Region 6,Methamphetamine,12 month-ending,12/31/2019,1940,
01/04/2026,2020,1,Region 6,Methamphetamine,12 month-ending,01/31/2020,2022,
01/04/2026,2020,2,Region 6,Methamphetamine,12 month-ending,02/29/2020,2093,
01/04/2026,2020,3,Region 6,Methamphetamine,12 month-ending,03/31/2020,2141,
01/04/2026,2020,4,Region 6,Methamphetamine,12 month-ending,04/30/2020,2224,
01/04/2026,2020,5,Region 6,Methamphetamine,12 month-ending,05/31/2020,2300,
01/04/2026,2020,6,Region 6,Methamphetamine,12 month-ending,06/30/2020,2362,
01/04/2026,2020,7,Region 6,Methamphetamine,12 month-ending,07/31/2020,2468,
01/04/2026,2020,8,Region 6,Methamphetamine,12 month-ending,08/31/2020,2553,
01/04/2026,2020,9,Region 6,Methamphetamine,12 month-ending,09/30/2020,2605,
01/04/2026,2020,10,Region 6,Methamphetamine,12 month-ending,10/31/2020,2656,
01/04/2026,2020,11,Region 6,Methamphetamine,12 month-ending,11/30/2020,2702,
01/04/2026,2020,12,Region 6,Methamphetamine,12 month-ending,12/31/2020,2765,
01/04/2026,2021,1,Region 6,Methamphetamine,12 month-ending,01/31/2021,2848,
01/04/2026,2021,2,Region 6,Methamphetamine,12 month-ending,02/28/2021,2928,
01/04/2026,2021,3,Region 6,Methamphetamine,12 month-ending,03/31/2021,3059,
01/04/2026,2021,4,Region 6,Methamphetamine,12 month-ending,04/30/2021,3147,
01/04/2026,2021,5,Region 6,Methamphetamine,12 month-ending,05/31/2021,3214,
01/04/2026,2021,6,Region 6,Methamphetamine,12 month-ending,06/30/2021,3300,
01/04/2026,2021,7,Region 6,Methamphetamine,12 month-ending,07/31/2021,3367,
01/04/2026,2021,8,Region 6,Methamphetamine,12 month-ending,08/31/2021,3451,
01/04/2026,2021,9,Region 6,Methamphetamine,12 month-ending,09/30/2021,3544,
01/04/2026,2021,10,Region 6,Methamphetamine,12 month-ending,10/31/2021,3607,
01/04/2026,2021,11,Region 6,Methamphetamine,12 month-ending,11/30/2021,3675,
01/04/2026,2021,12,Region 6,Methamphetamine,12 month-ending,12/31/2021,3734,
01/04/2026,2022,1,Region 6,Methamphetamine,12 month-ending,01/31/2022,3791,
01/04/2026,2022,2,Region 6,Methamphetamine,12 month-ending,02/28/2022,3892,
01/04/2026,2022,3,Region 6,Methamphetamine,12 month-ending,03/31/2022,3922,
01/04/2026,2022,4,Region 6,Methamphetamine,12 month-ending,04/30/2022,3898,
01/04/2026,2022,5,Region 6,Methamphetamine,12 month-ending,05/31/2022,3940,
01/04/2026,2022,6,Region 6,Methamphetamine,12 month-ending,06/30/2022,4005,
01/04/2026,2022,7,Region 6,Methamphetamine,12 month-ending,07/31/2022,4059,
01/04/2026,2022,8,Region 6,Methamphetamine,12 month-ending,08/31/2022,4016,
01/04/2026,2022,9,Region 6,Methamphetamine,12 month-ending,09/30/2022,4025,
01/04/2026,2022,10,Region 6,Methamphetamine,12 month-ending,10/31/2022,4062,
01/04/2026,2022,11,Region 6,Methamphetamine,12 month-ending,11/30/2022,4083,
01/04/2026,2022,12,Region 6,Methamphetamine,12 month-ending,12/31/2022,4126,
01/04/2026,2023,1,Region 6,Methamphetamine,12 month-ending,01/31/2023,4119,
01/04/2026,2023,2,Region 6,Methamphetamine,12 month-ending,02/28/2023,4094,
01/04/2026,2023,3,Region 6,Methamphetamine,12 month-ending,03/31/2023,4071,
01/04/2026,2023,4,Region 6,Methamphetamine,12 month-ending,04/30/2023,4110,
01/04/2026,2023,5,Region 6,Methamphetamine,12 month-ending,05/31/2023,4145,
01/04/2026,2023,6,Region 6,Methamphetamine,12 month-ending,06/30/2023,4143,
01/04/2026,2023,7,Region 6,Methamphetamine,12 month-ending,07/31/2023,4152,
01/04/2026,2023,8,Region 6,Methamphetamine,12 month-ending,08/31/2023,4292,
01/04/2026,2023,9,Region 6,Methamphetamine,12 month-ending,09/30/2023,4283,
01/04/2026,2023,10,Region 6,Methamphetamine,12 month-ending,10/31/2023,4249,
01/04/2026,2023,11,Region 6,Methamphetamine,12 month-ending,11/30/2023,4234,
01/04/2026,2023,12,Region 6,Methamphetamine,12 month-ending,12/31/2023,4207,
01/04/2026,2024,1,Region 6,Methamphetamine,12 month-ending,01/31/2024,4199,
01/04/2026,2024,2,Region 6,Methamphetamine,12 month-ending,02/29/2024,4177,
01/04/2026,2024,3,Region 6,Methamphetamine,12 month-ending,03/31/2024,4129,
01/04/2026,2024,4,Region 6,Methamphetamine,12 month-ending,04/30/2024,4086,
01/04/2026,2024,5,Region 6,Methamphetamine,12 month-ending,05/31/2024,4024,
01/04/2026,2024,6,Region 6,Methamphetamine,12 month-ending,06/30/2024,4012,
01/04/2026,2024,7,Region 6,Methamphetamine,12 month-ending,07/31/2024,3942,
01/04/2026,2024,8,Region 6,Methamphetamine,12 month-ending,08/31/2024,3838,
01/04/2026,2024,9,Region 6,Methamphetamine,12 month-ending,09/30/2024,3757,
01/04/2026,2024,10,Region 6,Methamphetamine,12 month-ending,10/31/2024,3736,
01/04/2026,2024,11,Region 6,Methamphetamine,12 month-ending,11/30/2024,3672,
01/04/2026,2024,12,Region 6,Methamphetamine,12 month-ending,12/31/2024,3605,
01/04/2026,2025,1,Region 6,Methamphetamine,12 month-ending,01/31/2025,3573,
01/04/2026,2025,2,Region 6,Methamphetamine,12 month-ending,02/28/2025,3470,
01/04/2026,2025,3,Region 6,Methamphetamine,12 month-ending,03/31/2025,3432,
01/04/2026,2025,4,Region 6,Methamphetamine,12 month-ending,04/30/2025,3375,
01/04/2026,2025,5,Region 6,Methamphetamine,12 month-ending,05/31/2025,3332,
01/04/2026,2025,6,Region 6,Methamphetamine,12 month-ending,06/30/2025,3217,
01/04/2026,2019,1,Region 7,Methamphetamine,12 month-ending,01/31/2019,588,
01/04/2026,2019,2,Region 7,Methamphetamine,12 month-ending,02/28/2019,623,
01/04/2026,2019,3,Region 7,Methamphetamine,12 month-ending,03/31/2019,635,
01/04/2026,2019,4,Region 7,Methamphetamine,12 month-ending,04/30/2019,651,
01/04/2026,2019,5,Region 7,Methamphetamine,12 month-ending,05/31/2019,657,
01/04/2026,2019,6,Region 7,Methamphetamine,12 month-ending,06/30/2019,648,
01/04/2026,2019,7,Region 7,Methamphetamine,12 month-ending,07/31/2019,682,
01/04/2026,2019,8,Region 7,Methamphetamine,12 month-ending,08/31/2019,707,
01/04/2026,2019,9,Region 7,Methamphetamine,12 month-ending,09/30/2019,753,
01/04/2026,2019,10,Region 7,Methamphetamine,12 month-ending,10/31/2019,766,
01/04/2026,2019,11,Region 7,Methamphetamine,12 month-ending,11/30/2019,779,
01/04/2026,2019,12,Region 7,Methamphetamine,12 month-ending,12/31/2019,804,
01/04/2026,2020,1,Region 7,Methamphetamine,12 month-ending,01/31/2020,815,
01/04/2026,2020,2,Region 7,Methamphetamine,12 month-ending,02/29/2020,824,
01/04/2026,2020,3,Region 7,Methamphetamine,12 month-ending,03/31/2020,839,
01/04/2026,2020,4,Region 7,Methamphetamine,12 month-ending,04/30/2020,879,
01/04/2026,2020,5,Region 7,Methamphetamine,12 month-ending,05/31/2020,925,
01/04/2026,2020,6,Region 7,Methamphetamine,12 month-ending,06/30/2020,953,
01/04/2026,2020,7,Region 7,Methamphetamine,12 month-ending,07/31/2020,952,
01/04/2026,2020,8,Region 7,Methamphetamine,12 month-ending,08/31/2020,981,
01/04/2026,2020,9,Region 7,Methamphetamine,12 month-ending,09/30/2020,976,
01/04/2026,2020,10,Region 7,Methamphetamine,12 month-ending,10/31/2020,1002,
01/04/2026,2020,11,Region 7,Methamphetamine,12 month-ending,11/30/2020,1013,
01/04/2026,2020,12,Region 7,Methamphetamine,12 month-ending,12/31/2020,1022,
01/04/2026,2021,1,Region 7,Methamphetamine,12 month-ending,01/31/2021,1028,
01/04/2026,2021,2,Region 7,Methamphetamine,12 month-ending,02/28/2021,1037,
01/04/2026,2021,3,Region 7,Methamphetamine,12 month-ending,03/31/2021,1080,
01/04/2026,2021,4,Region 7,Methamphetamine,12 month-ending,04/30/2021,1091,
01/04/2026,2021,5,Region 7,Methamphetamine,12 month-ending,05/31/2021,1122,
01/04/2026,2021,6,Region 7,Methamphetamine,12 month-ending,06/30/2021,1156,
01/04/2026,2021,7,Region 7,Methamphetamine,12 month-ending,07/31/2021,1190,
01/04/2026,2021,8,Region 7,Methamphetamine,12 month-ending,08/31/2021,1218,
01/04/2026,2021,9,Region 7,Methamphetamine,12 month-ending,09/30/2021,1248,
01/04/2026,2021,10,Region 7,Methamphetamine,12 month-ending,10/31/2021,1255,
01/04/2026,2021,11,Region 7,Methamphetamine,12 month-ending,11/30/2021,1269,
01/04/2026,2021,12,Region 7,Methamphetamine,12 month-ending,12/31/2021,1301,
01/04/2026,2022,1,Region 7,Methamphetamine,12 month-ending,01/31/2022,1334,
01/04/2026,2022,2,Region 7,Methamphetamine,12 month-ending,02/28/2022,1350,
01/04/2026,2022,3,Region 7,Methamphetamine,12 month-ending,03/31/2022,1355,
01/04/2026,2022,4,Region 7,Methamphetamine,12 month-ending,04/30/2022,1358,
01/04/2026,2022,5,Region 7,Methamphetamine,12 month-ending,05/31/2022,1339,
01/04/2026,2022,6,Region 7,Methamphetamine,12 month-ending,06/30/2022,1347,
01/04/2026,2022,7,Region 7,Methamphetamine,12 month-ending,07/31/2022,1353,
01/04/2026,2022,8,Region 7,Methamphetamine,12 month-ending,08/31/2022,1337,
01/04/2026,2022,9,Region 7,Methamphetamine,12 month-ending,09/30/2022,1341,
01/04/2026,2022,10,Region 7,Methamphetamine,12 month-ending,10/31/2022,1364,
01/04/2026,2022,11,Region 7,Methamphetamine,12 month-ending,11/30/2022,1387,
01/04/2026,2022,12,Region 7,Methamphetamine,12 month-ending,12/31/2022,1398,
01/04/2026,2023,1,Region 7,Methamphetamine,12 month-ending,01/31/2023,1399,
01/04/2026,2023,2,Region 7,Methamphetamine,12 month-ending,02/28/2023,1393,
01/04/2026,2023,3,Region 7,Methamphetamine,12 month-ending,03/31/2023,1386,
01/04/2026,2023,4,Region 7,Methamphetamine,12 month-ending,04/30/2023,1375,
01/04/2026,2023,5,Region 7,Methamphetamine,12 month-ending,05/31/2023,1380,
01/04/2026,2023,6,Region 7,Methamphetamine,12 month-ending,06/30/2023,1359,
01/04/2026,2023,7,Region 7,Methamphetamine,12 month-ending,07/31/2023,1358,
01/04/2026,2023,8,Region 7,Methamphetamine,12 month-ending,08/31/2023,1357,
01/04/2026,2023,9,Region 7,Methamphetamine,12 month-ending,09/30/2023,1351,
01/04/2026,2023,10,Region 7,Methamphetamine,12 month-ending,10/31/2023,1351,
01/04/2026,2023,11,Region 7,Methamphetamine,12 month-ending,11/30/2023,1330,
01/04/2026,2023,12,Region 7,Methamphetamine,12 month-ending,12/31/2023,1295,
01/04/2026,2024,1,Region 7,Methamphetamine,12 month-ending,01/31/2024,1274,
01/04/2026,2024,2,Region 7,Methamphetamine,12 month-ending,02/29/2024,1287,
01/04/2026,2024,3,Region 7,Methamphetamine,12 month-ending,03/31/2024,1269,
01/04/2026,2024,4,Region 7,Methamphetamine,12 month-ending,04/30/2024,1260,
01/04/2026,2024,5,Region 7,Methamphetamine,12 month-ending,05/31/2024,1234,
01/04/2026,2024,6,Region 7,Methamphetamine,12 month-ending,06/30/2024,1237,
01/04/2026,2024,7,Region 7,Methamphetamine,12 month-ending,07/31/2024,1210,
01/04/2026,2024,8,Region 7,Methamphetamine,12 month-ending,08/31/2024,1175,
01/04/2026,2024,9,Region 7,Methamphetamine,12 month-ending,09/30/2024,1162,
01/04/2026,2024,10,Region 7,Methamphetamine,12 month-ending,10/31/2024,1122,
01/04/2026,2024,11,Region 7,Methamphetamine,12 month-ending,11/30/2024,1113,
01/04/2026,2024,12,Region 7,Methamphetamine,12 month-ending,12/31/2024,1125,
01/04/2026,2025,1,Region 7,Methamphetamine,12 month-ending,01/31/2025,1129,
01/04/2026,2025,2,Region 7,Methamphetamine,12 month-ending,02/28/2025,1109,
01/04/2026,2025,3,Region 7,Methamphetamine,12 month-ending,03/31/2025,1118,
01/04/2026,2025,4,Region 7,Methamphetamine,12 month-ending,04/30/2025,1091,
01/04/2026,2025,5,Region 7,Methamphetamine,12 month-ending,05/31/2025,1094,
01/04/2026,2025,6,Region 7,Methamphetamine,12 month-ending,06/30/2025,1070,
01/04/2026,2019,1,Region 8,Methamphetamine,12 month-ending,01/31/2019,616,
01/04/2026,2019,2,Region 8,Methamphetamine,12 month-ending,02/28/2019,630,
01/04/2026,2019,3,Region 8,Methamphetamine,12 month-ending,03/31/2019,643,
01/04/2026,2019,4,Region 8,Methamphetamine,12 month-ending,04/30/2019,645,
01/04/2026,2019,5,Region 8,Methamphetamine,12 month-ending,05/31/2019,649,
01/04/2026,2019,6,Region 8,Methamphetamine,12 month-ending,06/30/2019,659,
01/04/2026,2019,7,Region 8,Methamphetamine,12 month-ending,07/31/2019,666,
01/04/2026,2019,8,Region 8,Methamphetamine,12 month-ending,08/31/2019,664,
01/04/2026,2019,9,Region 8,Methamphetamine,12 month-ending,09/30/2019,666,
01/04/2026,2019,10,Region 8,Methamphetamine,12 month-ending,10/31/2019,678,
01/04/2026,2019,11,Region 8,Methamphetamine,12 month-ending,11/30/2019,690,
01/04/2026,2019,12,Region 8,Methamphetamine,12 month-ending,12/31/2019,702,
01/04/2026,2020,1,Region 8,Methamphetamine,12 month-ending,01/31/2020,712,
01/04/2026,2020,2,Region 8,Methamphetamine,12 month-ending,02/29/2020,706,
01/04/2026,2020,3,Region 8,Methamphetamine,12 month-ending,03/31/2020,725,
01/04/2026,2020,4,Region 8,Methamphetamine,12 month-ending,04/30/2020,761,
01/04/2026,2020,5,Region 8,Methamphetamine,12 month-ending,05/31/2020,795,
01/04/2026,2020,6,Region 8,Methamphetamine,12 month-ending,06/30/2020,792,
01/04/2026,2020,7,Region 8,Methamphetamine,12 month-ending,07/31/2020,803,
01/04/2026,2020,8,Region 8,Methamphetamine,12 month-ending,08/31/2020,842,
01/04/2026,2020,9,Region 8,Methamphetamine,12 month-ending,09/30/2020,863,
01/04/2026,2020,10,Region 8,Methamphetamine,12 month-ending,10/31/2020,868,
01/04/2026,2020,11,Region 8,Methamphetamine,12 month-ending,11/30/2020,878,
01/04/2026,2020,12,Region 8,Methamphetamine,12 month-ending,12/31/2020,879,
01/04/2026,2021,1,Region 8,Methamphetamine,12 month-ending,01/31/2021,927,
01/04/2026,2021,2,Region 8,Methamphetamine,12 month-ending,02/28/2021,960,
01/04/2026,2021,3,Region 8,Methamphetamine,12 month-ending,03/31/2021,987,
01/04/2026,2021,4,Region 8,Methamphetamine,12 month-ending,04/30/2021,998,
01/04/2026,2021,5,Region 8,Methamphetamine,12 month-ending,05/31/2021,1024,
01/04/2026,2021,6,Region 8,Methamphetamine,12 month-ending,06/30/2021,1082,
01/04/2026,2021,7,Region 8,Methamphetamine,12 month-ending,07/31/2021,1123,
01/04/2026,2021,8,Region 8,Methamphetamine,12 month-ending,08/31/2021,1143,
01/04/2026,2021,9,Region 8,Methamphetamine,12 month-ending,09/30/2021,1177,
01/04/2026,2021,10,Region 8,Methamphetamine,12 month-ending,10/31/2021,1204,
01/04/2026,2021,11,Region 8,Methamphetamine,12 month-ending,11/30/2021,1219,
01/04/2026,2021,12,Region 8,Methamphetamine,12 month-ending,12/31/2021,1251,
01/04/2026,2022,1,Region 8,Methamphetamine,12 month-ending,01/31/2022,1256,
01/04/2026,2022,2,Region 8,Methamphetamine,12 month-ending,02/28/2022,1254,
01/04/2026,2022,3,Region 8,Methamphetamine,12 month-ending,03/31/2022,1265,
01/04/2026,2022,4,Region 8,Methamphetamine,12 month-ending,04/30/2022,1233,
01/04/2026,2022,5,Region 8,Methamphetamine,12 month-ending,05/31/2022,1217,
01/04/2026,2022,6,Region 8,Methamphetamine,12 month-ending,06/30/2022,1186,
01/04/2026,2022,7,Region 8,Methamphetamine,12 month-ending,07/31/2022,1167,
01/04/2026,2022,8,Region 8,Methamphetamine,12 month-ending,08/31/2022,1146,
01/04/2026,2022,9,Region 8,Methamphetamine,12 month-ending,09/30/2022,1139,
01/04/2026,2022,10,Region 8,Methamphetamine,12 month-ending,10/31/2022,1133,
01/04/2026,2022,11,Region 8,Methamphetamine,12 month-ending,11/30/2022,1170,
01/04/2026,2022,12,Region 8,Methamphetamine,12 month-ending,12/31/2022,1193,
01/04/2026,2023,1,Region 8,Methamphetamine,12 month-ending,01/31/2023,1197,
01/04/2026,2023,2,Region 8,Methamphetamine,12 month-ending,02/28/2023,1217,
01/04/2026,2023,3,Region 8,Methamphetamine,12 month-ending,03/31/2023,1202,
01/04/2026,2023,4,Region 8,Methamphetamine,12 month-ending,04/30/2023,1254,
01/04/2026,2023,5,Region 8,Methamphetamine,12 month-ending,05/31/2023,1269,
01/04/2026,2023,6,Region 8,Methamphetamine,12 month-ending,06/30/2023,1292,
01/04/2026,2023,7,Region 8,Methamphetamine,12 month-ending,07/31/2023,1304,
01/04/2026,2023,8,Region 8,Methamphetamine,12 month-ending,08/31/2023,1320,
01/04/2026,2023,9,Region 8,Methamphetamine,12 month-ending,09/30/2023,1317,
01/04/2026,2023,10,Region 8,Methamphetamine,12 month-ending,10/31/2023,1345,
01/04/2026,2023,11,Region 8,Methamphetamine,12 month-ending,11/30/2023,1355,
01/04/2026,2023,12,Region 8,Methamphetamine,12 month-ending,12/31/2023,1311,
01/04/2026,2024,1,Region 8,Methamphetamine,12 month-ending,01/31/2024,1313,
01/04/2026,2024,2,Region 8,Methamphetamine,12 month-ending,02/29/2024,1319,
01/04/2026,2024,3,Region 8,Methamphetamine,12 month-ending,03/31/2024,1342,
01/04/2026,2024,4,Region 8,Methamphetamine,12 month-ending,04/30/2024,1343,
01/04/2026,2024,5,Region 8,Methamphetamine,12 month-ending,05/31/2024,1344,
01/04/2026,2024,6,Region 8,Methamphetamine,12 month-ending,06/30/2024,1358,
01/04/2026,2024,7,Region 8,Methamphetamine,12 month-ending,07/31/2024,1344,
01/04/2026,2024,8,Region 8,Methamphetamine,12 month-ending,08/31/2024,1299,
01/04/2026,2024,9,Region 8,Methamphetamine,12 month-ending,09/30/2024,1291,
01/04/2026,2024,10,Region 8,Methamphetamine,12 month-ending,10/31/2024,1262,
01/04/2026,2024,11,Region 8,Methamphetamine,12 month-ending,11/30/2024,1233,
01/04/2026,2024,12,Region 8,Methamphetamine,12 month-ending,12/31/2024,1282,
01/04/2026,2025,1,Region 8,Methamphetamine,12 month-ending,01/31/2025,1266,
01/04/2026,2025,2,Region 8,Methamphetamine,12 month-ending,02/28/2025,1260,
01/04/2026,2025,3,Region 8,Methamphetamine,12 month-ending,03/31/2025,1266,
01/04/2026,2025,4,Region 8,Methamphetamine,12 month-ending,04/30/2025,1261,
01/04/2026,2025,5,Region 8,Methamphetamine,12 month-ending,05/31/2025,1262,
01/04/2026,2025,6,Region 8,Methamphetamine,12 month-ending,06/30/2025,1220,
01/04/2026,2019,1,Region 9,Methamphetamine,12 month-ending,01/31/2019,3540,
01/04/2026,2019,2,Region 9,Methamphetamine,12 month-ending,02/28/2019,3601,
01/04/2026,2019,3,Region 9,Methamphetamine,12 month-ending,03/31/2019,3602,
01/04/2026,2019,4,Region 9,Methamphetamine,12 month-ending,04/30/2019,3649,
01/04/2026,2019,5,Region 9,Methamphetamine,12 month-ending,05/31/2019,3717,
01/04/2026,2019,6,Region 9,Methamphetamine,12 month-ending,06/30/2019,3796,
01/04/2026,2019,7,Region 9,Methamphetamine,12 month-ending,07/31/2019,3836,
01/04/2026,2019,8,Region 9,Methamphetamine,12 month-ending,08/31/2019,3874,
01/04/2026,2019,9,Region 9,Methamphetamine,12 month-ending,09/30/2019,3955,
01/04/2026,2019,10,Region 9,Methamphetamine,12 month-ending,10/31/2019,4026,
01/04/2026,2019,11,Region 9,Methamphetamine,12 month-ending,11/30/2019,4089,
01/04/2026,2019,12,Region 9,Methamphetamine,12 month-ending,12/31/2019,4098,
01/04/2026,2020,1,Region 9,Methamphetamine,12 month-ending,01/31/2020,4144,
01/04/2026,2020,2,Region 9,Methamphetamine,12 month-ending,02/29/2020,4214,
01/04/2026,2020,3,Region 9,Methamphetamine,12 month-ending,03/31/2020,4342,
01/04/2026,2020,4,Region 9,Methamphetamine,12 month-ending,04/30/2020,4464,
01/04/2026,2020,5,Region 9,Methamphetamine,12 month-ending,05/31/2020,4647,
01/04/2026,2020,6,Region 9,Methamphetamine,12 month-ending,06/30/2020,4846,
01/04/2026,2020,7,Region 9,Methamphetamine,12 month-ending,07/31/2020,5105,
01/04/2026,2020,8,Region 9,Methamphetamine,12 month-ending,08/31/2020,5476,
01/04/2026,2020,9,Region 9,Methamphetamine,12 month-ending,09/30/2020,5656,
01/04/2026,2020,10,Region 9,Methamphetamine,12 month-ending,10/31/2020,5850,
01/04/2026,2020,11,Region 9,Methamphetamine,12 month-ending,11/30/2020,6023,
01/04/2026,2020,12,Region 9,Methamphetamine,12 month-ending,12/31/2020,6261,
01/04/2026,2021,1,Region 9,Methamphetamine,12 month-ending,01/31/2021,6531,
01/04/2026,2021,2,Region 9,Methamphetamine,12 month-ending,02/28/2021,6703,
01/04/2026,2021,3,Region 9,Methamphetamine,12 month-ending,03/31/2021,6929,
01/04/2026,2021,4,Region 9,Methamphetamine,12 month-ending,04/30/2021,7104,
01/04/2026,2021,5,Region 9,Methamphetamine,12 month-ending,05/31/2021,7266,
01/04/2026,2021,6,Region 9,Methamphetamine,12 month-ending,06/30/2021,7419,
01/04/2026,2021,7,Region 9,Methamphetamine,12 month-ending,07/31/2021,7525,
01/04/2026,2021,8,Region 9,Methamphetamine,12 month-ending,08/31/2021,7532,
01/04/2026,2021,9,Region 9,Methamphetamine,12 month-ending,09/30/2021,7660,
01/04/2026,2021,10,Region 9,Methamphetamine,12 month-ending,10/31/2021,7786,
01/04/2026,2021,11,Region 9,Methamphetamine,12 month-ending,11/30/2021,7872,
01/04/2026,2021,12,Region 9,Methamphetamine,12 month-ending,12/31/2021,7925,
01/04/2026,2022,1,Region 9,Methamphetamine,12 month-ending,01/31/2022,7931,
01/04/2026,2022,2,Region 9,Methamphetamine,12 month-ending,02/28/2022,7970,
01/04/2026,2022,3,Region 9,Methamphetamine,12 month-ending,03/31/2022,7944,
01/04/2026,2022,4,Region 9,Methamphetamine,12 month-ending,04/30/2022,7949,
01/04/2026,2022,5,Region 9,Methamphetamine,12 month-ending,05/31/2022,7925,
01/04/2026,2022,6,Region 9,Methamphetamine,12 month-ending,06/30/2022,7940,
01/04/2026,2022,7,Region 9,Methamphetamine,12 month-ending,07/31/2022,8016,
01/04/2026,2022,8,Region 9,Methamphetamine,12 month-ending,08/31/2022,7994,
01/04/2026,2022,9,Region 9,Methamphetamine,12 month-ending,09/30/2022,8115,
01/04/2026,2022,10,Region 9,Methamphetamine,12 month-ending,10/31/2022,8101,
01/04/2026,2022,11,Region 9,Methamphetamine,12 month-ending,11/30/2022,8142,
01/04/2026,2022,12,Region 9,Methamphetamine,12 month-ending,12/31/2022,8230,
01/04/2026,2023,1,Region 9,Methamphetamine,12 month-ending,01/31/2023,8318,
01/04/2026,2023,2,Region 9,Methamphetamine,12 month-ending,02/28/2023,8392,
01/04/2026,2023,3,Region 9,Methamphetamine,12 month-ending,03/31/2023,8512,
01/04/2026,2023,4,Region 9,Methamphetamine,12 month-ending,04/30/2023,8627,
01/04/2026,2023,5,Region 9,Methamphetamine,12 month-ending,05/31/2023,8749,
01/04/2026,2023,6,Region 9,Methamphetamine,12 month-ending,06/30/2023,8692,
01/04/2026,2023,7,Region 9,Methamphetamine,12 month-ending,07/31/2023,8879,
01/04/2026,2023,8,Region 9,Methamphetamine,12 month-ending,08/31/2023,8958,
01/04/2026,2023,9,Region 9,Methamphetamine,12 month-ending,09/30/2023,8852,
01/04/2026,2023,10,Region 9,Methamphetamine,12 month-ending,10/31/2023,8861,
01/04/2026,2023,11,Region 9,Methamphetamine,12 month-ending,11/30/2023,8783,
01/04/2026,2023,12,Region 9,Methamphetamine,12 month-ending,12/31/2023,8710,
01/04/2026,2024,1,Region 9,Methamphetamine,12 month-ending,01/31/2024,8599,
01/04/2026,2024,2,Region 9,Methamphetamine,12 month-ending,02/29/2024,8585,
01/04/2026,2024,3,Region 9,Methamphetamine,12 month-ending,03/31/2024,8522,
01/04/2026,2024,4,Region 9,Methamphetamine,12 month-ending,04/30/2024,8385,
01/04/2026,2024,5,Region 9,Methamphetamine,12 month-ending,05/31/2024,8235,
01/04/2026,2024,6,Region 9,Methamphetamine,12 month-ending,06/30/2024,8305,
01/04/2026,2024,7,Region 9,Methamphetamine,12 month-ending,07/31/2024,8081,
01/04/2026,2024,8,Region 9,Methamphetamine,12 month-ending,08/31/2024,7928,
01/04/2026,2024,9,Region 9,Methamphetamine,12 month-ending,09/30/2024,7826,
01/04/2026,2024,10,Region 9,Methamphetamine,12 month-ending,10/31/2024,7738,
01/04/2026,2024,11,Region 9,Methamphetamine,12 month-ending,11/30/2024,7744,
01/04/2026,2024,12,Region 9,Methamphetamine,12 month-ending,12/31/2024,7735,
01/04/2026,2025,1,Region 9,Methamphetamine,12 month-ending,01/31/2025,7831,
01/04/2026,2025,2,Region 9,Methamphetamine,12 month-ending,02/28/2025,7810,
01/04/2026,2025,3,Region 9,Methamphetamine,12 month-ending,03/31/2025,7782,
01/04/2026,2025,4,Region 9,Methamphetamine,12 month-ending,04/30/2025,7840,
01/04/2026,2025,5,Region 9,Methamphetamine,12 month-ending,05/31/2025,7825,
01/04/2026,2025,6,Region 9,Methamphetamine,12 month-ending,06/30/2025,7696,
01/04/2026,2019,1,Region 10,Methamphetamine,12 month-ending,01/31/2019,844,
01/04/2026,2019,2,Region 10,Methamphetamine,12 month-ending,02/28/2019,873,
01/04/2026,2019,3,Region 10,Methamphetamine,12 month-ending,03/31/2019,885,
01/04/2026,2019,4,Region 10,Methamphetamine,12 month-ending,04/30/2019,887,
01/04/2026,2019,5,Region 10,Methamphetamine,12 month-ending,05/31/2019,877,
01/04/2026,2019,6,Region 10,Methamphetamine,12 month-ending,06/30/2019,909,
01/04/2026,2019,7,Region 10,Methamphetamine,12 month-ending,07/31/2019,925,
01/04/2026,2019,8,Region 10,Methamphetamine,12 month-ending,08/31/2019,933,
01/04/2026,2019,9,Region 10,Methamphetamine,12 month-ending,09/30/2019,960,
01/04/2026,2019,10,Region 10,Methamphetamine,12 month-ending,10/31/2019,988,
01/04/2026,2019,11,Region 10,Methamphetamine,12 month-ending,11/30/2019,986,
01/04/2026,2019,12,Region 10,Methamphetamine,12 month-ending,12/31/2019,978,
01/04/2026,2020,1,Region 10,Methamphetamine,12 month-ending,01/31/2020,974,
01/04/2026,2020,2,Region 10,Methamphetamine,12 month-ending,02/29/2020,974,
01/04/2026,2020,3,Region 10,Methamphetamine,12 month-ending,03/31/2020,991,
01/04/2026,2020,4,Region 10,Methamphetamine,12 month-ending,04/30/2020,1022,
01/04/2026,2020,5,Region 10,Methamphetamine,12 month-ending,05/31/2020,1080,
01/04/2026,2020,6,Region 10,Methamphetamine,12 month-ending,06/30/2020,1104,
01/04/2026,2020,7,Region 10,Methamphetamine,12 month-ending,07/31/2020,1112,
01/04/2026,2020,8,Region 10,Methamphetamine,12 month-ending,08/31/2020,1143,
01/04/2026,2020,9,Region 10,Methamphetamine,12 month-ending,09/30/2020,1153,
01/04/2026,2020,10,Region 10,Methamphetamine,12 month-ending,10/31/2020,1161,
01/04/2026,2020,11,Region 10,Methamphetamine,12 month-ending,11/30/2020,1190,
01/04/2026,2020,12,Region 10,Methamphetamine,12 month-ending,12/31/2020,1229,
01/04/2026,2021,1,Region 10,Methamphetamine,12 month-ending,01/31/2021,1291,
01/04/2026,2021,2,Region 10,Methamphetamine,12 month-ending,02/28/2021,1336,
01/04/2026,2021,3,Region 10,Methamphetamine,12 month-ending,03/31/2021,1400,
01/04/2026,2021,4,Region 10,Methamphetamine,12 month-ending,04/30/2021,1475,
01/04/2026,2021,5,Region 10,Methamphetamine,12 month-ending,05/31/2021,1543,
01/04/2026,2021,6,Region 10,Methamphetamine,12 month-ending,06/30/2021,1605,
01/04/2026,2021,7,Region 10,Methamphetamine,12 month-ending,07/31/2021,1686,
01/04/2026,2021,8,Region 10,Methamphetamine,12 month-ending,08/31/2021,1770,
01/04/2026,2021,9,Region 10,Methamphetamine,12 month-ending,09/30/2021,1836,
01/04/2026,2021,10,Region 10,Methamphetamine,12 month-ending,10/31/2021,1920,
01/04/2026,2021,11,Region 10,Methamphetamine,12 month-ending,11/30/2021,1984,
01/04/2026,2021,12,Region 10,Methamphetamine,12 month-ending,12/31/2021,2021,
01/04/2026,2022,1,Region 10,Methamphetamine,12 month-ending,01/31/2022,2040,
01/04/2026,2022,2,Region 10,Methamphetamine,12 month-ending,02/28/2022,2068,
01/04/2026,2022,3,Region 10,Methamphetamine,12 month-ending,03/31/2022,2077,
01/04/2026,2022,4,Region 10,Methamphetamine,12 month-ending,04/30/2022,2063,
01/04/2026,2022,5,Region 10,Methamphetamine,12 month-ending,05/31/2022,2055,
01/04/2026,2022,6,Region 10,Methamphetamine,12 month-ending,06/30/2022,2060,
01/04/2026,2022,7,Region 10,Methamphetamine,12 month-ending,07/31/2022,2089,
01/04/2026,2022,8,Region 10,Methamphetamine,12 month-ending,08/31/2022,2107,
01/04/2026,2022,9,Region 10,Methamphetamine,12 month-ending,09/30/2022,2115,
01/04/2026,2022,10,Region 10,Methamphetamine,12 month-ending,10/31/2022,2131,
01/04/2026,2022,11,Region 10,Methamphetamine,12 month-ending,11/30/2022,2210,
01/04/2026,2022,12,Region 10,Methamphetamine,12 month-ending,12/31/2022,2389,
01/04/2026,2023,1,Region 10,Methamphetamine,12 month-ending,01/31/2023,2497,
01/04/2026,2023,2,Region 10,Methamphetamine,12 month-ending,02/28/2023,2567,
01/04/2026,2023,3,Region 10,Methamphetamine,12 month-ending,03/31/2023,2702,
01/04/2026,2023,4,Region 10,Methamphetamine,12 month-ending,04/30/2023,2798,
01/04/2026,2023,5,Region 10,Methamphetamine,12 month-ending,05/31/2023,2891,
01/04/2026,2023,6,Region 10,Methamphetamine,12 month-ending,06/30/2023,2984,
01/04/2026,2023,7,Region 10,Methamphetamine,12 month-ending,07/31/2023,3080,
01/04/2026,2023,8,Region 10,Methamphetamine,12 month-ending,08/31/2023,3145,
01/04/2026,2023,9,Region 10,Methamphetamine,12 month-ending,09/30/2023,3255,
01/04/2026,2023,10,Region 10,Methamphetamine,12 month-ending,10/31/2023,3354,
01/04/2026,2023,11,Region 10,Methamphetamine,12 month-ending,11/30/2023,3410,
01/04/2026,2023,12,Region 10,Methamphetamine,12 month-ending,12/31/2023,3377,
01/04/2026,2024,1,Region 10,Methamphetamine,12 month-ending,01/31/2024,3427,
01/04/2026,2024,2,Region 10,Methamphetamine,12 month-ending,02/29/2024,3496,
01/04/2026,2024,3,Region 10,Methamphetamine,12 month-ending,03/31/2024,3496,
01/04/2026,2024,4,Region 10,Methamphetamine,12 month-ending,04/30/2024,3515,
01/04/2026,2024,5,Region 10,Methamphetamine,12 month-ending,05/31/2024,3513,
01/04/2026,2024,6,Region 10,Methamphetamine,12 month-ending,06/30/2024,3479,
01/04/2026,2024,7,Region 10,Methamphetamine,12 month-ending,07/31/2024,3404,
01/04/2026,2024,8,Region 10,Methamphetamine,12 month-ending,08/31/2024,3292,
01/04/2026,2024,9,Region 10,Methamphetamine,12 month-ending,09/30/2024,3223,
01/04/2026,2024,10,Region 10,Methamphetamine,12 month-ending,10/31/2024,3146,
01/04/2026,2024,11,Region 10,Methamphetamine,12 month-ending,11/30/2024,3179,
01/04/2026,2024,12,Region 10,Methamphetamine,12 month-ending,12/31/2024,3172,
01/04/2026,2025,1,Region 10,Methamphetamine,12 month-ending,01/31/2025,3152,
01/04/2026,2025,2,Region 10,Methamphetamine,12 month-ending,02/28/2025,3161,
01/04/2026,2025,3,Region 10,Methamphetamine,12 month-ending,03/31/2025,3181,
01/04/2026,2025,4,Region 10,Methamphetamine,12 month-ending,04/30/2025,3171,
01/04/2026,2025,5,Region 10,Methamphetamine,12 month-ending,05/31/2025,3114,
01/04/2026,2025,6,Region 10,Methamphetamine,12 month-ending,06/30/2025,3042,
01/04/2026,2019,1,Region 1,Cocaine,12 month-ending,01/31/2019,1455,
01/04/2026,2019,2,Region 1,Cocaine,12 month-ending,02/28/2019,1461,
01/04/2026,2019,3,Region 1,Cocaine,12 month-ending,03/31/2019,1470,
01/04/2026,2019,4,Region 1,Cocaine,12 month-ending,04/30/2019,1490,
01/04/2026,2019,5,Region 1,Cocaine,12 month-ending,05/31/2019,1480,
01/04/2026,2019,6,Region 1,Cocaine,12 month-ending,06/30/2019,1477,
01/04/2026,2019,7,Region 1,Cocaine,12 month-ending,07/31/2019,1492,
01/04/2026,2019,8,Region 1,Cocaine,12 month-ending,08/31/2019,1514,
01/04/2026,2019,9,Region 1,Cocaine,12 month-ending,09/30/2019,1526,
01/04/2026,2019,10,Region 1,Cocaine,12 month-ending,10/31/2019,1577,
01/04/2026,2019,11,Region 1,Cocaine,12 month-ending,11/30/2019,1612,
01/04/2026,2019,12,Region 1,Cocaine,12 month-ending,12/31/2019,1655,
01/04/2026,2020,1,Region 1,Cocaine,12 month-ending,01/31/2020,1671,
01/04/2026,2020,2,Region 1,Cocaine,12 month-ending,02/29/2020,1725,
01/04/2026,2020,3,Region 1,Cocaine,12 month-ending,03/31/2020,1765,
01/04/2026,2020,4,Region 1,Cocaine,12 month-ending,04/30/2020,1823,
01/04/2026,2020,5,Region 1,Cocaine,12 month-ending,05/31/2020,1891,
01/04/2026,2020,6,Region 1,Cocaine,12 month-ending,06/30/2020,1885,
01/04/2026,2020,7,Region 1,Cocaine,12 month-ending,07/31/2020,1924,
01/04/2026,2020,8,Region 1,Cocaine,12 month-ending,08/31/2020,1910,
01/04/2026,2020,9,Region 1,Cocaine,12 month-ending,09/30/2020,1914,
01/04/2026,2020,10,Region 1,Cocaine,12 month-ending,10/31/2020,1910,
01/04/2026,2020,11,Region 1,Cocaine,12 month-ending,11/30/2020,1908,
01/04/2026,2020,12,Region 1,Cocaine,12 month-ending,12/31/2020,1894,
01/04/2026,2021,1,Region 1,Cocaine,12 month-ending,01/31/2021,1925,
01/04/2026,2021,2,Region 1,Cocaine,12 month-ending,02/28/2021,1904,
01/04/2026,2021,3,Region 1,Cocaine,12 month-ending,03/31/2021,1944,
01/04/2026,2021,4,Region 1,Cocaine,12 month-ending,04/30/2021,1958,
01/04/2026,2021,5,Region 1,Cocaine,12 month-ending,05/31/2021,1962,
01/04/2026,2021,6,Region 1,Cocaine,12 month-ending,06/30/2021,2017,
01/04/2026,2021,7,Region 1,Cocaine,12 month-ending,07/31/2021,2023,
01/04/2026,2021,8,Region 1,Cocaine,12 month-ending,08/31/2021,2100,
01/04/2026,2021,9,Region 1,Cocaine,12 month-ending,09/30/2021,2178,
01/04/2026,2021,10,Region 1,Cocaine,12 month-ending,10/31/2021,2239,
01/04/2026,2021,11,Region 1,Cocaine,12 month-ending,11/30/2021,2307,
01/04/2026,2021,12,Region 1,Cocaine,12 month-ending,12/31/2021,2379,
01/04/2026,2022,1,Region 1,Cocaine,12 month-ending,01/31/2022,2407,
01/04/2026,2022,2,Region 1,Cocaine,12 month-ending,02/28/2022,2472,
01/04/2026,2022,3,Region 1,Cocaine,12 month-ending,03/31/2022,2499,
01/04/2026,2022,4,Region 1,Cocaine,12 month-ending,04/30/2022,2523,
01/04/2026,2022,5,Region 1,Cocaine,12 month-ending,05/31/2022,2528,
01/04/2026,2022,6,Region 1,Cocaine,12 month-ending,06/30/2022,2523,
01/04/2026,2022,7,Region 1,Cocaine,12 month-ending,07/31/2022,2543,
01/04/2026,2022,8,Region 1,Cocaine,12 month-ending,08/31/2022,2539,
01/04/2026,2022,9,Region 1,Cocaine,12 month-ending,09/30/2022,2531,
01/04/2026,2022,10,Region 1,Cocaine,12 month-ending,10/31/2022,2579,
01/04/2026,2022,11,Region 1,Cocaine,12 month-ending,11/30/2022,2600,
01/04/2026,2022,12,Region 1,Cocaine,12 month-ending,12/31/2022,2597,
01/04/2026,2023,1,Region 1,Cocaine,12 month-ending,01/31/2023,2637,
01/04/2026,2023,2,Region 1,Cocaine,12 month-ending,02/28/2023,2661,
01/04/2026,2023,3,Region 1,Cocaine,12 month-ending,03/31/2023,2661,
01/04/2026,2023,4,Region 1,Cocaine,12 month-ending,04/30/2023,2671,
01/04/2026,2023,5,Region 1,Cocaine,12 month-ending,05/31/2023,2693,
01/04/2026,2023,6,Region 1,Cocaine,12 month-ending,06/30/2023,2733,
01/04/2026,2023,7,Region 1,Cocaine,12 month-ending,07/31/2023,2741,
01/04/2026,2023,8,Region 1,Cocaine,12 month-ending,08/31/2023,2745,
01/04/2026,2023,9,Region 1,Cocaine,12 month-ending,09/30/2023,2759,
01/04/2026,2023,10,Region 1,Cocaine,12 month-ending,10/31/2023,2689,
01/04/2026,2023,11,Region 1,Cocaine,12 month-ending,11/30/2023,2664,
01/04/2026,2023,12,Region 1,Cocaine,12 month-ending,12/31/2023,2672,
01/04/2026,2024,1,Region 1,Cocaine,12 month-ending,01/31/2024,2642,
01/04/2026,2024,2,Region 1,Cocaine,12 month-ending,02/29/2024,2595,
01/04/2026,2024,3,Region 1,Cocaine,12 month-ending,03/31/2024,2584,
01/04/2026,2024,4,Region 1,Cocaine,12 month-ending,04/30/2024,2526,
01/04/2026,2024,5,Region 1,Cocaine,12 month-ending,05/31/2024,2468,
01/04/2026,2024,6,Region 1,Cocaine,12 month-ending,06/30/2024,2417,
01/04/2026,2024,7,Region 1,Cocaine,12 month-ending,07/31/2024,2370,
01/04/2026,2024,8,Region 1,Cocaine,12 month-ending,08/31/2024,2311,
01/04/2026,2024,9,Region 1,Cocaine,12 month-ending,09/30/2024,2200,
01/04/2026,2024,10,Region 1,Cocaine,12 month-ending,10/31/2024,2177,
01/04/2026,2024,11,Region 1,Cocaine,12 month-ending,11/30/2024,2102,
01/04/2026,2024,12,Region 1,Cocaine,12 month-ending,12/31/2024,2026,
01/04/2026,2025,1,Region 1,Cocaine,12 month-ending,01/31/2025,1948,
01/04/2026,2025,2,Region 1,Cocaine,12 month-ending,02/28/2025,1897,
01/04/2026,2025,3,Region 1,Cocaine,12 month-ending,03/31/2025,1801,
01/04/2026,2025,4,Region 1,Cocaine,12 month-ending,04/30/2025,1700,
01/04/2026,2025,5,Region 1,Cocaine,12 month-ending,05/31/2025,1619,
01/04/2026,2025,6,Region 1,Cocaine,12 month-ending,06/30/2025,1607,
01/04/2026,2019,1,Region 2,Cocaine,12 month-ending,01/31/2019,2231,
01/04/2026,2019,2,Region 2,Cocaine,12 month-ending,02/28/2019,2276,
01/04/2026,2019,3,Region 2,Cocaine,12 month-ending,03/31/2019,2246,
01/04/2026,2019,4,Region 2,Cocaine,12 month-ending,04/30/2019,2233,
01/04/2026,2019,5,Region 2,Cocaine,12 month-ending,05/31/2019,2206,
01/04/2026,2019,6,Region 2,Cocaine,12 month-ending,06/30/2019,2175,
01/04/2026,2019,7,Region 2,Cocaine,12 month-ending,07/31/2019,2189,
01/04/2026,2019,8,Region 2,Cocaine,12 month-ending,08/31/2019,2198,
01/04/2026,2019,9,Region 2,Cocaine,12 month-ending,09/30/2019,2205,
01/04/2026,2019,10,Region 2,Cocaine,12 month-ending,10/31/2019,2199,
01/04/2026,2019,11,Region 2,Cocaine,12 month-ending,11/30/2019,2248,
01/04/2026,2019,12,Region 2,Cocaine,12 month-ending,12/31/2019,2299,
01/04/2026,2020,1,Region 2,Cocaine,12 month-ending,01/31/2020,2372,
01/04/2026,2020,2,Region 2,Cocaine,12 month-ending,02/29/2020,2406,
01/04/2026,2020,3,Region 2,Cocaine,12 month-ending,03/31/2020,2478,
01/04/2026,2020,4,Region 2,Cocaine,12 month-ending,04/30/2020,2526,
01/04/2026,2020,5,Region 2,Cocaine,12 month-ending,05/31/2020,2623,
01/04/2026,2020,6,Region 2,Cocaine,12 month-ending,06/30/2020,2707,
01/04/2026,2020,7,Region 2,Cocaine,12 month-ending,07/31/2020,2737,
01/04/2026,2020,8,Region 2,Cocaine,12 month-ending,08/31/2020,2738,
01/04/2026,2020,9,Region 2,Cocaine,12 month-ending,09/30/2020,2796,
01/04/2026,2020,10,Region 2,Cocaine,12 month-ending,10/31/2020,2794,
01/04/2026,2020,11,Region 2,Cocaine,12 month-ending,11/30/2020,2788,
01/04/2026,2020,12,Region 2,Cocaine,12 month-ending,12/31/2020,2764,
01/04/2026,2021,1,Region 2,Cocaine,12 month-ending,01/31/2021,2832,
01/04/2026,2021,2,Region 2,Cocaine,12 month-ending,02/28/2021,2830,
01/04/2026,2021,3,Region 2,Cocaine,12 month-ending,03/31/2021,2894,
01/04/2026,2021,4,Region 2,Cocaine,12 month-ending,04/30/2021,2948,
01/04/2026,2021,5,Region 2,Cocaine,12 month-ending,05/31/2021,2943,
01/04/2026,2021,6,Region 2,Cocaine,12 month-ending,06/30/2021,2983,
01/04/2026,2021,7,Region 2,Cocaine,12 month-ending,07/31/2021,3048,
01/04/2026,2021,8,Region 2,Cocaine,12 month-ending,08/31/2021,3181,
01/04/2026,2021,9,Region 2,Cocaine,12 month-ending,09/30/2021,3281,
01/04/2026,2021,10,Region 2,Cocaine,12 month-ending,10/31/2021,3419,
01/04/2026,2021,11,Region 2,Cocaine,12 month-ending,11/30/2021,3512,
01/04/2026,2021,12,Region 2,Cocaine,12 month-ending,12/31/2021,3602,
01/04/2026,2022,1,Region 2,Cocaine,12 month-ending,01/31/2022,3640,
01/04/2026,2022,2,Region 2,Cocaine,12 month-ending,02/28/2022,3726,
01/04/2026,2022,3,Region 2,Cocaine,12 month-ending,03/31/2022,3727,
01/04/2026,2022,4,Region 2,Cocaine,12 month-ending,04/30/2022,3784,
01/04/2026,2022,5,Region 2,Cocaine,12 month-ending,05/31/2022,3815,
01/04/2026,2022,6,Region 2,Cocaine,12 month-ending,06/30/2022,3866,
01/04/2026,2022,7,Region 2,Cocaine,12 month-ending,07/31/2022,3927,
01/04/2026,2022,8,Region 2,Cocaine,12 month-ending,08/31/2022,3949,
01/04/2026,2022,9,Region 2,Cocaine,12 month-ending,09/30/2022,3981,
01/04/2026,2022,10,Region 2,Cocaine,12 month-ending,10/31/2022,4042,
01/04/2026,2022,11,Region 2,Cocaine,12 month-ending,11/30/2022,4131,
01/04/2026,2022,12,Region 2,Cocaine,12 month-ending,12/31/2022,4253,
01/04/2026,2023,1,Region 2,Cocaine,12 month-ending,01/31/2023,4340,
01/04/2026,2023,2,Region 2,Cocaine,12 month-ending,02/28/2023,4391,
01/04/2026,2023,3,Region 2,Cocaine,12 month-ending,03/31/2023,4477,
01/04/2026,2023,4,Region 2,Cocaine,12 month-ending,04/30/2023,4590,
01/04/2026,2023,5,Region 2,Cocaine,12 month-ending,05/31/2023,4689,
01/04/2026,2023,6,Region 2,Cocaine,12 month-ending,06/30/2023,4717,
01/04/2026,2023,7,Region 2,Cocaine,12 month-ending,07/31/2023,4723,
01/04/2026,2023,8,Region 2,Cocaine,12 month-ending,08/31/2023,4793,
01/04/2026,2023,9,Region 2,Cocaine,12 month-ending,09/30/2023,4744,
01/04/2026,2023,10,Region 2,Cocaine,12 month-ending,10/31/2023,4723,
01/04/2026,2023,11,Region 2,Cocaine,12 month-ending,11/30/2023,4681,
01/04/2026,2023,12,Region 2,Cocaine,12 month-ending,12/31/2023,4623,
01/04/2026,2024,1,Region 2,Cocaine,12 month-ending,01/31/2024,4587,
01/04/2026,2024,2,Region 2,Cocaine,12 month-ending,02/29/2024,4564,
01/04/2026,2024,3,Region 2,Cocaine,12 month-ending,03/31/2024,4461,
01/04/2026,2024,4,Region 2,Cocaine,12 month-ending,04/30/2024,4341,
01/04/2026,2024,5,Region 2,Cocaine,12 month-ending,05/31/2024,4192,
01/04/2026,2024,6,Region 2,Cocaine,12 month-ending,06/30/2024,4078,
01/04/2026,2024,7,Region 2,Cocaine,12 month-ending,07/31/2024,3994,
01/04/2026,2024,8,Region 2,Cocaine,12 month-ending,08/31/2024,3825,
01/04/2026,2024,9,Region 2,Cocaine,12 month-ending,09/30/2024,3764,
01/04/2026,2024,10,Region 2,Cocaine,12 month-ending,10/31/2024,3624,
01/04/2026,2024,11,Region 2,Cocaine,12 month-ending,11/30/2024,3509,
01/04/2026,2024,12,Region 2,Cocaine,12 month-ending,12/31/2024,3374,
01/04/2026,2025,1,Region 2,Cocaine,12 month-ending,01/31/2025,3239,
01/04/2026,2025,2,Region 2,Cocaine,12 month-ending,02/28/2025,3124,
01/04/2026,2025,3,Region 2,Cocaine,12 month-ending,03/31/2025,3046,
01/04/2026,2025,4,Region 2,Cocaine,12 month-ending,04/30/2025,2929,
01/04/2026,2025,5,Region 2,Cocaine,12 month-ending,05/31/2025,2885,
01/04/2026,2025,6,Region 2,Cocaine,12 month-ending,06/30/2025,2810,
01/04/2026,2019,1,Region 3,Cocaine,12 month-ending,01/31/2019,2931,
01/04/2026,2019,2,Region 3,Cocaine,12 month-ending,02/28/2019,2936,
01/04/2026,2019,3,Region 3,Cocaine,12 month-ending,03/31/2019,2922,
01/04/2026,2019,4,Region 3,Cocaine,12 month-ending,04/30/2019,2887,
01/04/2026,2019,5,Region 3,Cocaine,12 month-ending,05/31/2019,2838,
01/04/2026,2019,6,Region 3,Cocaine,12 month-ending,06/30/2019,2828,
01/04/2026,2019,7,Region 3,Cocaine,12 month-ending,07/31/2019,2799,
01/04/2026,2019,8,Region 3,Cocaine,12 month-ending,08/31/2019,2835,
01/04/2026,2019,9,Region 3,Cocaine,12 month-ending,09/30/2019,2855,
01/04/2026,2019,10,Region 3,Cocaine,12 month-ending,10/31/2019,2902,
01/04/2026,2019,11,Region 3,Cocaine,12 month-ending,11/30/2019,2978,
01/04/2026,2019,12,Region 3,Cocaine,12 month-ending,12/31/2019,3070,
01/04/2026,2020,1,Region 3,Cocaine,12 month-ending,01/31/2020,3109,
01/04/2026,2020,2,Region 3,Cocaine,12 month-ending,02/29/2020,3146,
01/04/2026,2020,3,Region 3,Cocaine,12 month-ending,03/31/2020,3220,
01/04/2026,2020,4,Region 3,Cocaine,12 month-ending,04/30/2020,3314,
01/04/2026,2020,5,Region 3,Cocaine,12 month-ending,05/31/2020,3414,
01/04/2026,2020,6,Region 3,Cocaine,12 month-ending,06/30/2020,3450,
01/04/2026,2020,7,Region 3,Cocaine,12 month-ending,07/31/2020,3495,
01/04/2026,2020,8,Region 3,Cocaine,12 month-ending,08/31/2020,3486,
01/04/2026,2020,9,Region 3,Cocaine,12 month-ending,09/30/2020,3520,
01/04/2026,2020,10,Region 3,Cocaine,12 month-ending,10/31/2020,3525,
01/04/2026,2020,11,Region 3,Cocaine,12 month-ending,11/30/2020,3494,
01/04/2026,2020,12,Region 3,Cocaine,12 month-ending,12/31/2020,3449,
01/04/2026,2021,1,Region 3,Cocaine,12 month-ending,01/31/2021,3480,
01/04/2026,2021,2,Region 3,Cocaine,12 month-ending,02/28/2021,3529,
01/04/2026,2021,3,Region 3,Cocaine,12 month-ending,03/31/2021,3549,
01/04/2026,2021,4,Region 3,Cocaine,12 month-ending,04/30/2021,3567,
01/04/2026,2021,5,Region 3,Cocaine,12 month-ending,05/31/2021,3594,
01/04/2026,2021,6,Region 3,Cocaine,12 month-ending,06/30/2021,3654,
01/04/2026,2021,7,Region 3,Cocaine,12 month-ending,07/31/2021,3747,
01/04/2026,2021,8,Region 3,Cocaine,12 month-ending,08/31/2021,3812,
01/04/2026,2021,9,Region 3,Cocaine,12 month-ending,09/30/2021,3878,
01/04/2026,2021,10,Region 3,Cocaine,12 month-ending,10/31/2021,3977,
01/04/2026,2021,11,Region 3,Cocaine,12 month-ending,11/30/2021,4031,
01/04/2026,2021,12,Region 3,Cocaine,12 month-ending,12/31/2021,4149,
01/04/2026,2022,1,Region 3,Cocaine,12 month-ending,01/31/2022,4211,
01/04/2026,2022,2,Region 3,Cocaine,12 month-ending,02/28/2022,4242,
01/04/2026,2022,3,Region 3,Cocaine,12 month-ending,03/31/2022,4287,
01/04/2026,2022,4,Region 3,Cocaine,12 month-ending,04/30/2022,4280,
01/04/2026,2022,5,Region 3,Cocaine,12 month-ending,05/31/2022,4293,
01/04/2026,2022,6,Region 3,Cocaine,12 month-ending,06/30/2022,4317,
01/04/2026,2022,7,Region 3,Cocaine,12 month-ending,07/31/2022,4311,
01/04/2026,2022,8,Region 3,Cocaine,12 month-ending,08/31/2022,4366,
01/04/2026,2022,9,Region 3,Cocaine,12 month-ending,09/30/2022,4357,
01/04/2026,2022,10,Region 3,Cocaine,12 month-ending,10/31/2022,4366,
01/04/2026,2022,11,Region 3,Cocaine,12 month-ending,11/30/2022,4465,
01/04/2026,2022,12,Region 3,Cocaine,12 month-ending,12/31/2022,4540,
01/04/2026,2023,1,Region 3,Cocaine,12 month-ending,01/31/2023,4587,
01/04/2026,2023,2,Region 3,Cocaine,12 month-ending,02/28/2023,4628,
01/04/2026,2023,3,Region 3,Cocaine,12 month-ending,03/31/2023,4690,
01/04/2026,2023,4,Region 3,Cocaine,12 month-ending,04/30/2023,4765,
01/04/2026,2023,5,Region 3,Cocaine,12 month-ending,05/31/2023,4843,
01/04/2026,2023,6,Region 3,Cocaine,12 month-ending,06/30/2023,4891,
01/04/2026,2023,7,Region 3,Cocaine,12 month-ending,07/31/2023,4952,
01/04/2026,2023,8,Region 3,Cocaine,12 month-ending,08/31/2023,4959,
01/04/2026,2023,9,Region 3,Cocaine,12 month-ending,09/30/2023,4960,
01/04/2026,2023,10,Region 3,Cocaine,12 month-ending,10/31/2023,5012,
01/04/2026,2023,11,Region 3,Cocaine,12 month-ending,11/30/2023,4988,
01/04/2026,2023,12,Region 3,Cocaine,12 month-ending,12/31/2023,4926,
01/04/2026,2024,1,Region 3,Cocaine,12 month-ending,01/31/2024,4845,
01/04/2026,2024,2,Region 3,Cocaine,12 month-ending,02/29/2024,4788,
01/04/2026,2024,3,Region 3,Cocaine,12 month-ending,03/31/2024,4664,
01/04/2026,2024,4,Region 3,Cocaine,12 month-ending,04/30/2024,4513,
01/04/2026,2024,5,Region 3,Cocaine,12 month-ending,05/31/2024,4353,
01/04/2026,2024,6,Region 3,Cocaine,12 month-ending,06/30/2024,4252,
01/04/2026,2024,7,Region 3,Cocaine,12 month-ending,07/31/2024,4111,
01/04/2026,2024,8,Region 3,Cocaine,12 month-ending,08/31/2024,3959,
01/04/2026,2024,9,Region 3,Cocaine,12 month-ending,09/30/2024,3821,
01/04/2026,2024,10,Region 3,Cocaine,12 month-ending,10/31/2024,3611,
01/04/2026,2024,11,Region 3,Cocaine,12 month-ending,11/30/2024,3439,
01/04/2026,2024,12,Region 3,Cocaine,12 month-ending,12/31/2024,3290,
01/04/2026,2025,1,Region 3,Cocaine,12 month-ending,01/31/2025,3214,
01/04/2026,2025,2,Region 3,Cocaine,12 month-ending,02/28/2025,3101,
01/04/2026,2025,3,Region 3,Cocaine,12 month-ending,03/31/2025,3024,
01/04/2026,2025,4,Region 3,Cocaine,12 month-ending,04/30/2025,2958,
01/04/2026,2025,5,Region 3,Cocaine,12 month-ending,05/31/2025,2872,
01/04/2026,2025,6,Region 3,Cocaine,12 month-ending,06/30/2025,2751,
01/04/2026,2019,1,Region 4,Cocaine,12 month-ending,01/31/2019,3125,
01/04/2026,2019,2,Region 4,Cocaine,12 month-ending,02/28/2019,3126,
01/04/2026,2019,3,Region 4,Cocaine,12 month-ending,03/31/2019,3131,
01/04/2026,2019,4,Region 4,Cocaine,12 month-ending,04/30/2019,3132,
01/04/2026,2019,5,Region 4,Cocaine,12 month-ending,05/31/2019,3147,
01/04/2026,2019,6,Region 4,Cocaine,12 month-ending,06/30/2019,3186,
01/04/2026,2019,7,Region 4,Cocaine,12 month-ending,07/31/2019,3201,
01/04/2026,2019,8,Region 4,Cocaine,12 month-ending,08/31/2019,3255,
01/04/2026,2019,9,Region 4,Cocaine,12 month-ending,09/30/2019,3348,
01/04/2026,2019,10,Region 4,Cocaine,12 month-ending,10/31/2019,3441,
01/04/2026,2019,11,Region 4,Cocaine,12 month-ending,11/30/2019,3504,
01/04/2026,2019,12,Region 4,Cocaine,12 month-ending,12/31/2019,3545,
01/04/2026,2020,1,Region 4,Cocaine,12 month-ending,01/31/2020,3610,
01/04/2026,2020,2,Region 4,Cocaine,12 month-ending,02/29/2020,3708,
01/04/2026,2020,3,Region 4,Cocaine,12 month-ending,03/31/2020,3874,
01/04/2026,2020,4,Region 4,Cocaine,12 month-ending,04/30/2020,4023,
01/04/2026,2020,5,Region 4,Cocaine,12 month-ending,05/31/2020,4293,
01/04/2026,2020,6,Region 4,Cocaine,12 month-ending,06/30/2020,4407,
01/04/2026,2020,7,Region 4,Cocaine,12 month-ending,07/31/2020,4537,
01/04/2026,2020,8,Region 4,Cocaine,12 month-ending,08/31/2020,4636,
01/04/2026,2020,9,Region 4,Cocaine,12 month-ending,09/30/2020,4711,
01/04/2026,2020,10,Region 4,Cocaine,12 month-ending,10/31/2020,4699,
01/04/2026,2020,11,Region 4,Cocaine,12 month-ending,11/30/2020,4723,
01/04/2026,2020,12,Region 4,Cocaine,12 month-ending,12/31/2020,4783,
01/04/2026,2021,1,Region 4,Cocaine,12 month-ending,01/31/2021,4915,
01/04/2026,2021,2,Region 4,Cocaine,12 month-ending,02/28/2021,4950,
01/04/2026,2021,3,Region 4,Cocaine,12 month-ending,03/31/2021,5043,
01/04/2026,2021,4,Region 4,Cocaine,12 month-ending,04/30/2021,5233,
01/04/2026,2021,5,Region 4,Cocaine,12 month-ending,05/31/2021,5228,
01/04/2026,2021,6,Region 4,Cocaine,12 month-ending,06/30/2021,5351,
01/04/2026,2021,7,Region 4,Cocaine,12 month-ending,07/31/2021,5459,
01/04/2026,2021,8,Region 4,Cocaine,12 month-ending,08/31/2021,5606,
01/04/2026,2021,9,Region 4,Cocaine,12 month-ending,09/30/2021,5723,
01/04/2026,2021,10,Region 4,Cocaine,12 month-ending,10/31/2021,5891,
01/04/2026,2021,11,Region 4,Cocaine,12 month-ending,11/30/2021,6062,
01/04/2026,2021,12,Region 4,Cocaine,12 month-ending,12/31/2021,6233,
01/04/2026,2022,1,Region 4,Cocaine,12 month-ending,01/31/2022,6301,
01/04/2026,2022,2,Region 4,Cocaine,12 month-ending,02/28/2022,6433,
01/04/2026,2022,3,Region 4,Cocaine,12 month-ending,03/31/2022,6495,
01/04/2026,2022,4,Region 4,Cocaine,12 month-ending,04/30/2022,6442,
01/04/2026,2022,5,Region 4,Cocaine,12 month-ending,05/31/2022,6461,
01/04/2026,2022,6,Region 4,Cocaine,12 month-ending,06/30/2022,6448,
01/04/2026,2022,7,Region 4,Cocaine,12 month-ending,07/31/2022,6490,
01/04/2026,2022,8,Region 4,Cocaine,12 month-ending,08/31/2022,6500,
01/04/2026,2022,9,Region 4,Cocaine,12 month-ending,09/30/2022,6570,
01/04/2026,2022,10,Region 4,Cocaine,12 month-ending,10/31/2022,6636,
01/04/2026,2022,11,Region 4,Cocaine,12 month-ending,11/30/2022,6636,
01/04/2026,2022,12,Region 4,Cocaine,12 month-ending,12/31/2022,6667,
01/04/2026,2023,1,Region 4,Cocaine,12 month-ending,01/31/2023,6734,
01/04/2026,2023,2,Region 4,Cocaine,12 month-ending,02/28/2023,6755,
01/04/2026,2023,3,Region 4,Cocaine,12 month-ending,03/31/2023,6746,
01/04/2026,2023,4,Region 4,Cocaine,12 month-ending,04/30/2023,6786,
01/04/2026,2023,5,Region 4,Cocaine,12 month-ending,05/31/2023,6887,
01/04/2026,2023,6,Region 4,Cocaine,12 month-ending,06/30/2023,7000,
01/04/2026,2023,7,Region 4,Cocaine,12 month-ending,07/31/2023,7027,
01/04/2026,2023,8,Region 4,Cocaine,12 month-ending,08/31/2023,7104,
01/04/2026,2023,9,Region 4,Cocaine,12 month-ending,09/30/2023,7063,
01/04/2026,2023,10,Region 4,Cocaine,12 month-ending,10/31/2023,7058,
01/04/2026,2023,11,Region 4,Cocaine,12 month-ending,11/30/2023,7093,
01/04/2026,2023,12,Region 4,Cocaine,12 month-ending,12/31/2023,7082,
01/04/2026,2024,1,Region 4,Cocaine,12 month-ending,01/31/2024,7008,
01/04/2026,2024,2,Region 4,Cocaine,12 month-ending,02/29/2024,6933,
01/04/2026,2024,3,Region 4,Cocaine,12 month-ending,03/31/2024,6817,
01/04/2026,2024,4,Region 4,Cocaine,12 month-ending,04/30/2024,6664,
01/04/2026,2024,5,Region 4,Cocaine,12 month-ending,05/31/2024,6500,
01/04/2026,2024,6,Region 4,Cocaine,12 month-ending,06/30/2024,6304,
01/04/2026,2024,7,Region 4,Cocaine,12 month-ending,07/31/2024,6153,
01/04/2026,2024,8,Region 4,Cocaine,12 month-ending,08/31/2024,5914,
01/04/2026,2024,9,Region 4,Cocaine,12 month-ending,09/30/2024,5735,
01/04/2026,2024,10,Region 4,Cocaine,12 month-ending,10/31/2024,5527,
01/04/2026,2024,11,Region 4,Cocaine,12 month-ending,11/30/2024,5286,
01/04/2026,2024,12,Region 4,Cocaine,12 month-ending,12/31/2024,5101,
01/04/2026,2025,1,Region 4,Cocaine,12 month-ending,01/31/2025,4968,
01/04/2026,2025,2,Region 4,Cocaine,12 month-ending,02/28/2025,4793,
01/04/2026,2025,3,Region 4,Cocaine,12 month-ending,03/31/2025,4702,
01/04/2026,2025,4,Region 4,Cocaine,12 month-ending,04/30/2025,4568,
01/04/2026,2025,5,Region 4,Cocaine,12 month-ending,05/31/2025,4429,
01/04/2026,2025,6,Region 4,Cocaine,12 month-ending,06/30/2025,4376,
01/04/2026,2019,1,Region 5,Cocaine,12 month-ending,01/31/2019,3364,
01/04/2026,2019,2,Region 5,Cocaine,12 month-ending,02/28/2019,3331,
01/04/2026,2019,3,Region 5,Cocaine,12 month-ending,03/31/2019,3293,
01/04/2026,2019,4,Region 5,Cocaine,12 month-ending,04/30/2019,3308,
01/04/2026,2019,5,Region 5,Cocaine,12 month-ending,05/31/2019,3354,
01/04/2026,2019,6,Region 5,Cocaine,12 month-ending,06/30/2019,3366,
01/04/2026,2019,7,Region 5,Cocaine,12 month-ending,07/31/2019,3387,
01/04/2026,2019,8,Region 5,Cocaine,12 month-ending,08/31/2019,3426,
01/04/2026,2019,9,Region 5,Cocaine,12 month-ending,09/30/2019,3467,
01/04/2026,2019,10,Region 5,Cocaine,12 month-ending,10/31/2019,3498,
01/04/2026,2019,11,Region 5,Cocaine,12 month-ending,11/30/2019,3571,
01/04/2026,2019,12,Region 5,Cocaine,12 month-ending,12/31/2019,3594,
01/04/2026,2020,1,Region 5,Cocaine,12 month-ending,01/31/2020,3652,
01/04/2026,2020,2,Region 5,Cocaine,12 month-ending,02/29/2020,3747,
01/04/2026,2020,3,Region 5,Cocaine,12 month-ending,03/31/2020,3791,
01/04/2026,2020,4,Region 5,Cocaine,12 month-ending,04/30/2020,3925,
01/04/2026,2020,5,Region 5,Cocaine,12 month-ending,05/31/2020,4037,
01/04/2026,2020,6,Region 5,Cocaine,12 month-ending,06/30/2020,4129,
01/04/2026,2020,7,Region 5,Cocaine,12 month-ending,07/31/2020,4098,
01/04/2026,2020,8,Region 5,Cocaine,12 month-ending,08/31/2020,4060,
01/04/2026,2020,9,Region 5,Cocaine,12 month-ending,09/30/2020,4036,
01/04/2026,2020,10,Region 5,Cocaine,12 month-ending,10/31/2020,4035,
01/04/2026,2020,11,Region 5,Cocaine,12 month-ending,11/30/2020,4018,
01/04/2026,2020,12,Region 5,Cocaine,12 month-ending,12/31/2020,4025,
01/04/2026,2021,1,Region 5,Cocaine,12 month-ending,01/31/2021,4080,
01/04/2026,2021,2,Region 5,Cocaine,12 month-ending,02/28/2021,4085,
01/04/2026,2021,3,Region 5,Cocaine,12 month-ending,03/31/2021,4179,
01/04/2026,2021,4,Region 5,Cocaine,12 month-ending,04/30/2021,4225,
01/04/2026,2021,5,Region 5,Cocaine,12 month-ending,05/31/2021,4247,
01/04/2026,2021,6,Region 5,Cocaine,12 month-ending,06/30/2021,4278,
01/04/2026,2021,7,Region 5,Cocaine,12 month-ending,07/31/2021,4460,
01/04/2026,2021,8,Region 5,Cocaine,12 month-ending,08/31/2021,4616,
01/04/2026,2021,9,Region 5,Cocaine,12 month-ending,09/30/2021,4745,
01/04/2026,2021,10,Region 5,Cocaine,12 month-ending,10/31/2021,4878,
01/04/2026,2021,11,Region 5,Cocaine,12 month-ending,11/30/2021,5016,
01/04/2026,2021,12,Region 5,Cocaine,12 month-ending,12/31/2021,5199,
01/04/2026,2022,1,Region 5,Cocaine,12 month-ending,01/31/2022,5289,
01/04/2026,2022,2,Region 5,Cocaine,12 month-ending,02/28/2022,5377,
01/04/2026,2022,3,Region 5,Cocaine,12 month-ending,03/31/2022,5427,
01/04/2026,2022,4,Region 5,Cocaine,12 month-ending,04/30/2022,5406,
01/04/2026,2022,5,Region 5,Cocaine,12 month-ending,05/31/2022,5424,
01/04/2026,2022,6,Region 5,Cocaine,12 month-ending,06/30/2022,5488,
01/04/2026,2022,7,Region 5,Cocaine,12 month-ending,07/31/2022,5496,
01/04/2026,2022,8,Region 5,Cocaine,12 month-ending,08/31/2022,5561,
01/04/2026,2022,9,Region 5,Cocaine,12 month-ending,09/30/2022,5640,
01/04/2026,2022,10,Region 5,Cocaine,12 month-ending,10/31/2022,5702,
01/04/2026,2022,11,Region 5,Cocaine,12 month-ending,11/30/2022,5804,
01/04/2026,2022,12,Region 5,Cocaine,12 month-ending,12/31/2022,5901,
01/04/2026,2023,1,Region 5,Cocaine,12 month-ending,01/31/2023,6017,
01/04/2026,2023,2,Region 5,Cocaine,12 month-ending,02/28/2023,6077,
01/04/2026,2023,3,Region 5,Cocaine,12 month-ending,03/31/2023,6156,
01/04/2026,2023,4,Region 5,Cocaine,12 month-ending,04/30/2023,6239,
01/04/2026,2023,5,Region 5,Cocaine,12 month-ending,05/31/2023,6277,
01/04/2026,2023,6,Region 5,Cocaine,12 month-ending,06/30/2023,6344,
01/04/2026,2023,7,Region 5,Cocaine,12 month-ending,07/31/2023,6423,
01/04/2026,2023,8,Region 5,Cocaine,12 month-ending,08/31/2023,6463,
01/04/2026,2023,9,Region 5,Cocaine,12 month-ending,09/30/2023,6445,
01/04/2026,2023,10,Region 5,Cocaine,12 month-ending,10/31/2023,6410,
01/04/2026,2023,11,Region 5,Cocaine,12 month-ending,11/30/2023,6320,
01/04/2026,2023,12,Region 5,Cocaine,12 month-ending,12/31/2023,6206,
01/04/2026,2024,1,Region 5,Cocaine,12 month-ending,01/31/2024,6058,
01/04/2026,2024,2,Region 5,Cocaine,12 month-ending,02/29/2024,5960,
01/04/2026,2024,3,Region 5,Cocaine,12 month-ending,03/31/2024,5816,
01/04/2026,2024,4,Region 5,Cocaine,12 month-ending,04/30/2024,5686,
01/04/2026,2024,5,Region 5,Cocaine,12 month-ending,05/31/2024,5548,
01/04/2026,2024,6,Region 5,Cocaine,12 month-ending,06/30/2024,5368,
01/04/2026,2024,7,Region 5,Cocaine,12 month-ending,07/31/2024,5192,
01/04/2026,2024,8,Region 5,Cocaine,12 month-ending,08/31/2024,4998,
01/04/2026,2024,9,Region 5,Cocaine,12 month-ending,09/30/2024,4843,
01/04/2026,2024,10,Region 5,Cocaine,12 month-ending,10/31/2024,4639,
01/04/2026,2024,11,Region 5,Cocaine,12 month-ending,11/30/2024,4468,
01/04/2026,2024,12,Region 5,Cocaine,12 month-ending,12/31/2024,4260,
01/04/2026,2025,1,Region 5,Cocaine,12 month-ending,01/31/2025,4133,
01/04/2026,2025,2,Region 5,Cocaine,12 month-ending,02/28/2025,4060,
01/04/2026,2025,3,Region 5,Cocaine,12 month-ending,03/31/2025,3979,
01/04/2026,2025,4,Region 5,Cocaine,12 month-ending,04/30/2025,3854,
01/04/2026,2025,5,Region 5,Cocaine,12 month-ending,05/31/2025,3757,
01/04/2026,2025,6,Region 5,Cocaine,12 month-ending,06/30/2025,3702,
01/04/2026,2019,1,Region 6,Cocaine,12 month-ending,01/31/2019,1000,
01/04/2026,2019,2,Region 6,Cocaine,12 month-ending,02/28/2019,971,
01/04/2026,2019,3,Region 6,Cocaine,12 month-ending,03/31/2019,984,
01/04/2026,2019,4,Region 6,Cocaine,12 month-ending,04/30/2019,983,
01/04/2026,2019,5,Region 6,Cocaine,12 month-ending,05/31/2019,973,
01/04/2026,2019,6,Region 6,Cocaine,12 month-ending,06/30/2019,960,
01/04/2026,2019,7,Region 6,Cocaine,12 month-ending,07/31/2019,989,
01/04/2026,2019,8,Region 6,Cocaine,12 month-ending,08/31/2019,977,
01/04/2026,2019,9,Region 6,Cocaine,12 month-ending,09/30/2019,980,
01/04/2026,2019,10,Region 6,Cocaine,12 month-ending,10/31/2019,1006,
01/04/2026,2019,11,Region 6,Cocaine,12 month-ending,11/30/2019,1033,
01/04/2026,2019,12,Region 6,Cocaine,12 month-ending,12/31/2019,1040,
01/04/2026,2020,1,Region 6,Cocaine,12 month-ending,01/31/2020,1084,
01/04/2026,2020,2,Region 6,Cocaine,12 month-ending,02/29/2020,1139,
01/04/2026,2020,3,Region 6,Cocaine,12 month-ending,03/31/2020,1157,
01/04/2026,2020,4,Region 6,Cocaine,12 month-ending,04/30/2020,1232,
01/04/2026,2020,5,Region 6,Cocaine,12 month-ending,05/31/2020,1294,
01/04/2026,2020,6,Region 6,Cocaine,12 month-ending,06/30/2020,1336,
01/04/2026,2020,7,Region 6,Cocaine,12 month-ending,07/31/2020,1375,
01/04/2026,2020,8,Region 6,Cocaine,12 month-ending,08/31/2020,1438,
01/04/2026,2020,9,Region 6,Cocaine,12 month-ending,09/30/2020,1472,
01/04/2026,2020,10,Region 6,Cocaine,12 month-ending,10/31/2020,1475,
01/04/2026,2020,11,Region 6,Cocaine,12 month-ending,11/30/2020,1474,
01/04/2026,2020,12,Region 6,Cocaine,12 month-ending,12/31/2020,1515,
01/04/2026,2021,1,Region 6,Cocaine,12 month-ending,01/31/2021,1542,
01/04/2026,2021,2,Region 6,Cocaine,12 month-ending,02/28/2021,1559,
01/04/2026,2021,3,Region 6,Cocaine,12 month-ending,03/31/2021,1641,
01/04/2026,2021,4,Region 6,Cocaine,12 month-ending,04/30/2021,1656,
01/04/2026,2021,5,Region 6,Cocaine,12 month-ending,05/31/2021,1648,
01/04/2026,2021,6,Region 6,Cocaine,12 month-ending,06/30/2021,1651,
01/04/2026,2021,7,Region 6,Cocaine,12 month-ending,07/31/2021,1648,
01/04/2026,2021,8,Region 6,Cocaine,12 month-ending,08/31/2021,1649,
01/04/2026,2021,9,Region 6,Cocaine,12 month-ending,09/30/2021,1702,
01/04/2026,2021,10,Region 6,Cocaine,12 month-ending,10/31/2021,1713,
01/04/2026,2021,11,Region 6,Cocaine,12 month-ending,11/30/2021,1760,
01/04/2026,2021,12,Region 6,Cocaine,12 month-ending,12/31/2021,1769,
01/04/2026,2022,1,Region 6,Cocaine,12 month-ending,01/31/2022,1782,
01/04/2026,2022,2,Region 6,Cocaine,12 month-ending,02/28/2022,1811,
01/04/2026,2022,3,Region 6,Cocaine,12 month-ending,03/31/2022,1783,
01/04/2026,2022,4,Region 6,Cocaine,12 month-ending,04/30/2022,1796,
01/04/2026,2022,5,Region 6,Cocaine,12 month-ending,05/31/2022,1834,
01/04/2026,2022,6,Region 6,Cocaine,12 month-ending,06/30/2022,1861,
01/04/2026,2022,7,Region 6,Cocaine,12 month-ending,07/31/2022,1905,
01/04/2026,2022,8,Region 6,Cocaine,12 month-ending,08/31/2022,1956,
01/04/2026,2022,9,Region 6,Cocaine,12 month-ending,09/30/2022,1973,
01/04/2026,2022,10,Region 6,Cocaine,12 month-ending,10/31/2022,2027,
01/04/2026,2022,11,Region 6,Cocaine,12 month-ending,11/30/2022,2024,
01/04/2026,2022,12,Region 6,Cocaine,12 month-ending,12/31/2022,2076,
01/04/2026,2023,1,Region 6,Cocaine,12 month-ending,01/31/2023,2076,
01/04/2026,2023,2,Region 6,Cocaine,12 month-ending,02/28/2023,2087,
01/04/2026,2023,3,Region 6,Cocaine,12 month-ending,03/31/2023,2121,
01/04/2026,2023,4,Region 6,Cocaine,12 month-ending,04/30/2023,2133,
01/04/2026,2023,5,Region 6,Cocaine,12 month-ending,05/31/2023,2172,
01/04/2026,2023,6,Region 6,Cocaine,12 month-ending,06/30/2023,2212,
01/04/2026,2023,7,Region 6,Cocaine,12 month-ending,07/31/2023,2217,
01/04/2026,2023,8,Region 6,Cocaine,12 month-ending,08/31/2023,2222,
01/04/2026,2023,9,Region 6,Cocaine,12 month-ending,09/30/2023,2243,
01/04/2026,2023,10,Region 6,Cocaine,12 month-ending,10/31/2023,2250,
01/04/2026,2023,11,Region 6,Cocaine,12 month-ending,11/30/2023,2264,
01/04/2026,2023,12,Region 6,Cocaine,12 month-ending,12/31/2023,2236,
01/04/2026,2024,1,Region 6,Cocaine,12 month-ending,01/31/2024,2246,
01/04/2026,2024,2,Region 6,Cocaine,12 month-ending,02/29/2024,2266,
01/04/2026,2024,3,Region 6,Cocaine,12 month-ending,03/31/2024,2248,
01/04/2026,2024,4,Region 6,Cocaine,12 month-ending,04/30/2024,2246,
01/04/2026,2024,5,Region 6,Cocaine,12 month-ending,05/31/2024,2223,
01/04/2026,2024,6,Region 6,Cocaine,12 month-ending,06/30/2024,2195,
01/04/2026,2024,7,Region 6,Cocaine,12 month-ending,07/31/2024,2165,
01/04/2026,2024,8,Region 6,Cocaine,12 month-ending,08/31/2024,2135,
01/04/2026,2024,9,Region 6,Cocaine,12 month-ending,09/30/2024,2065,
01/04/2026,2024,10,Region 6,Cocaine,12 month-ending,10/31/2024,2038,
01/04/2026,2024,11,Region 6,Cocaine,12 month-ending,11/30/2024,1997,
01/04/2026,2024,12,Region 6,Cocaine,12 month-ending,12/31/2024,1981,
01/04/2026,2025,1,Region 6,Cocaine,12 month-ending,01/31/2025,1965,
01/04/2026,2025,2,Region 6,Cocaine,12 month-ending,02/28/2025,1915,
01/04/2026,2025,3,Region 6,Cocaine,12 month-ending,03/31/2025,1896,
01/04/2026,2025,4,Region 6,Cocaine,12 month-ending,04/30/2025,1845,
01/04/2026,2025,5,Region 6,Cocaine,12 month-ending,05/31/2025,1829,
01/04/2026,2025,6,Region 6,Cocaine,12 month-ending,06/30/2025,1813,
01/04/2026,2019,1,Region 7,Cocaine,12 month-ending,01/31/2019,185,
01/04/2026,2019,2,Region 7,Cocaine,12 month-ending,02/28/2019,193,
01/04/2026,2019,3,Region 7,Cocaine,12 month-ending,03/31/2019,193,
01/04/2026,2019,4,Region 7,Cocaine,12 month-ending,04/30/2019,195,
01/04/2026,2019,5,Region 7,Cocaine,12 month-ending,05/31/2019,196,
01/04/2026,2019,6,Region 7,Cocaine,12 month-ending,06/30/2019,194,
01/04/2026,2019,7,Region 7,Cocaine,12 month-ending,07/31/2019,189,
01/04/2026,2019,8,Region 7,Cocaine,12 month-ending,08/31/2019,198,
01/04/2026,2019,9,Region 7,Cocaine,12 month-ending,09/30/2019,210,
01/04/2026,2019,10,Region 7,Cocaine,12 month-ending,10/31/2019,223,
01/04/2026,2019,11,Region 7,Cocaine,12 month-ending,11/30/2019,225,
01/04/2026,2019,12,Region 7,Cocaine,12 month-ending,12/31/2019,229,
01/04/2026,2020,1,Region 7,Cocaine,12 month-ending,01/31/2020,234,
01/04/2026,2020,2,Region 7,Cocaine,12 month-ending,02/29/2020,245,
01/04/2026,2020,3,Region 7,Cocaine,12 month-ending,03/31/2020,252,
01/04/2026,2020,4,Region 7,Cocaine,12 month-ending,04/30/2020,275,
01/04/2026,2020,5,Region 7,Cocaine,12 month-ending,05/31/2020,285,
01/04/2026,2020,6,Region 7,Cocaine,12 month-ending,06/30/2020,292,
01/04/2026,2020,7,Region 7,Cocaine,12 month-ending,07/31/2020,309,
01/04/2026,2020,8,Region 7,Cocaine,12 month-ending,08/31/2020,311,
01/04/2026,2020,9,Region 7,Cocaine,12 month-ending,09/30/2020,317,
01/04/2026,2020,10,Region 7,Cocaine,12 month-ending,10/31/2020,323,
01/04/2026,2020,11,Region 7,Cocaine,12 month-ending,11/30/2020,324,
01/04/2026,2020,12,Region 7,Cocaine,12 month-ending,12/31/2020,328,
01/04/2026,2021,1,Region 7,Cocaine,12 month-ending,01/31/2021,327,
01/04/2026,2021,2,Region 7,Cocaine,12 month-ending,02/28/2021,325,
01/04/2026,2021,3,Region 7,Cocaine,12 month-ending,03/31/2021,332,
01/04/2026,2021,4,Region 7,Cocaine,12 month-ending,04/30/2021,343,
01/04/2026,2021,5,Region 7,Cocaine,12 month-ending,05/31/2021,360,
01/04/2026,2021,6,Region 7,Cocaine,12 month-ending,06/30/2021,377,
01/04/2026,2021,7,Region 7,Cocaine,12 month-ending,07/31/2021,393,
01/04/2026,2021,8,Region 7,Cocaine,12 month-ending,08/31/2021,413,
01/04/2026,2021,9,Region 7,Cocaine,12 month-ending,09/30/2021,420,
01/04/2026,2021,10,Region 7,Cocaine,12 month-ending,10/31/2021,419,
01/04/2026,2021,11,Region 7,Cocaine,12 month-ending,11/30/2021,428,
01/04/2026,2021,12,Region 7,Cocaine,12 month-ending,12/31/2021,444,
01/04/2026,2022,1,Region 7,Cocaine,12 month-ending,01/31/2022,469,
01/04/2026,2022,2,Region 7,Cocaine,12 month-ending,02/28/2022,494,
01/04/2026,2022,3,Region 7,Cocaine,12 month-ending,03/31/2022,496,
01/04/2026,2022,4,Region 7,Cocaine,12 month-ending,04/30/2022,489,
01/04/2026,2022,5,Region 7,Cocaine,12 month-ending,05/31/2022,481,
01/04/2026,2022,6,Region 7,Cocaine,12 month-ending,06/30/2022,487,
01/04/2026,2022,7,Region 7,Cocaine,12 month-ending,07/31/2022,480,
01/04/2026,2022,8,Region 7,Cocaine,12 month-ending,08/31/2022,473,
01/04/2026,2022,9,Region 7,Cocaine,12 month-ending,09/30/2022,482,
01/04/2026,2022,10,Region 7,Cocaine,12 month-ending,10/31/2022,492,
01/04/2026,2022,11,Region 7,Cocaine,12 month-ending,11/30/2022,508,
01/04/2026,2022,12,Region 7,Cocaine,12 month-ending,12/31/2022,499,
01/04/2026,2023,1,Region 7,Cocaine,12 month-ending,01/31/2023,486,
01/04/2026,2023,2,Region 7,Cocaine,12 month-ending,02/28/2023,470,
01/04/2026,2023,3,Region 7,Cocaine,12 month-ending,03/31/2023,489,
01/04/2026,2023,4,Region 7,Cocaine,12 month-ending,04/30/2023,488,
01/04/2026,2023,5,Region 7,Cocaine,12 month-ending,05/31/2023,497,
01/04/2026,2023,6,Region 7,Cocaine,12 month-ending,06/30/2023,492,
01/04/2026,2023,7,Region 7,Cocaine,12 month-ending,07/31/2023,497,
01/04/2026,2023,8,Region 7,Cocaine,12 month-ending,08/31/2023,499,
01/04/2026,2023,9,Region 7,Cocaine,12 month-ending,09/30/2023,510,
01/04/2026,2023,10,Region 7,Cocaine,12 month-ending,10/31/2023,507,
01/04/2026,2023,11,Region 7,Cocaine,12 month-ending,11/30/2023,500,
01/04/2026,2023,12,Region 7,Cocaine,12 month-ending,12/31/2023,506,
01/04/2026,2024,1,Region 7,Cocaine,12 month-ending,01/31/2024,515,
01/04/2026,2024,2,Region 7,Cocaine,12 month-ending,02/29/2024,530,
01/04/2026,2024,3,Region 7,Cocaine,12 month-ending,03/31/2024,513,
01/04/2026,2024,4,Region 7,Cocaine,12 month-ending,04/30/2024,517,
01/04/2026,2024,5,Region 7,Cocaine,12 month-ending,05/31/2024,516,
01/04/2026,2024,6,Region 7,Cocaine,12 month-ending,06/30/2024,510,
01/04/2026,2024,7,Region 7,Cocaine,12 month-ending,07/31/2024,496,
01/04/2026,2024,8,Region 7,Cocaine,12 month-ending,08/31/2024,483,
01/04/2026,2024,9,Region 7,Cocaine,12 month-ending,09/30/2024,451,
01/04/2026,2024,10,Region 7,Cocaine,12 month-ending,10/31/2024,453,
01/04/2026,2024,11,Region 7,Cocaine,12 month-ending,11/30/2024,453,
01/04/2026,2024,12,Region 7,Cocaine,12 month-ending,12/31/2024,455,
01/04/2026,2025,1,Region 7,Cocaine,12 month-ending,01/31/2025,441,
01/04/2026,2025,2,Region 7,Cocaine,12 month-ending,02/28/2025,427,
01/04/2026,2025,3,Region 7,Cocaine,12 month-ending,03/31/2025,435,
01/04/2026,2025,4,Region 7,Cocaine,12 month-ending,04/30/2025,415,
01/04/2026,2025,5,Region 7,Cocaine,12 month-ending,05/31/2025,411,
01/04/2026,2025,6,Region 7,Cocaine,12 month-ending,06/30/2025,412,
01/04/2026,2019,1,Region 8,Cocaine,12 month-ending,01/31/2019,223,
01/04/2026,2019,2,Region 8,Cocaine,12 month-ending,02/28/2019,224,
01/04/2026,2019,3,Region 8,Cocaine,12 month-ending,03/31/2019,216,
01/04/2026,2019,4,Region 8,Cocaine,12 month-ending,04/30/2019,210,
01/04/2026,2019,5,Region 8,Cocaine,12 month-ending,05/31/2019,210,
01/04/2026,2019,6,Region 8,Cocaine,12 month-ending,06/30/2019,202,
01/04/2026,2019,7,Region 8,Cocaine,12 month-ending,07/31/2019,202,
01/04/2026,2019,8,Region 8,Cocaine,12 month-ending,08/31/2019,205,
01/04/2026,2019,9,Region 8,Cocaine,12 month-ending,09/30/2019,200,
01/04/2026,2019,10,Region 8,Cocaine,12 month-ending,10/31/2019,195,
01/04/2026,2019,11,Region 8,Cocaine,12 month-ending,11/30/2019,202,
01/04/2026,2019,12,Region 8,Cocaine,12 month-ending,12/31/2019,208,
01/04/2026,2020,1,Region 8,Cocaine,12 month-ending,01/31/2020,217,
01/04/2026,2020,2,Region 8,Cocaine,12 month-ending,02/29/2020,223,
01/04/2026,2020,3,Region 8,Cocaine,12 month-ending,03/31/2020,229,
01/04/2026,2020,4,Region 8,Cocaine,12 month-ending,04/30/2020,256,
01/04/2026,2020,5,Region 8,Cocaine,12 month-ending,05/31/2020,285,
01/04/2026,2020,6,Region 8,Cocaine,12 month-ending,06/30/2020,303,
01/04/2026,2020,7,Region 8,Cocaine,12 month-ending,07/31/2020,323,
01/04/2026,2020,8,Region 8,Cocaine,12 month-ending,08/31/2020,328,
01/04/2026,2020,9,Region 8,Cocaine,12 month-ending,09/30/2020,333,
01/04/2026,2020,10,Region 8,Cocaine,12 month-ending,10/31/2020,340,
01/04/2026,2020,11,Region 8,Cocaine,12 month-ending,11/30/2020,355,
01/04/2026,2020,12,Region 8,Cocaine,12 month-ending,12/31/2020,350,
01/04/2026,2021,1,Region 8,Cocaine,12 month-ending,01/31/2021,357,
01/04/2026,2021,2,Region 8,Cocaine,12 month-ending,02/28/2021,355,
01/04/2026,2021,3,Region 8,Cocaine,12 month-ending,03/31/2021,368,
01/04/2026,2021,4,Region 8,Cocaine,12 month-ending,04/30/2021,357,
01/04/2026,2021,5,Region 8,Cocaine,12 month-ending,05/31/2021,350,
01/04/2026,2021,6,Region 8,Cocaine,12 month-ending,06/30/2021,354,
01/04/2026,2021,7,Region 8,Cocaine,12 month-ending,07/31/2021,357,
01/04/2026,2021,8,Region 8,Cocaine,12 month-ending,08/31/2021,376,
01/04/2026,2021,9,Region 8,Cocaine,12 month-ending,09/30/2021,393,
01/04/2026,2021,10,Region 8,Cocaine,12 month-ending,10/31/2021,407,
01/04/2026,2021,11,Region 8,Cocaine,12 month-ending,11/30/2021,415,
01/04/2026,2021,12,Region 8,Cocaine,12 month-ending,12/31/2021,422,
01/04/2026,2022,1,Region 8,Cocaine,12 month-ending,01/31/2022,427,
01/04/2026,2022,2,Region 8,Cocaine,12 month-ending,02/28/2022,443,
01/04/2026,2022,3,Region 8,Cocaine,12 month-ending,03/31/2022,440,
01/04/2026,2022,4,Region 8,Cocaine,12 month-ending,04/30/2022,440,
01/04/2026,2022,5,Region 8,Cocaine,12 month-ending,05/31/2022,425,
01/04/2026,2022,6,Region 8,Cocaine,12 month-ending,06/30/2022,416,
01/04/2026,2022,7,Region 8,Cocaine,12 month-ending,07/31/2022,405,
01/04/2026,2022,8,Region 8,Cocaine,12 month-ending,08/31/2022,388,
01/04/2026,2022,9,Region 8,Cocaine,12 month-ending,09/30/2022,388,
01/04/2026,2022,10,Region 8,Cocaine,12 month-ending,10/31/2022,386,
01/04/2026,2022,11,Region 8,Cocaine,12 month-ending,11/30/2022,379,
01/04/2026,2022,12,Region 8,Cocaine,12 month-ending,12/31/2022,386,
01/04/2026,2023,1,Region 8,Cocaine,12 month-ending,01/31/2023,380,
01/04/2026,2023,2,Region 8,Cocaine,12 month-ending,02/28/2023,377,
01/04/2026,2023,3,Region 8,Cocaine,12 month-ending,03/31/2023,380,
01/04/2026,2023,4,Region 8,Cocaine,12 month-ending,04/30/2023,390,
01/04/2026,2023,5,Region 8,Cocaine,12 month-ending,05/31/2023,387,
01/04/2026,2023,6,Region 8,Cocaine,12 month-ending,06/30/2023,406,
01/04/2026,2023,7,Region 8,Cocaine,12 month-ending,07/31/2023,404,
01/04/2026,2023,8,Region 8,Cocaine,12 month-ending,08/31/2023,410,
01/04/2026,2023,9,Region 8,Cocaine,12 month-ending,09/30/2023,419,
01/04/2026,2023,10,Region 8,Cocaine,12 month-ending,10/31/2023,424,
01/04/2026,2023,11,Region 8,Cocaine,12 month-ending,11/30/2023,430,
01/04/2026,2023,12,Region 8,Cocaine,12 month-ending,12/31/2023,437,
01/04/2026,2024,1,Region 8,Cocaine,12 month-ending,01/31/2024,438,
01/04/2026,2024,2,Region 8,Cocaine,12 month-ending,02/29/2024,437,
01/04/2026,2024,3,Region 8,Cocaine,12 month-ending,03/31/2024,441,
01/04/2026,2024,4,Region 8,Cocaine,12 month-ending,04/30/2024,438,
01/04/2026,2024,5,Region 8,Cocaine,12 month-ending,05/31/2024,451,
01/04/2026,2024,6,Region 8,Cocaine,12 month-ending,06/30/2024,444,
01/04/2026,2024,7,Region 8,Cocaine,12 month-ending,07/31/2024,445,
01/04/2026,2024,8,Region 8,Cocaine,12 month-ending,08/31/2024,434,
01/04/2026,2024,9,Region 8,Cocaine,12 month-ending,09/30/2024,408,
01/04/2026,2024,10,Region 8,Cocaine,12 month-ending,10/31/2024,400,
01/04/2026,2024,11,Region 8,Cocaine,12 month-ending,11/30/2024,400,
01/04/2026,2024,12,Region 8,Cocaine,12 month-ending,12/31/2024,400,
01/04/2026,2025,1,Region 8,Cocaine,12 month-ending,01/31/2025,406,
01/04/2026,2025,2,Region 8,Cocaine,12 month-ending,02/28/2025,400,
01/04/2026,2025,3,Region 8,Cocaine,12 month-ending,03/31/2025,406,
01/04/2026,2025,4,Region 8,Cocaine,12 month-ending,04/30/2025,420,
01/04/2026,2025,5,Region 8,Cocaine,12 month-ending,05/31/2025,425,
01/04/2026,2025,6,Region 8,Cocaine,12 month-ending,06/30/2025,425,
01/04/2026,2019,1,Region 9,Cocaine,12 month-ending,01/31/2019,893,
01/04/2026,2019,2,Region 9,Cocaine,12 month-ending,02/28/2019,890,
01/04/2026,2019,3,Region 9,Cocaine,12 month-ending,03/31/2019,907,
01/04/2026,2019,4,Region 9,Cocaine,12 month-ending,04/30/2019,923,
01/04/2026,2019,5,Region 9,Cocaine,12 month-ending,05/31/2019,949,
01/04/2026,2019,6,Region 9,Cocaine,12 month-ending,06/30/2019,955,
01/04/2026,2019,7,Region 9,Cocaine,12 month-ending,07/31/2019,995,
01/04/2026,2019,8,Region 9,Cocaine,12 month-ending,08/31/2019,1011,
01/04/2026,2019,9,Region 9,Cocaine,12 month-ending,09/30/2019,1033,
01/04/2026,2019,10,Region 9,Cocaine,12 month-ending,10/31/2019,1053,
01/04/2026,2019,11,Region 9,Cocaine,12 month-ending,11/30/2019,1095,
01/04/2026,2019,12,Region 9,Cocaine,12 month-ending,12/31/2019,1135,
01/04/2026,2020,1,Region 9,Cocaine,12 month-ending,01/31/2020,1177,
01/04/2026,2020,2,Region 9,Cocaine,12 month-ending,02/29/2020,1205,
01/04/2026,2020,3,Region 9,Cocaine,12 month-ending,03/31/2020,1251,
01/04/2026,2020,4,Region 9,Cocaine,12 month-ending,04/30/2020,1328,
01/04/2026,2020,5,Region 9,Cocaine,12 month-ending,05/31/2020,1408,
01/04/2026,2020,6,Region 9,Cocaine,12 month-ending,06/30/2020,1486,
01/04/2026,2020,7,Region 9,Cocaine,12 month-ending,07/31/2020,1541,
01/04/2026,2020,8,Region 9,Cocaine,12 month-ending,08/31/2020,1622,
01/04/2026,2020,9,Region 9,Cocaine,12 month-ending,09/30/2020,1644,
01/04/2026,2020,10,Region 9,Cocaine,12 month-ending,10/31/2020,1668,
01/04/2026,2020,11,Region 9,Cocaine,12 month-ending,11/30/2020,1673,
01/04/2026,2020,12,Region 9,Cocaine,12 month-ending,12/31/2020,1674,
01/04/2026,2021,1,Region 9,Cocaine,12 month-ending,01/31/2021,1713,
01/04/2026,2021,2,Region 9,Cocaine,12 month-ending,02/28/2021,1745,
01/04/2026,2021,3,Region 9,Cocaine,12 month-ending,03/31/2021,1767,
01/04/2026,2021,4,Region 9,Cocaine,12 month-ending,04/30/2021,1779,
01/04/2026,2021,5,Region 9,Cocaine,12 month-ending,05/31/2021,1745,
01/04/2026,2021,6,Region 9,Cocaine,12 month-ending,06/30/2021,1737,
01/04/2026,2021,7,Region 9,Cocaine,12 month-ending,07/31/2021,1739,
01/04/2026,2021,8,Region 9,Cocaine,12 month-ending,08/31/2021,1729,
01/04/2026,2021,9,Region 9,Cocaine,12 month-ending,09/30/2021,1754,
01/04/2026,2021,10,Region 9,Cocaine,12 month-ending,10/31/2021,1809,
01/04/2026,2021,11,Region 9,Cocaine,12 month-ending,11/30/2021,1844,
01/04/2026,2021,12,Region 9,Cocaine,12 month-ending,12/31/2021,1870,
01/04/2026,2022,1,Region 9,Cocaine,12 month-ending,01/31/2022,1866,
01/04/2026,2022,2,Region 9,Cocaine,12 month-ending,02/28/2022,1896,
01/04/2026,2022,3,Region 9,Cocaine,12 month-ending,03/31/2022,1899,
01/04/2026,2022,4,Region 9,Cocaine,12 month-ending,04/30/2022,1883,
01/04/2026,2022,5,Region 9,Cocaine,12 month-ending,05/31/2022,1909,
01/04/2026,2022,6,Region 9,Cocaine,12 month-ending,06/30/2022,1911,
01/04/2026,2022,7,Region 9,Cocaine,12 month-ending,07/31/2022,1909,
01/04/2026,2022,8,Region 9,Cocaine,12 month-ending,08/31/2022,1905,
01/04/2026,2022,9,Region 9,Cocaine,12 month-ending,09/30/2022,1927,
01/04/2026,2022,10,Region 9,Cocaine,12 month-ending,10/31/2022,1920,
01/04/2026,2022,11,Region 9,Cocaine,12 month-ending,11/30/2022,1909,
01/04/2026,2022,12,Region 9,Cocaine,12 month-ending,12/31/2022,1939,
01/04/2026,2023,1,Region 9,Cocaine,12 month-ending,01/31/2023,1977,
01/04/2026,2023,2,Region 9,Cocaine,12 month-ending,02/28/2023,1984,
01/04/2026,2023,3,Region 9,Cocaine,12 month-ending,03/31/2023,2010,
01/04/2026,2023,4,Region 9,Cocaine,12 month-ending,04/30/2023,2023,
01/04/2026,2023,5,Region 9,Cocaine,12 month-ending,05/31/2023,2057,
01/04/2026,2023,6,Region 9,Cocaine,12 month-ending,06/30/2023,2073,
01/04/2026,2023,7,Region 9,Cocaine,12 month-ending,07/31/2023,2107,
01/04/2026,2023,8,Region 9,Cocaine,12 month-ending,08/31/2023,2162,
01/04/2026,2023,9,Region 9,Cocaine,12 month-ending,09/30/2023,2169,
01/04/2026,2023,10,Region 9,Cocaine,12 month-ending,10/31/2023,2173,
01/04/2026,2023,11,Region 9,Cocaine,12 month-ending,11/30/2023,2202,
01/04/2026,2023,12,Region 9,Cocaine,12 month-ending,12/31/2023,2198,
01/04/2026,2024,1,Region 9,Cocaine,12 month-ending,01/31/2024,2195,
01/04/2026,2024,2,Region 9,Cocaine,12 month-ending,02/29/2024,2180,
01/04/2026,2024,3,Region 9,Cocaine,12 month-ending,03/31/2024,2164,
01/04/2026,2024,4,Region 9,Cocaine,12 month-ending,04/30/2024,2147,
01/04/2026,2024,5,Region 9,Cocaine,12 month-ending,05/31/2024,2117,
01/04/2026,2024,6,Region 9,Cocaine,12 month-ending,06/30/2024,2115,
01/04/2026,2024,7,Region 9,Cocaine,12 month-ending,07/31/2024,2061,
01/04/2026,2024,8,Region 9,Cocaine,12 month-ending,08/31/2024,1972,
01/04/2026,2024,9,Region 9,Cocaine,12 month-ending,09/30/2024,1939,
01/04/2026,2024,10,Region 9,Cocaine,12 month-ending,10/31/2024,1889,
01/04/2026,2024,11,Region 9,Cocaine,12 month-ending,11/30/2024,1843,
01/04/2026,2024,12,Region 9,Cocaine,12 month-ending,12/31/2024,1826,
01/04/2026,2025,1,Region 9,Cocaine,12 month-ending,01/31/2025,1794,
01/04/2026,2025,2,Region 9,Cocaine,12 month-ending,02/28/2025,1805,
01/04/2026,2025,3,Region 9,Cocaine,12 month-ending,03/31/2025,1822,
01/04/2026,2025,4,Region 9,Cocaine,12 month-ending,04/30/2025,1848,
01/04/2026,2025,5,Region 9,Cocaine,12 month-ending,05/31/2025,1863,
01/04/2026,2025,6,Region 9,Cocaine,12 month-ending,06/30/2025,1886,
01/04/2026,2019,1,Region 10,Cocaine,12 month-ending,01/31/2019,206,
01/04/2026,2019,2,Region 10,Cocaine,12 month-ending,02/28/2019,199,
01/04/2026,2019,3,Region 10,Cocaine,12 month-ending,03/31/2019,206,
01/04/2026,2019,4,Region 10,Cocaine,12 month-ending,04/30/2019,204,
01/04/2026,2019,5,Region 10,Cocaine,12 month-ending,05/31/2019,201,
01/04/2026,2019,6,Region 10,Cocaine,12 month-ending,06/30/2019,194,
01/04/2026,2019,7,Region 10,Cocaine,12 month-ending,07/31/2019,200,
01/04/2026,2019,8,Region 10,Cocaine,12 month-ending,08/31/2019,203,
01/04/2026,2019,9,Region 10,Cocaine,12 month-ending,09/30/2019,194,
01/04/2026,2019,10,Region 10,Cocaine,12 month-ending,10/31/2019,202,
01/04/2026,2019,11,Region 10,Cocaine,12 month-ending,11/30/2019,211,
01/04/2026,2019,12,Region 10,Cocaine,12 month-ending,12/31/2019,222,
01/04/2026,2020,1,Region 10,Cocaine,12 month-ending,01/31/2020,230,
01/04/2026,2020,2,Region 10,Cocaine,12 month-ending,02/29/2020,240,
01/04/2026,2020,3,Region 10,Cocaine,12 month-ending,03/31/2020,239,
01/04/2026,2020,4,Region 10,Cocaine,12 month-ending,04/30/2020,261,
01/04/2026,2020,5,Region 10,Cocaine,12 month-ending,05/31/2020,290,
01/04/2026,2020,6,Region 10,Cocaine,12 month-ending,06/30/2020,297,
01/04/2026,2020,7,Region 10,Cocaine,12 month-ending,07/31/2020,291,
01/04/2026,2020,8,Region 10,Cocaine,12 month-ending,08/31/2020,283,
01/04/2026,2020,9,Region 10,Cocaine,12 month-ending,09/30/2020,293,
01/04/2026,2020,10,Region 10,Cocaine,12 month-ending,10/31/2020,294,
01/04/2026,2020,11,Region 10,Cocaine,12 month-ending,11/30/2020,299,
01/04/2026,2020,12,Region 10,Cocaine,12 month-ending,12/31/2020,297,
01/04/2026,2021,1,Region 10,Cocaine,12 month-ending,01/31/2021,302,
01/04/2026,2021,2,Region 10,Cocaine,12 month-ending,02/28/2021,300,
01/04/2026,2021,3,Region 10,Cocaine,12 month-ending,03/31/2021,311,
01/04/2026,2021,4,Region 10,Cocaine,12 month-ending,04/30/2021,302,
01/04/2026,2021,5,Region 10,Cocaine,12 month-ending,05/31/2021,288,
01/04/2026,2021,6,Region 10,Cocaine,12 month-ending,06/30/2021,301,
01/04/2026,2021,7,Region 10,Cocaine,12 month-ending,07/31/2021,312,
01/04/2026,2021,8,Region 10,Cocaine,12 month-ending,08/31/2021,340,
01/04/2026,2021,9,Region 10,Cocaine,12 month-ending,09/30/2021,344,
01/04/2026,2021,10,Region 10,Cocaine,12 month-ending,10/31/2021,348,
01/04/2026,2021,11,Region 10,Cocaine,12 month-ending,11/30/2021,352,
01/04/2026,2021,12,Region 10,Cocaine,12 month-ending,12/31/2021,351,
01/04/2026,2022,1,Region 10,Cocaine,12 month-ending,01/31/2022,353,
01/04/2026,2022,2,Region 10,Cocaine,12 month-ending,02/28/2022,365,
01/04/2026,2022,3,Region 10,Cocaine,12 month-ending,03/31/2022,370,
01/04/2026,2022,4,Region 10,Cocaine,12 month-ending,04/30/2022,375,
01/04/2026,2022,5,Region 10,Cocaine,12 month-ending,05/31/2022,386,
01/04/2026,2022,6,Region 10,Cocaine,12 month-ending,06/30/2022,400,
01/04/2026,2022,7,Region 10,Cocaine,12 month-ending,07/31/2022,427,
01/04/2026,2022,8,Region 10,Cocaine,12 month-ending,08/31/2022,434,
01/04/2026,2022,9,Region 10,Cocaine,12 month-ending,09/30/2022,452,
01/04/2026,2022,10,Region 10,Cocaine,12 month-ending,10/31/2022,477,
01/04/2026,2022,11,Region 10,Cocaine,12 month-ending,11/30/2022,508,
01/04/2026,2022,12,Region 10,Cocaine,12 month-ending,12/31/2022,550,
01/04/2026,2023,1,Region 10,Cocaine,12 month-ending,01/31/2023,577,
01/04/2026,2023,2,Region 10,Cocaine,12 month-ending,02/28/2023,593,
01/04/2026,2023,3,Region 10,Cocaine,12 month-ending,03/31/2023,614,
01/04/2026,2023,4,Region 10,Cocaine,12 month-ending,04/30/2023,650,
01/04/2026,2023,5,Region 10,Cocaine,12 month-ending,05/31/2023,671,
01/04/2026,2023,6,Region 10,Cocaine,12 month-ending,06/30/2023,694,
01/04/2026,2023,7,Region 10,Cocaine,12 month-ending,07/31/2023,736,
01/04/2026,2023,8,Region 10,Cocaine,12 month-ending,08/31/2023,760,
01/04/2026,2023,9,Region 10,Cocaine,12 month-ending,09/30/2023,795,
01/04/2026,2023,10,Region 10,Cocaine,12 month-ending,10/31/2023,815,
01/04/2026,2023,11,Region 10,Cocaine,12 month-ending,11/30/2023,813,
01/04/2026,2023,12,Region 10,Cocaine,12 month-ending,12/31/2023,828,
01/04/2026,2024,1,Region 10,Cocaine,12 month-ending,01/31/2024,835,
01/04/2026,2024,2,Region 10,Cocaine,12 month-ending,02/29/2024,843,
01/04/2026,2024,3,Region 10,Cocaine,12 month-ending,03/31/2024,861,
01/04/2026,2024,4,Region 10,Cocaine,12 month-ending,04/30/2024,863,
01/04/2026,2024,5,Region 10,Cocaine,12 month-ending,05/31/2024,871,
01/04/2026,2024,6,Region 10,Cocaine,12 month-ending,06/30/2024,871,
01/04/2026,2024,7,Region 10,Cocaine,12 month-ending,07/31/2024,832,
01/04/2026,2024,8,Region 10,Cocaine,12 month-ending,08/31/2024,807,
01/04/2026,2024,9,Region 10,Cocaine,12 month-ending,09/30/2024,773,
01/04/2026,2024,10,Region 10,Cocaine,12 month-ending,10/31/2024,753,
01/04/2026,2024,11,Region 10,Cocaine,12 month-ending,11/30/2024,744,
01/04/2026,2024,12,Region 10,Cocaine,12 month-ending,12/31/2024,719,
01/04/2026,2025,1,Region 10,Cocaine,12 month-ending,01/31/2025,731,
01/04/2026,2025,2,Region 10,Cocaine,12 month-ending,02/28/2025,735,
01/04/2026,2025,3,Region 10,Cocaine,12 month-ending,03/31/2025,728,
01/04/2026,2025,4,Region 10,Cocaine,12 month-ending,04/30/2025,737,
01/04/2026,2025,5,Region 10,Cocaine,12 month-ending,05/31/2025,722,
01/04/2026,2025,6,Region 10,Cocaine,12 month-ending,06/30/2025,699,
01/04/2026,2019,1,Region 1,Heroin,12 month-ending,01/31/2019,998,
01/04/2026,2019,2,Region 1,Heroin,12 month-ending,02/28/2019,1009,
01/04/2026,2019,3,Region 1,Heroin,12 month-ending,03/31/2019,1003,
01/04/2026,2019,4,Region 1,Heroin,12 month-ending,04/30/2019,975,
01/04/2026,2019,5,Region 1,Heroin,12 month-ending,05/31/2019,960,
01/04/2026,2019,6,Region 1,Heroin,12 month-ending,06/30/2019,936,
01/04/2026,2019,7,Region 1,Heroin,12 month-ending,07/31/2019,920,
01/04/2026,2019,8,Region 1,Heroin,12 month-ending,08/31/2019,918,
01/04/2026,2019,9,Region 1,Heroin,12 month-ending,09/30/2019,911,
01/04/2026,2019,10,Region 1,Heroin,12 month-ending,10/31/2019,894,
01/04/2026,2019,11,Region 1,Heroin,12 month-ending,11/30/2019,875,
01/04/2026,2019,12,Region 1,Heroin,12 month-ending,12/31/2019,861,
01/04/2026,2020,1,Region 1,Heroin,12 month-ending,01/31/2020,833,
01/04/2026,2020,2,Region 1,Heroin,12 month-ending,02/29/2020,808,
01/04/2026,2020,3,Region 1,Heroin,12 month-ending,03/31/2020,766,
01/04/2026,2020,4,Region 1,Heroin,12 month-ending,04/30/2020,746,
01/04/2026,2020,5,Region 1,Heroin,12 month-ending,05/31/2020,722,
01/04/2026,2020,6,Region 1,Heroin,12 month-ending,06/30/2020,696,
01/04/2026,2020,7,Region 1,Heroin,12 month-ending,07/31/2020,655,
01/04/2026,2020,8,Region 1,Heroin,12 month-ending,08/31/2020,617,
01/04/2026,2020,9,Region 1,Heroin,12 month-ending,09/30/2020,601,
01/04/2026,2020,10,Region 1,Heroin,12 month-ending,10/31/2020,570,
01/04/2026,2020,11,Region 1,Heroin,12 month-ending,11/30/2020,564,
01/04/2026,2020,12,Region 1,Heroin,12 month-ending,12/31/2020,526,
01/04/2026,2021,1,Region 1,Heroin,12 month-ending,01/31/2021,519,
01/04/2026,2021,2,Region 1,Heroin,12 month-ending,02/28/2021,497,
01/04/2026,2021,3,Region 1,Heroin,12 month-ending,03/31/2021,487,
01/04/2026,2021,4,Region 1,Heroin,12 month-ending,04/30/2021,465,
01/04/2026,2021,5,Region 1,Heroin,12 month-ending,05/31/2021,437,
01/04/2026,2021,6,Region 1,Heroin,12 month-ending,06/30/2021,409,
01/04/2026,2021,7,Region 1,Heroin,12 month-ending,07/31/2021,395,
01/04/2026,2021,8,Region 1,Heroin,12 month-ending,08/31/2021,379,
01/04/2026,2021,9,Region 1,Heroin,12 month-ending,09/30/2021,362,
01/04/2026,2021,10,Region 1,Heroin,12 month-ending,10/31/2021,350,
01/04/2026,2021,11,Region 1,Heroin,12 month-ending,11/30/2021,327,
01/04/2026,2021,12,Region 1,Heroin,12 month-ending,12/31/2021,319,
01/04/2026,2022,1,Region 1,Heroin,12 month-ending,01/31/2022,299,
01/04/2026,2022,2,Region 1,Heroin,12 month-ending,02/28/2022,290,
01/04/2026,2022,3,Region 1,Heroin,12 month-ending,03/31/2022,268,
01/04/2026,2022,4,Region 1,Heroin,12 month-ending,04/30/2022,265,
01/04/2026,2022,5,Region 1,Heroin,12 month-ending,05/31/2022,257,
01/04/2026,2022,6,Region 1,Heroin,12 month-ending,06/30/2022,251,
01/04/2026,2022,7,Region 1,Heroin,12 month-ending,07/31/2022,238,
01/04/2026,2022,8,Region 1,Heroin,12 month-ending,08/31/2022,240,
01/04/2026,2022,9,Region 1,Heroin,12 month-ending,09/30/2022,234,
01/04/2026,2022,10,Region 1,Heroin,12 month-ending,10/31/2022,231,
01/04/2026,2022,11,Region 1,Heroin,12 month-ending,11/30/2022,223,
01/04/2026,2022,12,Region 1,Heroin,12 month-ending,12/31/2022,222,
01/04/2026,2023,1,Region 1,Heroin,12 month-ending,01/31/2023,219,
01/04/2026,2023,2,Region 1,Heroin,12 month-ending,02/28/2023,222,
01/04/2026,2023,3,Region 1,Heroin,12 month-ending,03/31/2023,213,
01/04/2026,2023,4,Region 1,Heroin,12 month-ending,04/30/2023,210,
01/04/2026,2023,5,Region 1,Heroin,12 month-ending,05/31/2023,202,
01/04/2026,2023,6,Region 1,Heroin,12 month-ending,06/30/2023,200,
01/04/2026,2023,7,Region 1,Heroin,12 month-ending,07/31/2023,195,
01/04/2026,2023,8,Region 1,Heroin,12 month-ending,08/31/2023,182,
01/04/2026,2023,9,Region 1,Heroin,12 month-ending,09/30/2023,184,
01/04/2026,2023,10,Region 1,Heroin,12 month-ending,10/31/2023,177,
01/04/2026,2023,11,Region 1,Heroin,12 month-ending,11/30/2023,171,
01/04/2026,2023,12,Region 1,Heroin,12 month-ending,12/31/2023,165,
01/04/2026,2024,1,Region 1,Heroin,12 month-ending,01/31/2024,155,
01/04/2026,2024,2,Region 1,Heroin,12 month-ending,02/29/2024,147,
01/04/2026,2024,3,Region 1,Heroin,12 month-ending,03/31/2024,149,
01/04/2026,2024,4,Region 1,Heroin,12 month-ending,04/30/2024,142,
01/04/2026,2024,5,Region 1,Heroin,12 month-ending,05/31/2024,142,
01/04/2026,2024,6,Region 1,Heroin,12 month-ending,06/30/2024,137,
01/04/2026,2024,7,Region 1,Heroin,12 month-ending,07/31/2024,131,
01/04/2026,2024,8,Region 1,Heroin,12 month-ending,08/31/2024,125,
01/04/2026,2024,9,Region 1,Heroin,12 month-ending,09/30/2024,121,
01/04/2026,2024,10,Region 1,Heroin,12 month-ending,10/31/2024,113,
01/04/2026,2024,11,Region 1,Heroin,12 month-ending,11/30/2024,111,
01/04/2026,2024,12,Region 1,Heroin,12 month-ending,12/31/2024,105,
01/04/2026,2025,1,Region 1,Heroin,12 month-ending,01/31/2025,106,
01/04/2026,2025,2,Region 1,Heroin,12 month-ending,02/28/2025,108,
01/04/2026,2025,3,Region 1,Heroin,12 month-ending,03/31/2025,102,
01/04/2026,2025,4,Region 1,Heroin,12 month-ending,04/30/2025,98,
01/04/2026,2025,5,Region 1,Heroin,12 month-ending,05/31/2025,93,
01/04/2026,2025,6,Region 1,Heroin,12 month-ending,06/30/2025,97,
01/04/2026,2019,1,Region 2,Heroin,12 month-ending,01/31/2019,2542,
01/04/2026,2019,2,Region 2,Heroin,12 month-ending,02/28/2019,2578,
01/04/2026,2019,3,Region 2,Heroin,12 month-ending,03/31/2019,2560,
01/04/2026,2019,4,Region 2,Heroin,12 month-ending,04/30/2019,2500,
01/04/2026,2019,5,Region 2,Heroin,12 month-ending,05/31/2019,2440,
01/04/2026,2019,6,Region 2,Heroin,12 month-ending,06/30/2019,2388,
01/04/2026,2019,7,Region 2,Heroin,12 month-ending,07/31/2019,2386,
01/04/2026,2019,8,Region 2,Heroin,12 month-ending,08/31/2019,2350,
01/04/2026,2019,9,Region 2,Heroin,12 month-ending,09/30/2019,2299,
01/04/2026,2019,10,Region 2,Heroin,12 month-ending,10/31/2019,2247,
01/04/2026,2019,11,Region 2,Heroin,12 month-ending,11/30/2019,2260,
01/04/2026,2019,12,Region 2,Heroin,12 month-ending,12/31/2019,2235,
01/04/2026,2020,1,Region 2,Heroin,12 month-ending,01/31/2020,2263,
01/04/2026,2020,2,Region 2,Heroin,12 month-ending,02/29/2020,2273,
01/04/2026,2020,3,Region 2,Heroin,12 month-ending,03/31/2020,2260,
01/04/2026,2020,4,Region 2,Heroin,12 month-ending,04/30/2020,2282,
01/04/2026,2020,5,Region 2,Heroin,12 month-ending,05/31/2020,2339,
01/04/2026,2020,6,Region 2,Heroin,12 month-ending,06/30/2020,2307,
01/04/2026,2020,7,Region 2,Heroin,12 month-ending,07/31/2020,2279,
01/04/2026,2020,8,Region 2,Heroin,12 month-ending,08/31/2020,2247,
01/04/2026,2020,9,Region 2,Heroin,12 month-ending,09/30/2020,2239,
01/04/2026,2020,10,Region 2,Heroin,12 month-ending,10/31/2020,2206,
01/04/2026,2020,11,Region 2,Heroin,12 month-ending,11/30/2020,2136,
01/04/2026,2020,12,Region 2,Heroin,12 month-ending,12/31/2020,2076,
01/04/2026,2021,1,Region 2,Heroin,12 month-ending,01/31/2021,2054,
01/04/2026,2021,2,Region 2,Heroin,12 month-ending,02/28/2021,1988,
01/04/2026,2021,3,Region 2,Heroin,12 month-ending,03/31/2021,1960,
01/04/2026,2021,4,Region 2,Heroin,12 month-ending,04/30/2021,1889,
01/04/2026,2021,5,Region 2,Heroin,12 month-ending,05/31/2021,1767,
01/04/2026,2021,6,Region 2,Heroin,12 month-ending,06/30/2021,1735,
01/04/2026,2021,7,Region 2,Heroin,12 month-ending,07/31/2021,1689,
01/04/2026,2021,8,Region 2,Heroin,12 month-ending,08/31/2021,1644,
01/04/2026,2021,9,Region 2,Heroin,12 month-ending,09/30/2021,1606,
01/04/2026,2021,10,Region 2,Heroin,12 month-ending,10/31/2021,1591,
01/04/2026,2021,11,Region 2,Heroin,12 month-ending,11/30/2021,1570,
01/04/2026,2021,12,Region 2,Heroin,12 month-ending,12/31/2021,1544,
01/04/2026,2022,1,Region 2,Heroin,12 month-ending,01/31/2022,1506,
01/04/2026,2022,2,Region 2,Heroin,12 month-ending,02/28/2022,1485,
01/04/2026,2022,3,Region 2,Heroin,12 month-ending,03/31/2022,1427,
01/04/2026,2022,4,Region 2,Heroin,12 month-ending,04/30/2022,1405,
01/04/2026,2022,5,Region 2,Heroin,12 month-ending,05/31/2022,1387,
01/04/2026,2022,6,Region 2,Heroin,12 month-ending,06/30/2022,1370,
01/04/2026,2022,7,Region 2,Heroin,12 month-ending,07/31/2022,1357,
01/04/2026,2022,8,Region 2,Heroin,12 month-ending,08/31/2022,1352,
01/04/2026,2022,9,Region 2,Heroin,12 month-ending,09/30/2022,1337,
01/04/2026,2022,10,Region 2,Heroin,12 month-ending,10/31/2022,1300,
01/04/2026,2022,11,Region 2,Heroin,12 month-ending,11/30/2022,1289,
01/04/2026,2022,12,Region 2,Heroin,12 month-ending,12/31/2022,1288,
01/04/2026,2023,1,Region 2,Heroin,12 month-ending,01/31/2023,1231,
01/04/2026,2023,2,Region 2,Heroin,12 month-ending,02/28/2023,1189,
01/04/2026,2023,3,Region 2,Heroin,12 month-ending,03/31/2023,1176,
01/04/2026,2023,4,Region 2,Heroin,12 month-ending,04/30/2023,1159,
01/04/2026,2023,5,Region 2,Heroin,12 month-ending,05/31/2023,1143,
01/04/2026,2023,6,Region 2,Heroin,12 month-ending,06/30/2023,1128,
01/04/2026,2023,7,Region 2,Heroin,12 month-ending,07/31/2023,1094,
01/04/2026,2023,8,Region 2,Heroin,12 month-ending,08/31/2023,1063,
01/04/2026,2023,9,Region 2,Heroin,12 month-ending,09/30/2023,1031,
01/04/2026,2023,10,Region 2,Heroin,12 month-ending,10/31/2023,1020,
01/04/2026,2023,11,Region 2,Heroin,12 month-ending,11/30/2023,968,
01/04/2026,2023,12,Region 2,Heroin,12 month-ending,12/31/2023,943,
01/04/2026,2024,1,Region 2,Heroin,12 month-ending,01/31/2024,934,
01/04/2026,2024,2,Region 2,Heroin,12 month-ending,02/29/2024,910,
01/04/2026,2024,3,Region 2,Heroin,12 month-ending,03/31/2024,878,
01/04/2026,2024,4,Region 2,Heroin,12 month-ending,04/30/2024,846,
01/04/2026,2024,5,Region 2,Heroin,12 month-ending,05/31/2024,828,
01/04/2026,2024,6,Region 2,Heroin,12 month-ending,06/30/2024,796,
01/04/2026,2024,7,Region 2,Heroin,12 month-ending,07/31/2024,756,
01/04/2026,2024,8,Region 2,Heroin,12 month-ending,08/31/2024,714,
01/04/2026,2024,9,Region 2,Heroin,12 month-ending,09/30/2024,670,
01/04/2026,2024,10,Region 2,Heroin,12 month-ending,10/31/2024,631,
01/04/2026,2024,11,Region 2,Heroin,12 month-ending,11/30/2024,632,
01/04/2026,2024,12,Region 2,Heroin,12 month-ending,12/31/2024,593,
01/04/2026,2025,1,Region 2,Heroin,12 month-ending,01/31/2025,576,
01/04/2026,2025,2,Region 2,Heroin,12 month-ending,02/28/2025,561,
01/04/2026,2025,3,Region 2,Heroin,12 month-ending,03/31/2025,548,
01/04/2026,2025,4,Region 2,Heroin,12 month-ending,04/30/2025,540,
01/04/2026,2025,5,Region 2,Heroin,12 month-ending,05/31/2025,524,
01/04/2026,2025,6,Region 2,Heroin,12 month-ending,06/30/2025,510,
01/04/2026,2019,1,Region 3,Heroin,12 month-ending,01/31/2019,2253,
01/04/2026,2019,2,Region 3,Heroin,12 month-ending,02/28/2019,2214,
01/04/2026,2019,3,Region 3,Heroin,12 month-ending,03/31/2019,2188,
01/04/2026,2019,4,Region 3,Heroin,12 month-ending,04/30/2019,2142,
01/04/2026,2019,5,Region 3,Heroin,12 month-ending,05/31/2019,2118,
01/04/2026,2019,6,Region 3,Heroin,12 month-ending,06/30/2019,2063,
01/04/2026,2019,7,Region 3,Heroin,12 month-ending,07/31/2019,2037,
01/04/2026,2019,8,Region 3,Heroin,12 month-ending,08/31/2019,1972,
01/04/2026,2019,9,Region 3,Heroin,12 month-ending,09/30/2019,1951,
01/04/2026,2019,10,Region 3,Heroin,12 month-ending,10/31/2019,1932,
01/04/2026,2019,11,Region 3,Heroin,12 month-ending,11/30/2019,1946,
01/04/2026,2019,12,Region 3,Heroin,12 month-ending,12/31/2019,1945,
01/04/2026,2020,1,Region 3,Heroin,12 month-ending,01/31/2020,1928,
01/04/2026,2020,2,Region 3,Heroin,12 month-ending,02/29/2020,1916,
01/04/2026,2020,3,Region 3,Heroin,12 month-ending,03/31/2020,1894,
01/04/2026,2020,4,Region 3,Heroin,12 month-ending,04/30/2020,1919,
01/04/2026,2020,5,Region 3,Heroin,12 month-ending,05/31/2020,1964,
01/04/2026,2020,6,Region 3,Heroin,12 month-ending,06/30/2020,1969,
01/04/2026,2020,7,Region 3,Heroin,12 month-ending,07/31/2020,1953,
01/04/2026,2020,8,Region 3,Heroin,12 month-ending,08/31/2020,1940,
01/04/2026,2020,9,Region 3,Heroin,12 month-ending,09/30/2020,1941,
01/04/2026,2020,10,Region 3,Heroin,12 month-ending,10/31/2020,1908,
01/04/2026,2020,11,Region 3,Heroin,12 month-ending,11/30/2020,1837,
01/04/2026,2020,12,Region 3,Heroin,12 month-ending,12/31/2020,1777,
01/04/2026,2021,1,Region 3,Heroin,12 month-ending,01/31/2021,1759,
01/04/2026,2021,2,Region 3,Heroin,12 month-ending,02/28/2021,1690,
01/04/2026,2021,3,Region 3,Heroin,12 month-ending,03/31/2021,1638,
01/04/2026,2021,4,Region 3,Heroin,12 month-ending,04/30/2021,1558,
01/04/2026,2021,5,Region 3,Heroin,12 month-ending,05/31/2021,1450,
01/04/2026,2021,6,Region 3,Heroin,12 month-ending,06/30/2021,1376,
01/04/2026,2021,7,Region 3,Heroin,12 month-ending,07/31/2021,1323,
01/04/2026,2021,8,Region 3,Heroin,12 month-ending,08/31/2021,1278,
01/04/2026,2021,9,Region 3,Heroin,12 month-ending,09/30/2021,1232,
01/04/2026,2021,10,Region 3,Heroin,12 month-ending,10/31/2021,1186,
01/04/2026,2021,11,Region 3,Heroin,12 month-ending,11/30/2021,1142,
01/04/2026,2021,12,Region 3,Heroin,12 month-ending,12/31/2021,1103,
01/04/2026,2022,1,Region 3,Heroin,12 month-ending,01/31/2022,1046,
01/04/2026,2022,2,Region 3,Heroin,12 month-ending,02/28/2022,1031,
01/04/2026,2022,3,Region 3,Heroin,12 month-ending,03/31/2022,997,
01/04/2026,2022,4,Region 3,Heroin,12 month-ending,04/30/2022,927,
01/04/2026,2022,5,Region 3,Heroin,12 month-ending,05/31/2022,889,
01/04/2026,2022,6,Region 3,Heroin,12 month-ending,06/30/2022,872,
01/04/2026,2022,7,Region 3,Heroin,12 month-ending,07/31/2022,843,
01/04/2026,2022,8,Region 3,Heroin,12 month-ending,08/31/2022,814,
01/04/2026,2022,9,Region 3,Heroin,12 month-ending,09/30/2022,765,
01/04/2026,2022,10,Region 3,Heroin,12 month-ending,10/31/2022,741,
01/04/2026,2022,11,Region 3,Heroin,12 month-ending,11/30/2022,714,
01/04/2026,2022,12,Region 3,Heroin,12 month-ending,12/31/2022,686,
01/04/2026,2023,1,Region 3,Heroin,12 month-ending,01/31/2023,654,
01/04/2026,2023,2,Region 3,Heroin,12 month-ending,02/28/2023,632,
01/04/2026,2023,3,Region 3,Heroin,12 month-ending,03/31/2023,614,
01/04/2026,2023,4,Region 3,Heroin,12 month-ending,04/30/2023,610,
01/04/2026,2023,5,Region 3,Heroin,12 month-ending,05/31/2023,591,
01/04/2026,2023,6,Region 3,Heroin,12 month-ending,06/30/2023,562,
01/04/2026,2023,7,Region 3,Heroin,12 month-ending,07/31/2023,535,
01/04/2026,2023,8,Region 3,Heroin,12 month-ending,08/31/2023,505,
01/04/2026,2023,9,Region 3,Heroin,12 month-ending,09/30/2023,490,
01/04/2026,2023,10,Region 3,Heroin,12 month-ending,10/31/2023,472,
01/04/2026,2023,11,Region 3,Heroin,12 month-ending,11/30/2023,457,
01/04/2026,2023,12,Region 3,Heroin,12 month-ending,12/31/2023,436,
01/04/2026,2024,1,Region 3,Heroin,12 month-ending,01/31/2024,419,
01/04/2026,2024,2,Region 3,Heroin,12 month-ending,02/29/2024,406,
01/04/2026,2024,3,Region 3,Heroin,12 month-ending,03/31/2024,372,
01/04/2026,2024,4,Region 3,Heroin,12 month-ending,04/30/2024,376,
01/04/2026,2024,5,Region 3,Heroin,12 month-ending,05/31/2024,367,
01/04/2026,2024,6,Region 3,Heroin,12 month-ending,06/30/2024,348,
01/04/2026,2024,7,Region 3,Heroin,12 month-ending,07/31/2024,342,
01/04/2026,2024,8,Region 3,Heroin,12 month-ending,08/31/2024,341,
01/04/2026,2024,9,Region 3,Heroin,12 month-ending,09/30/2024,333,
01/04/2026,2024,10,Region 3,Heroin,12 month-ending,10/31/2024,323,
01/04/2026,2024,11,Region 3,Heroin,12 month-ending,11/30/2024,328,
01/04/2026,2024,12,Region 3,Heroin,12 month-ending,12/31/2024,334,
01/04/2026,2025,1,Region 3,Heroin,12 month-ending,01/31/2025,322,
01/04/2026,2025,2,Region 3,Heroin,12 month-ending,02/28/2025,309,
01/04/2026,2025,3,Region 3,Heroin,12 month-ending,03/31/2025,315,
01/04/2026,2025,4,Region 3,Heroin,12 month-ending,04/30/2025,296,
01/04/2026,2025,5,Region 3,Heroin,12 month-ending,05/31/2025,278,
01/04/2026,2025,6,Region 3,Heroin,12 month-ending,06/30/2025,272,
01/04/2026,2019,1,Region 4,Heroin,12 month-ending,01/31/2019,2534,
01/04/2026,2019,2,Region 4,Heroin,12 month-ending,02/28/2019,2547,
01/04/2026,2019,3,Region 4,Heroin,12 month-ending,03/31/2019,2582,
01/04/2026,2019,4,Region 4,Heroin,12 month-ending,04/30/2019,2626,
01/04/2026,2019,5,Region 4,Heroin,12 month-ending,05/31/2019,2606,
01/04/2026,2019,6,Region 4,Heroin,12 month-ending,06/30/2019,2643,
01/04/2026,2019,7,Region 4,Heroin,12 month-ending,07/31/2019,2638,
01/04/2026,2019,8,Region 4,Heroin,12 month-ending,08/31/2019,2642,
01/04/2026,2019,9,Region 4,Heroin,12 month-ending,09/30/2019,2617,
01/04/2026,2019,10,Region 4,Heroin,12 month-ending,10/31/2019,2636,
01/04/2026,2019,11,Region 4,Heroin,12 month-ending,11/30/2019,2646,
01/04/2026,2019,12,Region 4,Heroin,12 month-ending,12/31/2019,2620,
01/04/2026,2020,1,Region 4,Heroin,12 month-ending,01/31/2020,2629,
01/04/2026,2020,2,Region 4,Heroin,12 month-ending,02/29/2020,2627,
01/04/2026,2020,3,Region 4,Heroin,12 month-ending,03/31/2020,2639,
01/04/2026,2020,4,Region 4,Heroin,12 month-ending,04/30/2020,2665,
01/04/2026,2020,5,Region 4,Heroin,12 month-ending,05/31/2020,2788,
01/04/2026,2020,6,Region 4,Heroin,12 month-ending,06/30/2020,2808,
01/04/2026,2020,7,Region 4,Heroin,12 month-ending,07/31/2020,2830,
01/04/2026,2020,8,Region 4,Heroin,12 month-ending,08/31/2020,2821,
01/04/2026,2020,9,Region 4,Heroin,12 month-ending,09/30/2020,2786,
01/04/2026,2020,10,Region 4,Heroin,12 month-ending,10/31/2020,2711,
01/04/2026,2020,11,Region 4,Heroin,12 month-ending,11/30/2020,2633,
01/04/2026,2020,12,Region 4,Heroin,12 month-ending,12/31/2020,2592,
01/04/2026,2021,1,Region 4,Heroin,12 month-ending,01/31/2021,2558,
01/04/2026,2021,2,Region 4,Heroin,12 month-ending,02/28/2021,2477,
01/04/2026,2021,3,Region 4,Heroin,12 month-ending,03/31/2021,2388,
01/04/2026,2021,4,Region 4,Heroin,12 month-ending,04/30/2021,2311,
01/04/2026,2021,5,Region 4,Heroin,12 month-ending,05/31/2021,2119,
01/04/2026,2021,6,Region 4,Heroin,12 month-ending,06/30/2021,1986,
01/04/2026,2021,7,Region 4,Heroin,12 month-ending,07/31/2021,1884,
01/04/2026,2021,8,Region 4,Heroin,12 month-ending,08/31/2021,1769,
01/04/2026,2021,9,Region 4,Heroin,12 month-ending,09/30/2021,1691,
01/04/2026,2021,10,Region 4,Heroin,12 month-ending,10/31/2021,1657,
01/04/2026,2021,11,Region 4,Heroin,12 month-ending,11/30/2021,1596,
01/04/2026,2021,12,Region 4,Heroin,12 month-ending,12/31/2021,1526,
01/04/2026,2022,1,Region 4,Heroin,12 month-ending,01/31/2022,1438,
01/04/2026,2022,2,Region 4,Heroin,12 month-ending,02/28/2022,1373,
01/04/2026,2022,3,Region 4,Heroin,12 month-ending,03/31/2022,1275,
01/04/2026,2022,4,Region 4,Heroin,12 month-ending,04/30/2022,1153,
01/04/2026,2022,5,Region 4,Heroin,12 month-ending,05/31/2022,1071,
01/04/2026,2022,6,Region 4,Heroin,12 month-ending,06/30/2022,1019,
01/04/2026,2022,7,Region 4,Heroin,12 month-ending,07/31/2022,952,
01/04/2026,2022,8,Region 4,Heroin,12 month-ending,08/31/2022,912,
01/04/2026,2022,9,Region 4,Heroin,12 month-ending,09/30/2022,861,
01/04/2026,2022,10,Region 4,Heroin,12 month-ending,10/31/2022,796,
01/04/2026,2022,11,Region 4,Heroin,12 month-ending,11/30/2022,741,
01/04/2026,2022,12,Region 4,Heroin,12 month-ending,12/31/2022,707,
01/04/2026,2023,1,Region 4,Heroin,12 month-ending,01/31/2023,669,
01/04/2026,2023,2,Region 4,Heroin,12 month-ending,02/28/2023,632,
01/04/2026,2023,3,Region 4,Heroin,12 month-ending,03/31/2023,598,
01/04/2026,2023,4,Region 4,Heroin,12 month-ending,04/30/2023,562,
01/04/2026,2023,5,Region 4,Heroin,12 month-ending,05/31/2023,545,
01/04/2026,2023,6,Region 4,Heroin,12 month-ending,06/30/2023,524,
01/04/2026,2023,7,Region 4,Heroin,12 month-ending,07/31/2023,507,
01/04/2026,2023,8,Region 4,Heroin,12 month-ending,08/31/2023,474,
01/04/2026,2023,9,Region 4,Heroin,12 month-ending,09/30/2023,456,
01/04/2026,2023,10,Region 4,Heroin,12 month-ending,10/31/2023,436,
01/04/2026,2023,11,Region 4,Heroin,12 month-ending,11/30/2023,422,
01/04/2026,2023,12,Region 4,Heroin,12 month-ending,12/31/2023,397,
01/04/2026,2024,1,Region 4,Heroin,12 month-ending,01/31/2024,375,
01/04/2026,2024,2,Region 4,Heroin,12 month-ending,02/29/2024,362,
01/04/2026,2024,3,Region 4,Heroin,12 month-ending,03/31/2024,343,
01/04/2026,2024,4,Region 4,Heroin,12 month-ending,04/30/2024,340,
01/04/2026,2024,5,Region 4,Heroin,12 month-ending,05/31/2024,323,
01/04/2026,2024,6,Region 4,Heroin,12 month-ending,06/30/2024,306,
01/04/2026,2024,7,Region 4,Heroin,12 month-ending,07/31/2024,292,
01/04/2026,2024,8,Region 4,Heroin,12 month-ending,08/31/2024,271,
01/04/2026,2024,9,Region 4,Heroin,12 month-ending,09/30/2024,254,
01/04/2026,2024,10,Region 4,Heroin,12 month-ending,10/31/2024,256,
01/04/2026,2024,11,Region 4,Heroin,12 month-ending,11/30/2024,258,
01/04/2026,2024,12,Region 4,Heroin,12 month-ending,12/31/2024,247,
01/04/2026,2025,1,Region 4,Heroin,12 month-ending,01/31/2025,234,
01/04/2026,2025,2,Region 4,Heroin,12 month-ending,02/28/2025,221,
01/04/2026,2025,3,Region 4,Heroin,12 month-ending,03/31/2025,228,
01/04/2026,2025,4,Region 4,Heroin,12 month-ending,04/30/2025,218,
01/04/2026,2025,5,Region 4,Heroin,12 month-ending,05/31/2025,213,
01/04/2026,2025,6,Region 4,Heroin,12 month-ending,06/30/2025,201,
01/04/2026,2019,1,Region 5,Heroin,12 month-ending,01/31/2019,3269,
01/04/2026,2019,2,Region 5,Heroin,12 month-ending,02/28/2019,3213,
01/04/2026,2019,3,Region 5,Heroin,12 month-ending,03/31/2019,3162,
01/04/2026,2019,4,Region 5,Heroin,12 month-ending,04/30/2019,3151,
01/04/2026,2019,5,Region 5,Heroin,12 month-ending,05/31/2019,3140,
01/04/2026,2019,6,Region 5,Heroin,12 month-ending,06/30/2019,3099,
01/04/2026,2019,7,Region 5,Heroin,12 month-ending,07/31/2019,3027,
01/04/2026,2019,8,Region 5,Heroin,12 month-ending,08/31/2019,2984,
01/04/2026,2019,9,Region 5,Heroin,12 month-ending,09/30/2019,2938,
01/04/2026,2019,10,Region 5,Heroin,12 month-ending,10/31/2019,2856,
01/04/2026,2019,11,Region 5,Heroin,12 month-ending,11/30/2019,2870,
01/04/2026,2019,12,Region 5,Heroin,12 month-ending,12/31/2019,2831,
01/04/2026,2020,1,Region 5,Heroin,12 month-ending,01/31/2020,2778,
01/04/2026,2020,2,Region 5,Heroin,12 month-ending,02/29/2020,2778,
01/04/2026,2020,3,Region 5,Heroin,12 month-ending,03/31/2020,2743,
01/04/2026,2020,4,Region 5,Heroin,12 month-ending,04/30/2020,2769,
01/04/2026,2020,5,Region 5,Heroin,12 month-ending,05/31/2020,2837,
01/04/2026,2020,6,Region 5,Heroin,12 month-ending,06/30/2020,2862,
01/04/2026,2020,7,Region 5,Heroin,12 month-ending,07/31/2020,2838,
01/04/2026,2020,8,Region 5,Heroin,12 month-ending,08/31/2020,2777,
01/04/2026,2020,9,Region 5,Heroin,12 month-ending,09/30/2020,2697,
01/04/2026,2020,10,Region 5,Heroin,12 month-ending,10/31/2020,2620,
01/04/2026,2020,11,Region 5,Heroin,12 month-ending,11/30/2020,2542,
01/04/2026,2020,12,Region 5,Heroin,12 month-ending,12/31/2020,2481,
01/04/2026,2021,1,Region 5,Heroin,12 month-ending,01/31/2021,2393,
01/04/2026,2021,2,Region 5,Heroin,12 month-ending,02/28/2021,2290,
01/04/2026,2021,3,Region 5,Heroin,12 month-ending,03/31/2021,2257,
01/04/2026,2021,4,Region 5,Heroin,12 month-ending,04/30/2021,2149,
01/04/2026,2021,5,Region 5,Heroin,12 month-ending,05/31/2021,1948,
01/04/2026,2021,6,Region 5,Heroin,12 month-ending,06/30/2021,1837,
01/04/2026,2021,7,Region 5,Heroin,12 month-ending,07/31/2021,1799,
01/04/2026,2021,8,Region 5,Heroin,12 month-ending,08/31/2021,1767,
01/04/2026,2021,9,Region 5,Heroin,12 month-ending,09/30/2021,1721,
01/04/2026,2021,10,Region 5,Heroin,12 month-ending,10/31/2021,1688,
01/04/2026,2021,11,Region 5,Heroin,12 month-ending,11/30/2021,1616,
01/04/2026,2021,12,Region 5,Heroin,12 month-ending,12/31/2021,1547,
01/04/2026,2022,1,Region 5,Heroin,12 month-ending,01/31/2022,1554,
01/04/2026,2022,2,Region 5,Heroin,12 month-ending,02/28/2022,1525,
01/04/2026,2022,3,Region 5,Heroin,12 month-ending,03/31/2022,1436,
01/04/2026,2022,4,Region 5,Heroin,12 month-ending,04/30/2022,1394,
01/04/2026,2022,5,Region 5,Heroin,12 month-ending,05/31/2022,1346,
01/04/2026,2022,6,Region 5,Heroin,12 month-ending,06/30/2022,1307,
01/04/2026,2022,7,Region 5,Heroin,12 month-ending,07/31/2022,1222,
01/04/2026,2022,8,Region 5,Heroin,12 month-ending,08/31/2022,1143,
01/04/2026,2022,9,Region 5,Heroin,12 month-ending,09/30/2022,1123,
01/04/2026,2022,10,Region 5,Heroin,12 month-ending,10/31/2022,1089,
01/04/2026,2022,11,Region 5,Heroin,12 month-ending,11/30/2022,1075,
01/04/2026,2022,12,Region 5,Heroin,12 month-ending,12/31/2022,1057,
01/04/2026,2023,1,Region 5,Heroin,12 month-ending,01/31/2023,984,
01/04/2026,2023,2,Region 5,Heroin,12 month-ending,02/28/2023,978,
01/04/2026,2023,3,Region 5,Heroin,12 month-ending,03/31/2023,960,
01/04/2026,2023,4,Region 5,Heroin,12 month-ending,04/30/2023,931,
01/04/2026,2023,5,Region 5,Heroin,12 month-ending,05/31/2023,923,
01/04/2026,2023,6,Region 5,Heroin,12 month-ending,06/30/2023,928,
01/04/2026,2023,7,Region 5,Heroin,12 month-ending,07/31/2023,906,
01/04/2026,2023,8,Region 5,Heroin,12 month-ending,08/31/2023,901,
01/04/2026,2023,9,Region 5,Heroin,12 month-ending,09/30/2023,892,
01/04/2026,2023,10,Region 5,Heroin,12 month-ending,10/31/2023,878,
01/04/2026,2023,11,Region 5,Heroin,12 month-ending,11/30/2023,859,
01/04/2026,2023,12,Region 5,Heroin,12 month-ending,12/31/2023,840,
01/04/2026,2024,1,Region 5,Heroin,12 month-ending,01/31/2024,828,
01/04/2026,2024,2,Region 5,Heroin,12 month-ending,02/29/2024,812,
01/04/2026,2024,3,Region 5,Heroin,12 month-ending,03/31/2024,790,
01/04/2026,2024,4,Region 5,Heroin,12 month-ending,04/30/2024,783,
01/04/2026,2024,5,Region 5,Heroin,12 month-ending,05/31/2024,762,
01/04/2026,2024,6,Region 5,Heroin,12 month-ending,06/30/2024,719,
01/04/2026,2024,7,Region 5,Heroin,12 month-ending,07/31/2024,736,
01/04/2026,2024,8,Region 5,Heroin,12 month-ending,08/31/2024,722,
01/04/2026,2024,9,Region 5,Heroin,12 month-ending,09/30/2024,694,
01/04/2026,2024,10,Region 5,Heroin,12 month-ending,10/31/2024,673,
01/04/2026,2024,11,Region 5,Heroin,12 month-ending,11/30/2024,670,
01/04/2026,2024,12,Region 5,Heroin,12 month-ending,12/31/2024,647,
01/04/2026,2025,1,Region 5,Heroin,12 month-ending,01/31/2025,643,
01/04/2026,2025,2,Region 5,Heroin,12 month-ending,02/28/2025,627,
01/04/2026,2025,3,Region 5,Heroin,12 month-ending,03/31/2025,617,
01/04/2026,2025,4,Region 5,Heroin,12 month-ending,04/30/2025,589,
01/04/2026,2025,5,Region 5,Heroin,12 month-ending,05/31/2025,573,
01/04/2026,2025,6,Region 5,Heroin,12 month-ending,06/30/2025,555,
01/04/2026,2019,1,Region 6,Heroin,12 month-ending,01/31/2019,1088,
01/04/2026,2019,2,Region 6,Heroin,12 month-ending,02/28/2019,1090,
01/04/2026,2019,3,Region 6,Heroin,12 month-ending,03/31/2019,1110,
01/04/2026,2019,4,Region 6,Heroin,12 month-ending,04/30/2019,1125,
01/04/2026,2019,5,Region 6,Heroin,12 month-ending,05/31/2019,1147,
01/04/2026,2019,6,Region 6,Heroin,12 month-ending,06/30/2019,1149,
01/04/2026,2019,7,Region 6,Heroin,12 month-ending,07/31/2019,1168,
01/04/2026,2019,8,Region 6,Heroin,12 month-ending,08/31/2019,1174,
01/04/2026,2019,9,Region 6,Heroin,12 month-ending,09/30/2019,1172,
01/04/2026,2019,10,Region 6,Heroin,12 month-ending,10/31/2019,1206,
01/04/2026,2019,11,Region 6,Heroin,12 month-ending,11/30/2019,1236,
01/04/2026,2019,12,Region 6,Heroin,12 month-ending,12/31/2019,1256,
01/04/2026,2020,1,Region 6,Heroin,12 month-ending,01/31/2020,1289,
01/04/2026,2020,2,Region 6,Heroin,12 month-ending,02/29/2020,1312,
01/04/2026,2020,3,Region 6,Heroin,12 month-ending,03/31/2020,1319,
01/04/2026,2020,4,Region 6,Heroin,12 month-ending,04/30/2020,1340,
01/04/2026,2020,5,Region 6,Heroin,12 month-ending,05/31/2020,1357,
01/04/2026,2020,6,Region 6,Heroin,12 month-ending,06/30/2020,1381,
01/04/2026,2020,7,Region 6,Heroin,12 month-ending,07/31/2020,1403,
01/04/2026,2020,8,Region 6,Heroin,12 month-ending,08/31/2020,1410,
01/04/2026,2020,9,Region 6,Heroin,12 month-ending,09/30/2020,1415,
01/04/2026,2020,10,Region 6,Heroin,12 month-ending,10/31/2020,1389,
01/04/2026,2020,11,Region 6,Heroin,12 month-ending,11/30/2020,1366,
01/04/2026,2020,12,Region 6,Heroin,12 month-ending,12/31/2020,1365,
01/04/2026,2021,1,Region 6,Heroin,12 month-ending,01/31/2021,1333,
01/04/2026,2021,2,Region 6,Heroin,12 month-ending,02/28/2021,1323,
01/04/2026,2021,3,Region 6,Heroin,12 month-ending,03/31/2021,1341,
01/04/2026,2021,4,Region 6,Heroin,12 month-ending,04/30/2021,1326,
01/04/2026,2021,5,Region 6,Heroin,12 month-ending,05/31/2021,1303,
01/04/2026,2021,6,Region 6,Heroin,12 month-ending,06/30/2021,1262,
01/04/2026,2021,7,Region 6,Heroin,12 month-ending,07/31/2021,1234,
01/04/2026,2021,8,Region 6,Heroin,12 month-ending,08/31/2021,1226,
01/04/2026,2021,9,Region 6,Heroin,12 month-ending,09/30/2021,1209,
01/04/2026,2021,10,Region 6,Heroin,12 month-ending,10/31/2021,1189,
01/04/2026,2021,11,Region 6,Heroin,12 month-ending,11/30/2021,1167,
01/04/2026,2021,12,Region 6,Heroin,12 month-ending,12/31/2021,1137,
01/04/2026,2022,1,Region 6,Heroin,12 month-ending,01/31/2022,1104,
01/04/2026,2022,2,Region 6,Heroin,12 month-ending,02/28/2022,1074,
01/04/2026,2022,3,Region 6,Heroin,12 month-ending,03/31/2022,1013,
01/04/2026,2022,4,Region 6,Heroin,12 month-ending,04/30/2022,971,
01/04/2026,2022,5,Region 6,Heroin,12 month-ending,05/31/2022,931,
01/04/2026,2022,6,Region 6,Heroin,12 month-ending,06/30/2022,904,
01/04/2026,2022,7,Region 6,Heroin,12 month-ending,07/31/2022,866,
01/04/2026,2022,8,Region 6,Heroin,12 month-ending,08/31/2022,808,
01/04/2026,2022,9,Region 6,Heroin,12 month-ending,09/30/2022,773,
01/04/2026,2022,10,Region 6,Heroin,12 month-ending,10/31/2022,756,
01/04/2026,2022,11,Region 6,Heroin,12 month-ending,11/30/2022,735,
01/04/2026,2022,12,Region 6,Heroin,12 month-ending,12/31/2022,723,
01/04/2026,2023,1,Region 6,Heroin,12 month-ending,01/31/2023,718,
01/04/2026,2023,2,Region 6,Heroin,12 month-ending,02/28/2023,714,
01/04/2026,2023,3,Region 6,Heroin,12 month-ending,03/31/2023,698,
01/04/2026,2023,4,Region 6,Heroin,12 month-ending,04/30/2023,700,
01/04/2026,2023,5,Region 6,Heroin,12 month-ending,05/31/2023,673,
01/04/2026,2023,6,Region 6,Heroin,12 month-ending,06/30/2023,660,
01/04/2026,2023,7,Region 6,Heroin,12 month-ending,07/31/2023,630,
01/04/2026,2023,8,Region 6,Heroin,12 month-ending,08/31/2023,625,
01/04/2026,2023,9,Region 6,Heroin,12 month-ending,09/30/2023,617,
01/04/2026,2023,10,Region 6,Heroin,12 month-ending,10/31/2023,596,
01/04/2026,2023,11,Region 6,Heroin,12 month-ending,11/30/2023,572,
01/04/2026,2023,12,Region 6,Heroin,12 month-ending,12/31/2023,548,
01/04/2026,2024,1,Region 6,Heroin,12 month-ending,01/31/2024,542,
01/04/2026,2024,2,Region 6,Heroin,12 month-ending,02/29/2024,524,
01/04/2026,2024,3,Region 6,Heroin,12 month-ending,03/31/2024,500,
01/04/2026,2024,4,Region 6,Heroin,12 month-ending,04/30/2024,463,
01/04/2026,2024,5,Region 6,Heroin,12 month-ending,05/31/2024,457,
01/04/2026,2024,6,Region 6,Heroin,12 month-ending,06/30/2024,427,
01/04/2026,2024,7,Region 6,Heroin,12 month-ending,07/31/2024,415,
01/04/2026,2024,8,Region 6,Heroin,12 month-ending,08/31/2024,404,
01/04/2026,2024,9,Region 6,Heroin,12 month-ending,09/30/2024,377,
01/04/2026,2024,10,Region 6,Heroin,12 month-ending,10/31/2024,378,
01/04/2026,2024,11,Region 6,Heroin,12 month-ending,11/30/2024,371,
01/04/2026,2024,12,Region 6,Heroin,12 month-ending,12/31/2024,373,
01/04/2026,2025,1,Region 6,Heroin,12 month-ending,01/31/2025,361,
01/04/2026,2025,2,Region 6,Heroin,12 month-ending,02/28/2025,343,
01/04/2026,2025,3,Region 6,Heroin,12 month-ending,03/31/2025,335,
01/04/2026,2025,4,Region 6,Heroin,12 month-ending,04/30/2025,338,
01/04/2026,2025,5,Region 6,Heroin,12 month-ending,05/31/2025,328,
01/04/2026,2025,6,Region 6,Heroin,12 month-ending,06/30/2025,339,
01/04/2026,2019,1,Region 7,Heroin,12 month-ending,01/31/2019,425,
01/04/2026,2019,2,Region 7,Heroin,12 month-ending,02/28/2019,412,
01/04/2026,2019,3,Region 7,Heroin,12 month-ending,03/31/2019,396,
01/04/2026,2019,4,Region 7,Heroin,12 month-ending,04/30/2019,373,
01/04/2026,2019,5,Region 7,Heroin,12 month-ending,05/31/2019,369,
01/04/2026,2019,6,Region 7,Heroin,12 month-ending,06/30/2019,339,
01/04/2026,2019,7,Region 7,Heroin,12 month-ending,07/31/2019,331,
01/04/2026,2019,8,Region 7,Heroin,12 month-ending,08/31/2019,333,
01/04/2026,2019,9,Region 7,Heroin,12 month-ending,09/30/2019,333,
01/04/2026,2019,10,Region 7,Heroin,12 month-ending,10/31/2019,330,
01/04/2026,2019,11,Region 7,Heroin,12 month-ending,11/30/2019,332,
01/04/2026,2019,12,Region 7,Heroin,12 month-ending,12/31/2019,333,
01/04/2026,2020,1,Region 7,Heroin,12 month-ending,01/31/2020,315,
01/04/2026,2020,2,Region 7,Heroin,12 month-ending,02/29/2020,306,
01/04/2026,2020,3,Region 7,Heroin,12 month-ending,03/31/2020,301,
01/04/2026,2020,4,Region 7,Heroin,12 month-ending,04/30/2020,308,
01/04/2026,2020,5,Region 7,Heroin,12 month-ending,05/31/2020,310,
01/04/2026,2020,6,Region 7,Heroin,12 month-ending,06/30/2020,315,
01/04/2026,2020,7,Region 7,Heroin,12 month-ending,07/31/2020,314,
01/04/2026,2020,8,Region 7,Heroin,12 month-ending,08/31/2020,301,
01/04/2026,2020,9,Region 7,Heroin,12 month-ending,09/30/2020,286,
01/04/2026,2020,10,Region 7,Heroin,12 month-ending,10/31/2020,277,
01/04/2026,2020,11,Region 7,Heroin,12 month-ending,11/30/2020,265,
01/04/2026,2020,12,Region 7,Heroin,12 month-ending,12/31/2020,258,
01/04/2026,2021,1,Region 7,Heroin,12 month-ending,01/31/2021,263,
01/04/2026,2021,2,Region 7,Heroin,12 month-ending,02/28/2021,265,
01/04/2026,2021,3,Region 7,Heroin,12 month-ending,03/31/2021,259,
01/04/2026,2021,4,Region 7,Heroin,12 month-ending,04/30/2021,252,
01/04/2026,2021,5,Region 7,Heroin,12 month-ending,05/31/2021,247,
01/04/2026,2021,6,Region 7,Heroin,12 month-ending,06/30/2021,239,
01/04/2026,2021,7,Region 7,Heroin,12 month-ending,07/31/2021,228,
01/04/2026,2021,8,Region 7,Heroin,12 month-ending,08/31/2021,215,
01/04/2026,2021,9,Region 7,Heroin,12 month-ending,09/30/2021,201,
01/04/2026,2021,10,Region 7,Heroin,12 month-ending,10/31/2021,189,
01/04/2026,2021,11,Region 7,Heroin,12 month-ending,11/30/2021,186,
01/04/2026,2021,12,Region 7,Heroin,12 month-ending,12/31/2021,178,
01/04/2026,2022,1,Region 7,Heroin,12 month-ending,01/31/2022,166,
01/04/2026,2022,2,Region 7,Heroin,12 month-ending,02/28/2022,157,
01/04/2026,2022,3,Region 7,Heroin,12 month-ending,03/31/2022,151,
01/04/2026,2022,4,Region 7,Heroin,12 month-ending,04/30/2022,132,
01/04/2026,2022,5,Region 7,Heroin,12 month-ending,05/31/2022,114,
01/04/2026,2022,6,Region 7,Heroin,12 month-ending,06/30/2022,108,
01/04/2026,2022,7,Region 7,Heroin,12 month-ending,07/31/2022,104,
01/04/2026,2022,8,Region 7,Heroin,12 month-ending,08/31/2022,105,
01/04/2026,2022,9,Region 7,Heroin,12 month-ending,09/30/2022,107,
01/04/2026,2022,10,Region 7,Heroin,12 month-ending,10/31/2022,109,
01/04/2026,2022,11,Region 7,Heroin,12 month-ending,11/30/2022,105,
01/04/2026,2022,12,Region 7,Heroin,12 month-ending,12/31/2022,96,
01/04/2026,2023,1,Region 7,Heroin,12 month-ending,01/31/2023,89,
01/04/2026,2023,2,Region 7,Heroin,12 month-ending,02/28/2023,79,
01/04/2026,2023,3,Region 7,Heroin,12 month-ending,03/31/2023,75,
01/04/2026,2023,4,Region 7,Heroin,12 month-ending,04/30/2023,75,
01/04/2026,2023,5,Region 7,Heroin,12 month-ending,05/31/2023,72,
01/04/2026,2023,6,Region 7,Heroin,12 month-ending,06/30/2023,63,
01/04/2026,2023,7,Region 7,Heroin,12 month-ending,07/31/2023,60,
01/04/2026,2023,8,Region 7,Heroin,12 month-ending,08/31/2023,52,
01/04/2026,2023,9,Region 7,Heroin,12 month-ending,09/30/2023,45,
01/04/2026,2023,10,Region 7,Heroin,12 month-ending,10/31/2023,37,
01/04/2026,2023,11,Region 7,Heroin,12 month-ending,11/30/2023,38,
01/04/2026,2023,12,Region 7,Heroin,12 month-ending,12/31/2023,40,
01/04/2026,2024,1,Region 7,Heroin,12 month-ending,01/31/2024,42,
01/04/2026,2024,2,Region 7,Heroin,12 month-ending,02/29/2024,42,
01/04/2026,2024,3,Region 7,Heroin,12 month-ending,03/31/2024,37,
01/04/2026,2024,4,Region 7,Heroin,12 month-ending,04/30/2024,38,
01/04/2026,2024,5,Region 7,Heroin,12 month-ending,05/31/2024,36,
01/04/2026,2024,6,Region 7,Heroin,12 month-ending,06/30/2024,42,
01/04/2026,2024,7,Region 7,Heroin,12 month-ending,07/31/2024,41,
01/04/2026,2024,8,Region 7,Heroin,12 month-ending,08/31/2024,43,
01/04/2026,2024,9,Region 7,Heroin,12 month-ending,09/30/2024,41,
01/04/2026,2024,10,Region 7,Heroin,12 month-ending,10/31/2024,43,
01/04/2026,2024,11,Region 7,Heroin,12 month-ending,11/30/2024,43,
01/04/2026,2024,12,Region 7,Heroin,12 month-ending,12/31/2024,39,
01/04/2026,2025,1,Region 7,Heroin,12 month-ending,01/31/2025,37,
01/04/2026,2025,2,Region 7,Heroin,12 month-ending,02/28/2025,40,
01/04/2026,2025,3,Region 7,Heroin,12 month-ending,03/31/2025,40,
01/04/2026,2025,4,Region 7,Heroin,12 month-ending,04/30/2025,39,
01/04/2026,2025,5,Region 7,Heroin,12 month-ending,05/31/2025,37,
01/04/2026,2025,6,Region 7,Heroin,12 month-ending,06/30/2025,34,
01/04/2026,2019,1,Region 8,Heroin,12 month-ending,01/31/2019,449,
01/04/2026,2019,2,Region 8,Heroin,12 month-ending,02/28/2019,439,
01/04/2026,2019,3,Region 8,Heroin,12 month-ending,03/31/2019,426,
01/04/2026,2019,4,Region 8,Heroin,12 month-ending,04/30/2019,417,
01/04/2026,2019,5,Region 8,Heroin,12 month-ending,05/31/2019,408,
01/04/2026,2019,6,Region 8,Heroin,12 month-ending,06/30/2019,414,
01/04/2026,2019,7,Region 8,Heroin,12 month-ending,07/31/2019,420,
01/04/2026,2019,8,Region 8,Heroin,12 month-ending,08/31/2019,412,
01/04/2026,2019,9,Region 8,Heroin,12 month-ending,09/30/2019,405,
01/04/2026,2019,10,Region 8,Heroin,12 month-ending,10/31/2019,419,
01/04/2026,2019,11,Region 8,Heroin,12 month-ending,11/30/2019,419,
01/04/2026,2019,12,Region 8,Heroin,12 month-ending,12/31/2019,411,
01/04/2026,2020,1,Region 8,Heroin,12 month-ending,01/31/2020,406,
01/04/2026,2020,2,Region 8,Heroin,12 month-ending,02/29/2020,407,
01/04/2026,2020,3,Region 8,Heroin,12 month-ending,03/31/2020,416,
01/04/2026,2020,4,Region 8,Heroin,12 month-ending,04/30/2020,426,
01/04/2026,2020,5,Region 8,Heroin,12 month-ending,05/31/2020,440,
01/04/2026,2020,6,Region 8,Heroin,12 month-ending,06/30/2020,430,
01/04/2026,2020,7,Region 8,Heroin,12 month-ending,07/31/2020,433,
01/04/2026,2020,8,Region 8,Heroin,12 month-ending,08/31/2020,434,
01/04/2026,2020,9,Region 8,Heroin,12 month-ending,09/30/2020,439,
01/04/2026,2020,10,Region 8,Heroin,12 month-ending,10/31/2020,434,
01/04/2026,2020,11,Region 8,Heroin,12 month-ending,11/30/2020,439,
01/04/2026,2020,12,Region 8,Heroin,12 month-ending,12/31/2020,438,
01/04/2026,2021,1,Region 8,Heroin,12 month-ending,01/31/2021,442,
01/04/2026,2021,2,Region 8,Heroin,12 month-ending,02/28/2021,444,
01/04/2026,2021,3,Region 8,Heroin,12 month-ending,03/31/2021,438,
01/04/2026,2021,4,Region 8,Heroin,12 month-ending,04/30/2021,436,
01/04/2026,2021,5,Region 8,Heroin,12 month-ending,05/31/2021,426,
01/04/2026,2021,6,Region 8,Heroin,12 month-ending,06/30/2021,430,
01/04/2026,2021,7,Region 8,Heroin,12 month-ending,07/31/2021,416,
01/04/2026,2021,8,Region 8,Heroin,12 month-ending,08/31/2021,418,
01/04/2026,2021,9,Region 8,Heroin,12 month-ending,09/30/2021,418,
01/04/2026,2021,10,Region 8,Heroin,12 month-ending,10/31/2021,415,
01/04/2026,2021,11,Region 8,Heroin,12 month-ending,11/30/2021,403,
01/04/2026,2021,12,Region 8,Heroin,12 month-ending,12/31/2021,386,
01/04/2026,2022,1,Region 8,Heroin,12 month-ending,01/31/2022,365,
01/04/2026,2022,2,Region 8,Heroin,12 month-ending,02/28/2022,348,
01/04/2026,2022,3,Region 8,Heroin,12 month-ending,03/31/2022,337,
01/04/2026,2022,4,Region 8,Heroin,12 month-ending,04/30/2022,312,
01/04/2026,2022,5,Region 8,Heroin,12 month-ending,05/31/2022,298,
01/04/2026,2022,6,Region 8,Heroin,12 month-ending,06/30/2022,276,
01/04/2026,2022,7,Region 8,Heroin,12 month-ending,07/31/2022,261,
01/04/2026,2022,8,Region 8,Heroin,12 month-ending,08/31/2022,238,
01/04/2026,2022,9,Region 8,Heroin,12 month-ending,09/30/2022,214,
01/04/2026,2022,10,Region 8,Heroin,12 month-ending,10/31/2022,202,
01/04/2026,2022,11,Region 8,Heroin,12 month-ending,11/30/2022,203,
01/04/2026,2022,12,Region 8,Heroin,12 month-ending,12/31/2022,198,
01/04/2026,2023,1,Region 8,Heroin,12 month-ending,01/31/2023,194,
01/04/2026,2023,2,Region 8,Heroin,12 month-ending,02/28/2023,185,
01/04/2026,2023,3,Region 8,Heroin,12 month-ending,03/31/2023,170,
01/04/2026,2023,4,Region 8,Heroin,12 month-ending,04/30/2023,161,
01/04/2026,2023,5,Region 8,Heroin,12 month-ending,05/31/2023,149,
01/04/2026,2023,6,Region 8,Heroin,12 month-ending,06/30/2023,145,
01/04/2026,2023,7,Region 8,Heroin,12 month-ending,07/31/2023,138,
01/04/2026,2023,8,Region 8,Heroin,12 month-ending,08/31/2023,134,
01/04/2026,2023,9,Region 8,Heroin,12 month-ending,09/30/2023,132,
01/04/2026,2023,10,Region 8,Heroin,12 month-ending,10/31/2023,124,
01/04/2026,2023,11,Region 8,Heroin,12 month-ending,11/30/2023,113,
01/04/2026,2023,12,Region 8,Heroin,12 month-ending,12/31/2023,108,
01/04/2026,2024,1,Region 8,Heroin,12 month-ending,01/31/2024,99,
01/04/2026,2024,2,Region 8,Heroin,12 month-ending,02/29/2024,100,
01/04/2026,2024,3,Region 8,Heroin,12 month-ending,03/31/2024,106,
01/04/2026,2024,4,Region 8,Heroin,12 month-ending,04/30/2024,100,
01/04/2026,2024,5,Region 8,Heroin,12 month-ending,05/31/2024,92,
01/04/2026,2024,6,Region 8,Heroin,12 month-ending,06/30/2024,91,
01/04/2026,2024,7,Region 8,Heroin,12 month-ending,07/31/2024,89,
01/04/2026,2024,8,Region 8,Heroin,12 month-ending,08/31/2024,85,
01/04/2026,2024,9,Region 8,Heroin,12 month-ending,09/30/2024,88,
01/04/2026,2024,10,Region 8,Heroin,12 month-ending,10/31/2024,93,
01/04/2026,2024,11,Region 8,Heroin,12 month-ending,11/30/2024,90,
01/04/2026,2024,12,Region 8,Heroin,12 month-ending,12/31/2024,86,
01/04/2026,2025,1,Region 8,Heroin,12 month-ending,01/31/2025,82,
01/04/2026,2025,2,Region 8,Heroin,12 month-ending,02/28/2025,81,
01/04/2026,2025,3,Region 8,Heroin,12 month-ending,03/31/2025,73,
01/04/2026,2025,4,Region 8,Heroin,12 month-ending,04/30/2025,77,
01/04/2026,2025,5,Region 8,Heroin,12 month-ending,05/31/2025,79,
01/04/2026,2025,6,Region 8,Heroin,12 month-ending,06/30/2025,74,
01/04/2026,2019,1,Region 9,Heroin,12 month-ending,01/31/2019,1336,
01/04/2026,2019,2,Region 9,Heroin,12 month-ending,02/28/2019,1372,
01/04/2026,2019,3,Region 9,Heroin,12 month-ending,03/31/2019,1379,
01/04/2026,2019,4,Region 9,Heroin,12 month-ending,04/30/2019,1393,
01/04/2026,2019,5,Region 9,Heroin,12 month-ending,05/31/2019,1434,
01/04/2026,2019,6,Region 9,Heroin,12 month-ending,06/30/2019,1450,
01/04/2026,2019,7,Region 9,Heroin,12 month-ending,07/31/2019,1453,
01/04/2026,2019,8,Region 9,Heroin,12 month-ending,08/31/2019,1468,
01/04/2026,2019,9,Region 9,Heroin,12 month-ending,09/30/2019,1482,
01/04/2026,2019,10,Region 9,Heroin,12 month-ending,10/31/2019,1475,
01/04/2026,2019,11,Region 9,Heroin,12 month-ending,11/30/2019,1468,
01/04/2026,2019,12,Region 9,Heroin,12 month-ending,12/31/2019,1435,
01/04/2026,2020,1,Region 9,Heroin,12 month-ending,01/31/2020,1423,
01/04/2026,2020,2,Region 9,Heroin,12 month-ending,02/29/2020,1410,
01/04/2026,2020,3,Region 9,Heroin,12 month-ending,03/31/2020,1414,
01/04/2026,2020,4,Region 9,Heroin,12 month-ending,04/30/2020,1428,
01/04/2026,2020,5,Region 9,Heroin,12 month-ending,05/31/2020,1416,
01/04/2026,2020,6,Region 9,Heroin,12 month-ending,06/30/2020,1423,
01/04/2026,2020,7,Region 9,Heroin,12 month-ending,07/31/2020,1429,
01/04/2026,2020,8,Region 9,Heroin,12 month-ending,08/31/2020,1438,
01/04/2026,2020,9,Region 9,Heroin,12 month-ending,09/30/2020,1439,
01/04/2026,2020,10,Region 9,Heroin,12 month-ending,10/31/2020,1440,
01/04/2026,2020,11,Region 9,Heroin,12 month-ending,11/30/2020,1442,
01/04/2026,2020,12,Region 9,Heroin,12 month-ending,12/31/2020,1448,
01/04/2026,2021,1,Region 9,Heroin,12 month-ending,01/31/2021,1464,
01/04/2026,2021,2,Region 9,Heroin,12 month-ending,02/28/2021,1447,
01/04/2026,2021,3,Region 9,Heroin,12 month-ending,03/31/2021,1430,
01/04/2026,2021,4,Region 9,Heroin,12 month-ending,04/30/2021,1399,
01/04/2026,2021,5,Region 9,Heroin,12 month-ending,05/31/2021,1371,
01/04/2026,2021,6,Region 9,Heroin,12 month-ending,06/30/2021,1332,
01/04/2026,2021,7,Region 9,Heroin,12 month-ending,07/31/2021,1286,
01/04/2026,2021,8,Region 9,Heroin,12 month-ending,08/31/2021,1223,
01/04/2026,2021,9,Region 9,Heroin,12 month-ending,09/30/2021,1197,
01/04/2026,2021,10,Region 9,Heroin,12 month-ending,10/31/2021,1171,
01/04/2026,2021,11,Region 9,Heroin,12 month-ending,11/30/2021,1119,
01/04/2026,2021,12,Region 9,Heroin,12 month-ending,12/31/2021,1071,
01/04/2026,2022,1,Region 9,Heroin,12 month-ending,01/31/2022,1017,
01/04/2026,2022,2,Region 9,Heroin,12 month-ending,02/28/2022,1009,
01/04/2026,2022,3,Region 9,Heroin,12 month-ending,03/31/2022,967,
01/04/2026,2022,4,Region 9,Heroin,12 month-ending,04/30/2022,937,
01/04/2026,2022,5,Region 9,Heroin,12 month-ending,05/31/2022,891,
01/04/2026,2022,6,Region 9,Heroin,12 month-ending,06/30/2022,846,
01/04/2026,2022,7,Region 9,Heroin,12 month-ending,07/31/2022,810,
01/04/2026,2022,8,Region 9,Heroin,12 month-ending,08/31/2022,780,
01/04/2026,2022,9,Region 9,Heroin,12 month-ending,09/30/2022,748,
01/04/2026,2022,10,Region 9,Heroin,12 month-ending,10/31/2022,711,
01/04/2026,2022,11,Region 9,Heroin,12 month-ending,11/30/2022,688,
01/04/2026,2022,12,Region 9,Heroin,12 month-ending,12/31/2022,673,
01/04/2026,2023,1,Region 9,Heroin,12 month-ending,01/31/2023,643,
01/04/2026,2023,2,Region 9,Heroin,12 month-ending,02/28/2023,610,
01/04/2026,2023,3,Region 9,Heroin,12 month-ending,03/31/2023,587,
01/04/2026,2023,4,Region 9,Heroin,12 month-ending,04/30/2023,578,
01/04/2026,2023,5,Region 9,Heroin,12 month-ending,05/31/2023,570,
01/04/2026,2023,6,Region 9,Heroin,12 month-ending,06/30/2023,567,
01/04/2026,2023,7,Region 9,Heroin,12 month-ending,07/31/2023,556,
01/04/2026,2023,8,Region 9,Heroin,12 month-ending,08/31/2023,549,
01/04/2026,2023,9,Region 9,Heroin,12 month-ending,09/30/2023,512,
01/04/2026,2023,10,Region 9,Heroin,12 month-ending,10/31/2023,486,
01/04/2026,2023,11,Region 9,Heroin,12 month-ending,11/30/2023,472,
01/04/2026,2023,12,Region 9,Heroin,12 month-ending,12/31/2023,459,
01/04/2026,2024,1,Region 9,Heroin,12 month-ending,01/31/2024,442,
01/04/2026,2024,2,Region 9,Heroin,12 month-ending,02/29/2024,429,
01/04/2026,2024,3,Region 9,Heroin,12 month-ending,03/31/2024,404,
01/04/2026,2024,4,Region 9,Heroin,12 month-ending,04/30/2024,390,
01/04/2026,2024,5,Region 9,Heroin,12 month-ending,05/31/2024,370,
01/04/2026,2024,6,Region 9,Heroin,12 month-ending,06/30/2024,351,
01/04/2026,2024,7,Region 9,Heroin,12 month-ending,07/31/2024,339,
01/04/2026,2024,8,Region 9,Heroin,12 month-ending,08/31/2024,319,
01/04/2026,2024,9,Region 9,Heroin,12 month-ending,09/30/2024,334,
01/04/2026,2024,10,Region 9,Heroin,12 month-ending,10/31/2024,345,
01/04/2026,2024,11,Region 9,Heroin,12 month-ending,11/30/2024,335,
01/04/2026,2024,12,Region 9,Heroin,12 month-ending,12/31/2024,326,
01/04/2026,2025,1,Region 9,Heroin,12 month-ending,01/31/2025,331,
01/04/2026,2025,2,Region 9,Heroin,12 month-ending,02/28/2025,326,
01/04/2026,2025,3,Region 9,Heroin,12 month-ending,03/31/2025,336,
01/04/2026,2025,4,Region 9,Heroin,12 month-ending,04/30/2025,315,
01/04/2026,2025,5,Region 9,Heroin,12 month-ending,05/31/2025,322,
01/04/2026,2025,6,Region 9,Heroin,12 month-ending,06/30/2025,326,
01/04/2026,2019,1,Region 10,Heroin,12 month-ending,01/31/2019,581,
01/04/2026,2019,2,Region 10,Heroin,12 month-ending,02/28/2019,581,
01/04/2026,2019,3,Region 10,Heroin,12 month-ending,03/31/2019,584,
01/04/2026,2019,4,Region 10,Heroin,12 month-ending,04/30/2019,586,
01/04/2026,2019,5,Region 10,Heroin,12 month-ending,05/31/2019,573,
01/04/2026,2019,6,Region 10,Heroin,12 month-ending,06/30/2019,573,
01/04/2026,2019,7,Region 10,Heroin,12 month-ending,07/31/2019,579,
01/04/2026,2019,8,Region 10,Heroin,12 month-ending,08/31/2019,578,
01/04/2026,2019,9,Region 10,Heroin,12 month-ending,09/30/2019,597,
01/04/2026,2019,10,Region 10,Heroin,12 month-ending,10/31/2019,607,
01/04/2026,2019,11,Region 10,Heroin,12 month-ending,11/30/2019,606,
01/04/2026,2019,12,Region 10,Heroin,12 month-ending,12/31/2019,598,
01/04/2026,2020,1,Region 10,Heroin,12 month-ending,01/31/2020,592,
01/04/2026,2020,2,Region 10,Heroin,12 month-ending,02/29/2020,583,
01/04/2026,2020,3,Region 10,Heroin,12 month-ending,03/31/2020,596,
01/04/2026,2020,4,Region 10,Heroin,12 month-ending,04/30/2020,586,
01/04/2026,2020,5,Region 10,Heroin,12 month-ending,05/31/2020,618,
01/04/2026,2020,6,Region 10,Heroin,12 month-ending,06/30/2020,628,
01/04/2026,2020,7,Region 10,Heroin,12 month-ending,07/31/2020,648,
01/04/2026,2020,8,Region 10,Heroin,12 month-ending,08/31/2020,663,
01/04/2026,2020,9,Region 10,Heroin,12 month-ending,09/30/2020,653,
01/04/2026,2020,10,Region 10,Heroin,12 month-ending,10/31/2020,653,
01/04/2026,2020,11,Region 10,Heroin,12 month-ending,11/30/2020,672,
01/04/2026,2020,12,Region 10,Heroin,12 month-ending,12/31/2020,681,
01/04/2026,2021,1,Region 10,Heroin,12 month-ending,01/31/2021,694,
01/04/2026,2021,2,Region 10,Heroin,12 month-ending,02/28/2021,710,
01/04/2026,2021,3,Region 10,Heroin,12 month-ending,03/31/2021,707,
01/04/2026,2021,4,Region 10,Heroin,12 month-ending,04/30/2021,743,
01/04/2026,2021,5,Region 10,Heroin,12 month-ending,05/31/2021,748,
01/04/2026,2021,6,Region 10,Heroin,12 month-ending,06/30/2021,739,
01/04/2026,2021,7,Region 10,Heroin,12 month-ending,07/31/2021,726,
01/04/2026,2021,8,Region 10,Heroin,12 month-ending,08/31/2021,729,
01/04/2026,2021,9,Region 10,Heroin,12 month-ending,09/30/2021,737,
01/04/2026,2021,10,Region 10,Heroin,12 month-ending,10/31/2021,732,
01/04/2026,2021,11,Region 10,Heroin,12 month-ending,11/30/2021,707,
01/04/2026,2021,12,Region 10,Heroin,12 month-ending,12/31/2021,693,
01/04/2026,2022,1,Region 10,Heroin,12 month-ending,01/31/2022,669,
01/04/2026,2022,2,Region 10,Heroin,12 month-ending,02/28/2022,648,
01/04/2026,2022,3,Region 10,Heroin,12 month-ending,03/31/2022,634,
01/04/2026,2022,4,Region 10,Heroin,12 month-ending,04/30/2022,590,
01/04/2026,2022,5,Region 10,Heroin,12 month-ending,05/31/2022,550,
01/04/2026,2022,6,Region 10,Heroin,12 month-ending,06/30/2022,518,
01/04/2026,2022,7,Region 10,Heroin,12 month-ending,07/31/2022,484,
01/04/2026,2022,8,Region 10,Heroin,12 month-ending,08/31/2022,443,
01/04/2026,2022,9,Region 10,Heroin,12 month-ending,09/30/2022,410,
01/04/2026,2022,10,Region 10,Heroin,12 month-ending,10/31/2022,379,
01/04/2026,2022,11,Region 10,Heroin,12 month-ending,11/30/2022,360,
01/04/2026,2022,12,Region 10,Heroin,12 month-ending,12/31/2022,339,
01/04/2026,2023,1,Region 10,Heroin,12 month-ending,01/31/2023,318,
01/04/2026,2023,2,Region 10,Heroin,12 month-ending,02/28/2023,300,
01/04/2026,2023,3,Region 10,Heroin,12 month-ending,03/31/2023,275,
01/04/2026,2023,4,Region 10,Heroin,12 month-ending,04/30/2023,258,
01/04/2026,2023,5,Region 10,Heroin,12 month-ending,05/31/2023,236,
01/04/2026,2023,6,Region 10,Heroin,12 month-ending,06/30/2023,223,
01/04/2026,2023,7,Region 10,Heroin,12 month-ending,07/31/2023,207,
01/04/2026,2023,8,Region 10,Heroin,12 month-ending,08/31/2023,187,
01/04/2026,2023,9,Region 10,Heroin,12 month-ending,09/30/2023,177,
01/04/2026,2023,10,Region 10,Heroin,12 month-ending,10/31/2023,166,
01/04/2026,2023,11,Region 10,Heroin,12 month-ending,11/30/2023,155,
01/04/2026,2023,12,Region 10,Heroin,12 month-ending,12/31/2023,138,
01/04/2026,2024,1,Region 10,Heroin,12 month-ending,01/31/2024,124,
01/04/2026,2024,2,Region 10,Heroin,12 month-ending,02/29/2024,113,
01/04/2026,2024,3,Region 10,Heroin,12 month-ending,03/31/2024,106,
01/04/2026,2024,4,Region 10,Heroin,12 month-ending,04/30/2024,95,
01/04/2026,2024,5,Region 10,Heroin,12 month-ending,05/31/2024,90,
01/04/2026,2024,6,Region 10,Heroin,12 month-ending,06/30/2024,83,
01/04/2026,2024,7,Region 10,Heroin,12 month-ending,07/31/2024,80,
01/04/2026,2024,8,Region 10,Heroin,12 month-ending,08/31/2024,78,
01/04/2026,2024,9,Region 10,Heroin,12 month-ending,09/30/2024,80,
01/04/2026,2024,10,Region 10,Heroin,12 month-ending,10/31/2024,78,
01/04/2026,2024,11,Region 10,Heroin,12 month-ending,11/30/2024,77,
01/04/2026,2024,12,Region 10,Heroin,12 month-ending,12/31/2024,79,
01/04/2026,2025,1,Region 10,Heroin,12 month-ending,01/31/2025,79,
01/04/2026,2025,2,Region 10,Heroin,12 month-ending,02/28/2025,78,
01/04/2026,2025,3,Region 10,Heroin,12 month-ending,03/31/2025,77,
01/04/2026,2025,4,Region 10,Heroin,12 month-ending,04/30/2025,75,
01/04/2026,2025,5,Region 10,Heroin,12 month-ending,05/31/2025,70,
01/04/2026,2025,6,Region 10,Heroin,12 month-ending,06/30/2025,66,
01/04/2026,2019,1,Region 1,Oxycodone,12 month-ending,01/31/2019,297,
01/04/2026,2019,2,Region 1,Oxycodone,12 month-ending,02/28/2019,305,
01/04/2026,2019,3,Region 1,Oxycodone,12 month-ending,03/31/2019,308,
01/04/2026,2019,4,Region 1,Oxycodone,12 month-ending,04/30/2019,317,
01/04/2026,2019,5,Region 1,Oxycodone,12 month-ending,05/31/2019,323,
01/04/2026,2019,6,Region 1,Oxycodone,12 month-ending,06/30/2019,317,
01/04/2026,2019,7,Region 1,Oxycodone,12 month-ending,07/31/2019,312,
01/04/2026,2019,8,Region 1,Oxycodone,12 month-ending,08/31/2019,315,
01/04/2026,2019,9,Region 1,Oxycodone,12 month-ending,09/30/2019,317,
01/04/2026,2019,10,Region 1,Oxycodone,12 month-ending,10/31/2019,316,
01/04/2026,2019,11,Region 1,Oxycodone,12 month-ending,11/30/2019,318,
01/04/2026,2019,12,Region 1,Oxycodone,12 month-ending,12/31/2019,328,
01/04/2026,2020,1,Region 1,Oxycodone,12 month-ending,01/31/2020,326,
01/04/2026,2020,2,Region 1,Oxycodone,12 month-ending,02/29/2020,331,
01/04/2026,2020,3,Region 1,Oxycodone,12 month-ending,03/31/2020,325,
01/04/2026,2020,4,Region 1,Oxycodone,12 month-ending,04/30/2020,320,
01/04/2026,2020,5,Region 1,Oxycodone,12 month-ending,05/31/2020,314,
01/04/2026,2020,6,Region 1,Oxycodone,12 month-ending,06/30/2020,313,
01/04/2026,2020,7,Region 1,Oxycodone,12 month-ending,07/31/2020,306,
01/04/2026,2020,8,Region 1,Oxycodone,12 month-ending,08/31/2020,303,
01/04/2026,2020,9,Region 1,Oxycodone,12 month-ending,09/30/2020,303,
01/04/2026,2020,10,Region 1,Oxycodone,12 month-ending,10/31/2020,304,
01/04/2026,2020,11,Region 1,Oxycodone,12 month-ending,11/30/2020,314,
01/04/2026,2020,12,Region 1,Oxycodone,12 month-ending,12/31/2020,305,
01/04/2026,2021,1,Region 1,Oxycodone,12 month-ending,01/31/2021,295,
01/04/2026,2021,2,Region 1,Oxycodone,12 month-ending,02/28/2021,287,
01/04/2026,2021,3,Region 1,Oxycodone,12 month-ending,03/31/2021,292,
01/04/2026,2021,4,Region 1,Oxycodone,12 month-ending,04/30/2021,288,
01/04/2026,2021,5,Region 1,Oxycodone,12 month-ending,05/31/2021,279,
01/04/2026,2021,6,Region 1,Oxycodone,12 month-ending,06/30/2021,277,
01/04/2026,2021,7,Region 1,Oxycodone,12 month-ending,07/31/2021,299,
01/04/2026,2021,8,Region 1,Oxycodone,12 month-ending,08/31/2021,308,
01/04/2026,2021,9,Region 1,Oxycodone,12 month-ending,09/30/2021,313,
01/04/2026,2021,10,Region 1,Oxycodone,12 month-ending,10/31/2021,314,
01/04/2026,2021,11,Region 1,Oxycodone,12 month-ending,11/30/2021,314,
01/04/2026,2021,12,Region 1,Oxycodone,12 month-ending,12/31/2021,318,
01/04/2026,2022,1,Region 1,Oxycodone,12 month-ending,01/31/2022,321,
01/04/2026,2022,2,Region 1,Oxycodone,12 month-ending,02/28/2022,319,
01/04/2026,2022,3,Region 1,Oxycodone,12 month-ending,03/31/2022,319,
01/04/2026,2022,4,Region 1,Oxycodone,12 month-ending,04/30/2022,315,
01/04/2026,2022,5,Region 1,Oxycodone,12 month-ending,05/31/2022,309,
01/04/2026,2022,6,Region 1,Oxycodone,12 month-ending,06/30/2022,302,
01/04/2026,2022,7,Region 1,Oxycodone,12 month-ending,07/31/2022,288,
01/04/2026,2022,8,Region 1,Oxycodone,12 month-ending,08/31/2022,286,
01/04/2026,2022,9,Region 1,Oxycodone,12 month-ending,09/30/2022,279,
01/04/2026,2022,10,Region 1,Oxycodone,12 month-ending,10/31/2022,285,
01/04/2026,2022,11,Region 1,Oxycodone,12 month-ending,11/30/2022,271,
01/04/2026,2022,12,Region 1,Oxycodone,12 month-ending,12/31/2022,272,
01/04/2026,2023,1,Region 1,Oxycodone,12 month-ending,01/31/2023,275,
01/04/2026,2023,2,Region 1,Oxycodone,12 month-ending,02/28/2023,281,
01/04/2026,2023,3,Region 1,Oxycodone,12 month-ending,03/31/2023,271,
01/04/2026,2023,4,Region 1,Oxycodone,12 month-ending,04/30/2023,266,
01/04/2026,2023,5,Region 1,Oxycodone,12 month-ending,05/31/2023,276,
01/04/2026,2023,6,Region 1,Oxycodone,12 month-ending,06/30/2023,278,
01/04/2026,2023,7,Region 1,Oxycodone,12 month-ending,07/31/2023,271,
01/04/2026,2023,8,Region 1,Oxycodone,12 month-ending,08/31/2023,265,
01/04/2026,2023,9,Region 1,Oxycodone,12 month-ending,09/30/2023,259,
01/04/2026,2023,10,Region 1,Oxycodone,12 month-ending,10/31/2023,247,
01/04/2026,2023,11,Region 1,Oxycodone,12 month-ending,11/30/2023,248,
01/04/2026,2023,12,Region 1,Oxycodone,12 month-ending,12/31/2023,234,
01/04/2026,2024,1,Region 1,Oxycodone,12 month-ending,01/31/2024,225,
01/04/2026,2024,2,Region 1,Oxycodone,12 month-ending,02/29/2024,211,
01/04/2026,2024,3,Region 1,Oxycodone,12 month-ending,03/31/2024,212,
01/04/2026,2024,4,Region 1,Oxycodone,12 month-ending,04/30/2024,214,
01/04/2026,2024,5,Region 1,Oxycodone,12 month-ending,05/31/2024,210,
01/04/2026,2024,6,Region 1,Oxycodone,12 month-ending,06/30/2024,210,
01/04/2026,2024,7,Region 1,Oxycodone,12 month-ending,07/31/2024,199,
01/04/2026,2024,8,Region 1,Oxycodone,12 month-ending,08/31/2024,194,
01/04/2026,2024,9,Region 1,Oxycodone,12 month-ending,09/30/2024,188,
01/04/2026,2024,10,Region 1,Oxycodone,12 month-ending,10/31/2024,188,
01/04/2026,2024,11,Region 1,Oxycodone,12 month-ending,11/30/2024,183,
01/04/2026,2024,12,Region 1,Oxycodone,12 month-ending,12/31/2024,186,
01/04/2026,2025,1,Region 1,Oxycodone,12 month-ending,01/31/2025,191,
01/04/2026,2025,2,Region 1,Oxycodone,12 month-ending,02/28/2025,187,
01/04/2026,2025,3,Region 1,Oxycodone,12 month-ending,03/31/2025,178,
01/04/2026,2025,4,Region 1,Oxycodone,12 month-ending,04/30/2025,169,
01/04/2026,2025,5,Region 1,Oxycodone,12 month-ending,05/31/2025,163,
01/04/2026,2025,6,Region 1,Oxycodone,12 month-ending,06/30/2025,164,
01/04/2026,2019,1,Region 2,Oxycodone,12 month-ending,01/31/2019,515,
01/04/2026,2019,2,Region 2,Oxycodone,12 month-ending,02/28/2019,513,
01/04/2026,2019,3,Region 2,Oxycodone,12 month-ending,03/31/2019,496,
01/04/2026,2019,4,Region 2,Oxycodone,12 month-ending,04/30/2019,487,
01/04/2026,2019,5,Region 2,Oxycodone,12 month-ending,05/31/2019,477,
01/04/2026,2019,6,Region 2,Oxycodone,12 month-ending,06/30/2019,472,
01/04/2026,2019,7,Region 2,Oxycodone,12 month-ending,07/31/2019,475,
01/04/2026,2019,8,Region 2,Oxycodone,12 month-ending,08/31/2019,468,
01/04/2026,2019,9,Region 2,Oxycodone,12 month-ending,09/30/2019,470,
01/04/2026,2019,10,Region 2,Oxycodone,12 month-ending,10/31/2019,473,
01/04/2026,2019,11,Region 2,Oxycodone,12 month-ending,11/30/2019,481,
01/04/2026,2019,12,Region 2,Oxycodone,12 month-ending,12/31/2019,477,
01/04/2026,2020,1,Region 2,Oxycodone,12 month-ending,01/31/2020,510,
01/04/2026,2020,2,Region 2,Oxycodone,12 month-ending,02/29/2020,510,
01/04/2026,2020,3,Region 2,Oxycodone,12 month-ending,03/31/2020,523,
01/04/2026,2020,4,Region 2,Oxycodone,12 month-ending,04/30/2020,526,
01/04/2026,2020,5,Region 2,Oxycodone,12 month-ending,05/31/2020,536,
01/04/2026,2020,6,Region 2,Oxycodone,12 month-ending,06/30/2020,530,
01/04/2026,2020,7,Region 2,Oxycodone,12 month-ending,07/31/2020,530,
01/04/2026,2020,8,Region 2,Oxycodone,12 month-ending,08/31/2020,540,
01/04/2026,2020,9,Region 2,Oxycodone,12 month-ending,09/30/2020,547,
01/04/2026,2020,10,Region 2,Oxycodone,12 month-ending,10/31/2020,549,
01/04/2026,2020,11,Region 2,Oxycodone,12 month-ending,11/30/2020,547,
01/04/2026,2020,12,Region 2,Oxycodone,12 month-ending,12/31/2020,560,
01/04/2026,2021,1,Region 2,Oxycodone,12 month-ending,01/31/2021,550,
01/04/2026,2021,2,Region 2,Oxycodone,12 month-ending,02/28/2021,556,
01/04/2026,2021,3,Region 2,Oxycodone,12 month-ending,03/31/2021,567,
01/04/2026,2021,4,Region 2,Oxycodone,12 month-ending,04/30/2021,575,
01/04/2026,2021,5,Region 2,Oxycodone,12 month-ending,05/31/2021,572,
01/04/2026,2021,6,Region 2,Oxycodone,12 month-ending,06/30/2021,592,
01/04/2026,2021,7,Region 2,Oxycodone,12 month-ending,07/31/2021,587,
01/04/2026,2021,8,Region 2,Oxycodone,12 month-ending,08/31/2021,590,
01/04/2026,2021,9,Region 2,Oxycodone,12 month-ending,09/30/2021,585,
01/04/2026,2021,10,Region 2,Oxycodone,12 month-ending,10/31/2021,578,
01/04/2026,2021,11,Region 2,Oxycodone,12 month-ending,11/30/2021,566,
01/04/2026,2021,12,Region 2,Oxycodone,12 month-ending,12/31/2021,559,
01/04/2026,2022,1,Region 2,Oxycodone,12 month-ending,01/31/2022,561,
01/04/2026,2022,2,Region 2,Oxycodone,12 month-ending,02/28/2022,557,
01/04/2026,2022,3,Region 2,Oxycodone,12 month-ending,03/31/2022,543,
01/04/2026,2022,4,Region 2,Oxycodone,12 month-ending,04/30/2022,537,
01/04/2026,2022,5,Region 2,Oxycodone,12 month-ending,05/31/2022,526,
01/04/2026,2022,6,Region 2,Oxycodone,12 month-ending,06/30/2022,518,
01/04/2026,2022,7,Region 2,Oxycodone,12 month-ending,07/31/2022,526,
01/04/2026,2022,8,Region 2,Oxycodone,12 month-ending,08/31/2022,512,
01/04/2026,2022,9,Region 2,Oxycodone,12 month-ending,09/30/2022,512,
01/04/2026,2022,10,Region 2,Oxycodone,12 month-ending,10/31/2022,514,
01/04/2026,2022,11,Region 2,Oxycodone,12 month-ending,11/30/2022,518,
01/04/2026,2022,12,Region 2,Oxycodone,12 month-ending,12/31/2022,514,
01/04/2026,2023,1,Region 2,Oxycodone,12 month-ending,01/31/2023,495,
01/04/2026,2023,2,Region 2,Oxycodone,12 month-ending,02/28/2023,489,
01/04/2026,2023,3,Region 2,Oxycodone,12 month-ending,03/31/2023,487,
01/04/2026,2023,4,Region 2,Oxycodone,12 month-ending,04/30/2023,503,
01/04/2026,2023,5,Region 2,Oxycodone,12 month-ending,05/31/2023,510,
01/04/2026,2023,6,Region 2,Oxycodone,12 month-ending,06/30/2023,506,
01/04/2026,2023,7,Region 2,Oxycodone,12 month-ending,07/31/2023,486,
01/04/2026,2023,8,Region 2,Oxycodone,12 month-ending,08/31/2023,492,
01/04/2026,2023,9,Region 2,Oxycodone,12 month-ending,09/30/2023,474,
01/04/2026,2023,10,Region 2,Oxycodone,12 month-ending,10/31/2023,462,
01/04/2026,2023,11,Region 2,Oxycodone,12 month-ending,11/30/2023,452,
01/04/2026,2023,12,Region 2,Oxycodone,12 month-ending,12/31/2023,439,
01/04/2026,2024,1,Region 2,Oxycodone,12 month-ending,01/31/2024,441,
01/04/2026,2024,2,Region 2,Oxycodone,12 month-ending,02/29/2024,431,
01/04/2026,2024,3,Region 2,Oxycodone,12 month-ending,03/31/2024,418,
01/04/2026,2024,4,Region 2,Oxycodone,12 month-ending,04/30/2024,392,
01/04/2026,2024,5,Region 2,Oxycodone,12 month-ending,05/31/2024,373,
01/04/2026,2024,6,Region 2,Oxycodone,12 month-ending,06/30/2024,351,
01/04/2026,2024,7,Region 2,Oxycodone,12 month-ending,07/31/2024,352,
01/04/2026,2024,8,Region 2,Oxycodone,12 month-ending,08/31/2024,328,
01/04/2026,2024,9,Region 2,Oxycodone,12 month-ending,09/30/2024,331,
01/04/2026,2024,10,Region 2,Oxycodone,12 month-ending,10/31/2024,319,
01/04/2026,2024,11,Region 2,Oxycodone,12 month-ending,11/30/2024,305,
01/04/2026,2024,12,Region 2,Oxycodone,12 month-ending,12/31/2024,293,
01/04/2026,2025,1,Region 2,Oxycodone,12 month-ending,01/31/2025,279,
01/04/2026,2025,2,Region 2,Oxycodone,12 month-ending,02/28/2025,271,
01/04/2026,2025,3,Region 2,Oxycodone,12 month-ending,03/31/2025,266,
01/04/2026,2025,4,Region 2,Oxycodone,12 month-ending,04/30/2025,259,
01/04/2026,2025,5,Region 2,Oxycodone,12 month-ending,05/31/2025,261,
01/04/2026,2025,6,Region 2,Oxycodone,12 month-ending,06/30/2025,258,
01/04/2026,2019,1,Region 3,Oxycodone,12 month-ending,01/31/2019,619,
01/04/2026,2019,2,Region 3,Oxycodone,12 month-ending,02/28/2019,619,
01/04/2026,2019,3,Region 3,Oxycodone,12 month-ending,03/31/2019,609,
01/04/2026,2019,4,Region 3,Oxycodone,12 month-ending,04/30/2019,616,
01/04/2026,2019,5,Region 3,Oxycodone,12 month-ending,05/31/2019,609,
01/04/2026,2019,6,Region 3,Oxycodone,12 month-ending,06/30/2019,593,
01/04/2026,2019,7,Region 3,Oxycodone,12 month-ending,07/31/2019,576,
01/04/2026,2019,8,Region 3,Oxycodone,12 month-ending,08/31/2019,576,
01/04/2026,2019,9,Region 3,Oxycodone,12 month-ending,09/30/2019,570,
01/04/2026,2019,10,Region 3,Oxycodone,12 month-ending,10/31/2019,573,
01/04/2026,2019,11,Region 3,Oxycodone,12 month-ending,11/30/2019,573,
01/04/2026,2019,12,Region 3,Oxycodone,12 month-ending,12/31/2019,566,
01/04/2026,2020,1,Region 3,Oxycodone,12 month-ending,01/31/2020,566,
01/04/2026,2020,2,Region 3,Oxycodone,12 month-ending,02/29/2020,555,
01/04/2026,2020,3,Region 3,Oxycodone,12 month-ending,03/31/2020,568,
01/04/2026,2020,4,Region 3,Oxycodone,12 month-ending,04/30/2020,551,
01/04/2026,2020,5,Region 3,Oxycodone,12 month-ending,05/31/2020,576,
01/04/2026,2020,6,Region 3,Oxycodone,12 month-ending,06/30/2020,589,
01/04/2026,2020,7,Region 3,Oxycodone,12 month-ending,07/31/2020,617,
01/04/2026,2020,8,Region 3,Oxycodone,12 month-ending,08/31/2020,624,
01/04/2026,2020,9,Region 3,Oxycodone,12 month-ending,09/30/2020,628,
01/04/2026,2020,10,Region 3,Oxycodone,12 month-ending,10/31/2020,622,
01/04/2026,2020,11,Region 3,Oxycodone,12 month-ending,11/30/2020,636,
01/04/2026,2020,12,Region 3,Oxycodone,12 month-ending,12/31/2020,634,
01/04/2026,2021,1,Region 3,Oxycodone,12 month-ending,01/31/2021,638,
01/04/2026,2021,2,Region 3,Oxycodone,12 month-ending,02/28/2021,648,
01/04/2026,2021,3,Region 3,Oxycodone,12 month-ending,03/31/2021,663,
01/04/2026,2021,4,Region 3,Oxycodone,12 month-ending,04/30/2021,675,
01/04/2026,2021,5,Region 3,Oxycodone,12 month-ending,05/31/2021,655,
01/04/2026,2021,6,Region 3,Oxycodone,12 month-ending,06/30/2021,656,
01/04/2026,2021,7,Region 3,Oxycodone,12 month-ending,07/31/2021,641,
01/04/2026,2021,8,Region 3,Oxycodone,12 month-ending,08/31/2021,634,
01/04/2026,2021,9,Region 3,Oxycodone,12 month-ending,09/30/2021,631,
01/04/2026,2021,10,Region 3,Oxycodone,12 month-ending,10/31/2021,624,
01/04/2026,2021,11,Region 3,Oxycodone,12 month-ending,11/30/2021,608,
01/04/2026,2021,12,Region 3,Oxycodone,12 month-ending,12/31/2021,611,
01/04/2026,2022,1,Region 3,Oxycodone,12 month-ending,01/31/2022,593,
01/04/2026,2022,2,Region 3,Oxycodone,12 month-ending,02/28/2022,581,
01/04/2026,2022,3,Region 3,Oxycodone,12 month-ending,03/31/2022,549,
01/04/2026,2022,4,Region 3,Oxycodone,12 month-ending,04/30/2022,528,
01/04/2026,2022,5,Region 3,Oxycodone,12 month-ending,05/31/2022,512,
01/04/2026,2022,6,Region 3,Oxycodone,12 month-ending,06/30/2022,484,
01/04/2026,2022,7,Region 3,Oxycodone,12 month-ending,07/31/2022,480,
01/04/2026,2022,8,Region 3,Oxycodone,12 month-ending,08/31/2022,462,
01/04/2026,2022,9,Region 3,Oxycodone,12 month-ending,09/30/2022,455,
01/04/2026,2022,10,Region 3,Oxycodone,12 month-ending,10/31/2022,459,
01/04/2026,2022,11,Region 3,Oxycodone,12 month-ending,11/30/2022,457,
01/04/2026,2022,12,Region 3,Oxycodone,12 month-ending,12/31/2022,453,
01/04/2026,2023,1,Region 3,Oxycodone,12 month-ending,01/31/2023,452,
01/04/2026,2023,2,Region 3,Oxycodone,12 month-ending,02/28/2023,456,
01/04/2026,2023,3,Region 3,Oxycodone,12 month-ending,03/31/2023,449,
01/04/2026,2023,4,Region 3,Oxycodone,12 month-ending,04/30/2023,451,
01/04/2026,2023,5,Region 3,Oxycodone,12 month-ending,05/31/2023,450,
01/04/2026,2023,6,Region 3,Oxycodone,12 month-ending,06/30/2023,455,
01/04/2026,2023,7,Region 3,Oxycodone,12 month-ending,07/31/2023,455,
01/04/2026,2023,8,Region 3,Oxycodone,12 month-ending,08/31/2023,461,
01/04/2026,2023,9,Region 3,Oxycodone,12 month-ending,09/30/2023,457,
01/04/2026,2023,10,Region 3,Oxycodone,12 month-ending,10/31/2023,461,
01/04/2026,2023,11,Region 3,Oxycodone,12 month-ending,11/30/2023,453,
01/04/2026,2023,12,Region 3,Oxycodone,12 month-ending,12/31/2023,447,
01/04/2026,2024,1,Region 3,Oxycodone,12 month-ending,01/31/2024,433,
01/04/2026,2024,2,Region 3,Oxycodone,12 month-ending,02/29/2024,427,
01/04/2026,2024,3,Region 3,Oxycodone,12 month-ending,03/31/2024,418,
01/04/2026,2024,4,Region 3,Oxycodone,12 month-ending,04/30/2024,413,
01/04/2026,2024,5,Region 3,Oxycodone,12 month-ending,05/31/2024,409,
01/04/2026,2024,6,Region 3,Oxycodone,12 month-ending,06/30/2024,410,
01/04/2026,2024,7,Region 3,Oxycodone,12 month-ending,07/31/2024,396,
01/04/2026,2024,8,Region 3,Oxycodone,12 month-ending,08/31/2024,387,
01/04/2026,2024,9,Region 3,Oxycodone,12 month-ending,09/30/2024,384,
01/04/2026,2024,10,Region 3,Oxycodone,12 month-ending,10/31/2024,350,
01/04/2026,2024,11,Region 3,Oxycodone,12 month-ending,11/30/2024,342,
01/04/2026,2024,12,Region 3,Oxycodone,12 month-ending,12/31/2024,325,
01/04/2026,2025,1,Region 3,Oxycodone,12 month-ending,01/31/2025,320,
01/04/2026,2025,2,Region 3,Oxycodone,12 month-ending,02/28/2025,305,
01/04/2026,2025,3,Region 3,Oxycodone,12 month-ending,03/31/2025,309,
01/04/2026,2025,4,Region 3,Oxycodone,12 month-ending,04/30/2025,303,
01/04/2026,2025,5,Region 3,Oxycodone,12 month-ending,05/31/2025,286,
01/04/2026,2025,6,Region 3,Oxycodone,12 month-ending,06/30/2025,268,
01/04/2026,2019,1,Region 4,Oxycodone,12 month-ending,01/31/2019,1396,
01/04/2026,2019,2,Region 4,Oxycodone,12 month-ending,02/28/2019,1399,
01/04/2026,2019,3,Region 4,Oxycodone,12 month-ending,03/31/2019,1395,
01/04/2026,2019,4,Region 4,Oxycodone,12 month-ending,04/30/2019,1367,
01/04/2026,2019,5,Region 4,Oxycodone,12 month-ending,05/31/2019,1352,
01/04/2026,2019,6,Region 4,Oxycodone,12 month-ending,06/30/2019,1344,
01/04/2026,2019,7,Region 4,Oxycodone,12 month-ending,07/31/2019,1342,
01/04/2026,2019,8,Region 4,Oxycodone,12 month-ending,08/31/2019,1323,
01/04/2026,2019,9,Region 4,Oxycodone,12 month-ending,09/30/2019,1306,
01/04/2026,2019,10,Region 4,Oxycodone,12 month-ending,10/31/2019,1327,
01/04/2026,2019,11,Region 4,Oxycodone,12 month-ending,11/30/2019,1311,
01/04/2026,2019,12,Region 4,Oxycodone,12 month-ending,12/31/2019,1328,
01/04/2026,2020,1,Region 4,Oxycodone,12 month-ending,01/31/2020,1353,
01/04/2026,2020,2,Region 4,Oxycodone,12 month-ending,02/29/2020,1348,
01/04/2026,2020,3,Region 4,Oxycodone,12 month-ending,03/31/2020,1356,
01/04/2026,2020,4,Region 4,Oxycodone,12 month-ending,04/30/2020,1400,
01/04/2026,2020,5,Region 4,Oxycodone,12 month-ending,05/31/2020,1445,
01/04/2026,2020,6,Region 4,Oxycodone,12 month-ending,06/30/2020,1454,
01/04/2026,2020,7,Region 4,Oxycodone,12 month-ending,07/31/2020,1469,
01/04/2026,2020,8,Region 4,Oxycodone,12 month-ending,08/31/2020,1480,
01/04/2026,2020,9,Region 4,Oxycodone,12 month-ending,09/30/2020,1478,
01/04/2026,2020,10,Region 4,Oxycodone,12 month-ending,10/31/2020,1473,
01/04/2026,2020,11,Region 4,Oxycodone,12 month-ending,11/30/2020,1479,
01/04/2026,2020,12,Region 4,Oxycodone,12 month-ending,12/31/2020,1471,
01/04/2026,2021,1,Region 4,Oxycodone,12 month-ending,01/31/2021,1463,
01/04/2026,2021,2,Region 4,Oxycodone,12 month-ending,02/28/2021,1496,
01/04/2026,2021,3,Region 4,Oxycodone,12 month-ending,03/31/2021,1494,
01/04/2026,2021,4,Region 4,Oxycodone,12 month-ending,04/30/2021,1501,
01/04/2026,2021,5,Region 4,Oxycodone,12 month-ending,05/31/2021,1487,
01/04/2026,2021,6,Region 4,Oxycodone,12 month-ending,06/30/2021,1504,
01/04/2026,2021,7,Region 4,Oxycodone,12 month-ending,07/31/2021,1483,
01/04/2026,2021,8,Region 4,Oxycodone,12 month-ending,08/31/2021,1521,
01/04/2026,2021,9,Region 4,Oxycodone,12 month-ending,09/30/2021,1546,
01/04/2026,2021,10,Region 4,Oxycodone,12 month-ending,10/31/2021,1543,
01/04/2026,2021,11,Region 4,Oxycodone,12 month-ending,11/30/2021,1545,
01/04/2026,2021,12,Region 4,Oxycodone,12 month-ending,12/31/2021,1541,
01/04/2026,2022,1,Region 4,Oxycodone,12 month-ending,01/31/2022,1539,
01/04/2026,2022,2,Region 4,Oxycodone,12 month-ending,02/28/2022,1531,
01/04/2026,2022,3,Region 4,Oxycodone,12 month-ending,03/31/2022,1536,
01/04/2026,2022,4,Region 4,Oxycodone,12 month-ending,04/30/2022,1508,
01/04/2026,2022,5,Region 4,Oxycodone,12 month-ending,05/31/2022,1475,
01/04/2026,2022,6,Region 4,Oxycodone,12 month-ending,06/30/2022,1443,
01/04/2026,2022,7,Region 4,Oxycodone,12 month-ending,07/31/2022,1451,
01/04/2026,2022,8,Region 4,Oxycodone,12 month-ending,08/31/2022,1403,
01/04/2026,2022,9,Region 4,Oxycodone,12 month-ending,09/30/2022,1385,
01/04/2026,2022,10,Region 4,Oxycodone,12 month-ending,10/31/2022,1383,
01/04/2026,2022,11,Region 4,Oxycodone,12 month-ending,11/30/2022,1369,
01/04/2026,2022,12,Region 4,Oxycodone,12 month-ending,12/31/2022,1368,
01/04/2026,2023,1,Region 4,Oxycodone,12 month-ending,01/31/2023,1348,
01/04/2026,2023,2,Region 4,Oxycodone,12 month-ending,02/28/2023,1325,
01/04/2026,2023,3,Region 4,Oxycodone,12 month-ending,03/31/2023,1319,
01/04/2026,2023,4,Region 4,Oxycodone,12 month-ending,04/30/2023,1316,
01/04/2026,2023,5,Region 4,Oxycodone,12 month-ending,05/31/2023,1322,
01/04/2026,2023,6,Region 4,Oxycodone,12 month-ending,06/30/2023,1319,
01/04/2026,2023,7,Region 4,Oxycodone,12 month-ending,07/31/2023,1314,
01/04/2026,2023,8,Region 4,Oxycodone,12 month-ending,08/31/2023,1327,
01/04/2026,2023,9,Region 4,Oxycodone,12 month-ending,09/30/2023,1308,
01/04/2026,2023,10,Region 4,Oxycodone,12 month-ending,10/31/2023,1305,
01/04/2026,2023,11,Region 4,Oxycodone,12 month-ending,11/30/2023,1304,
01/04/2026,2023,12,Region 4,Oxycodone,12 month-ending,12/31/2023,1304,
01/04/2026,2024,1,Region 4,Oxycodone,12 month-ending,01/31/2024,1318,
01/04/2026,2024,2,Region 4,Oxycodone,12 month-ending,02/29/2024,1291,
01/04/2026,2024,3,Region 4,Oxycodone,12 month-ending,03/31/2024,1248,
01/04/2026,2024,4,Region 4,Oxycodone,12 month-ending,04/30/2024,1223,
01/04/2026,2024,5,Region 4,Oxycodone,12 month-ending,05/31/2024,1184,
01/04/2026,2024,6,Region 4,Oxycodone,12 month-ending,06/30/2024,1151,
01/04/2026,2024,7,Region 4,Oxycodone,12 month-ending,07/31/2024,1124,
01/04/2026,2024,8,Region 4,Oxycodone,12 month-ending,08/31/2024,1094,
01/04/2026,2024,9,Region 4,Oxycodone,12 month-ending,09/30/2024,1062,
01/04/2026,2024,10,Region 4,Oxycodone,12 month-ending,10/31/2024,1025,
01/04/2026,2024,11,Region 4,Oxycodone,12 month-ending,11/30/2024,982,
01/04/2026,2024,12,Region 4,Oxycodone,12 month-ending,12/31/2024,957,
01/04/2026,2025,1,Region 4,Oxycodone,12 month-ending,01/31/2025,908,
01/04/2026,2025,2,Region 4,Oxycodone,12 month-ending,02/28/2025,884,
01/04/2026,2025,3,Region 4,Oxycodone,12 month-ending,03/31/2025,869,
01/04/2026,2025,4,Region 4,Oxycodone,12 month-ending,04/30/2025,867,
01/04/2026,2025,5,Region 4,Oxycodone,12 month-ending,05/31/2025,865,
01/04/2026,2025,6,Region 4,Oxycodone,12 month-ending,06/30/2025,866,
01/04/2026,2019,1,Region 5,Oxycodone,12 month-ending,01/31/2019,630,
01/04/2026,2019,2,Region 5,Oxycodone,12 month-ending,02/28/2019,602,
01/04/2026,2019,3,Region 5,Oxycodone,12 month-ending,03/31/2019,591,
01/04/2026,2019,4,Region 5,Oxycodone,12 month-ending,04/30/2019,575,
01/04/2026,2019,5,Region 5,Oxycodone,12 month-ending,05/31/2019,573,
01/04/2026,2019,6,Region 5,Oxycodone,12 month-ending,06/30/2019,571,
01/04/2026,2019,7,Region 5,Oxycodone,12 month-ending,07/31/2019,575,
01/04/2026,2019,8,Region 5,Oxycodone,12 month-ending,08/31/2019,563,
01/04/2026,2019,9,Region 5,Oxycodone,12 month-ending,09/30/2019,565,
01/04/2026,2019,10,Region 5,Oxycodone,12 month-ending,10/31/2019,548,
01/04/2026,2019,11,Region 5,Oxycodone,12 month-ending,11/30/2019,558,
01/04/2026,2019,12,Region 5,Oxycodone,12 month-ending,12/31/2019,551,
01/04/2026,2020,1,Region 5,Oxycodone,12 month-ending,01/31/2020,544,
01/04/2026,2020,2,Region 5,Oxycodone,12 month-ending,02/29/2020,553,
01/04/2026,2020,3,Region 5,Oxycodone,12 month-ending,03/31/2020,552,
01/04/2026,2020,4,Region 5,Oxycodone,12 month-ending,04/30/2020,563,
01/04/2026,2020,5,Region 5,Oxycodone,12 month-ending,05/31/2020,590,
01/04/2026,2020,6,Region 5,Oxycodone,12 month-ending,06/30/2020,608,
01/04/2026,2020,7,Region 5,Oxycodone,12 month-ending,07/31/2020,601,
01/04/2026,2020,8,Region 5,Oxycodone,12 month-ending,08/31/2020,610,
01/04/2026,2020,9,Region 5,Oxycodone,12 month-ending,09/30/2020,607,
01/04/2026,2020,10,Region 5,Oxycodone,12 month-ending,10/31/2020,625,
01/04/2026,2020,11,Region 5,Oxycodone,12 month-ending,11/30/2020,614,
01/04/2026,2020,12,Region 5,Oxycodone,12 month-ending,12/31/2020,604,
01/04/2026,2021,1,Region 5,Oxycodone,12 month-ending,01/31/2021,609,
01/04/2026,2021,2,Region 5,Oxycodone,12 month-ending,02/28/2021,617,
01/04/2026,2021,3,Region 5,Oxycodone,12 month-ending,03/31/2021,626,
01/04/2026,2021,4,Region 5,Oxycodone,12 month-ending,04/30/2021,644,
01/04/2026,2021,5,Region 5,Oxycodone,12 month-ending,05/31/2021,628,
01/04/2026,2021,6,Region 5,Oxycodone,12 month-ending,06/30/2021,616,
01/04/2026,2021,7,Region 5,Oxycodone,12 month-ending,07/31/2021,621,
01/04/2026,2021,8,Region 5,Oxycodone,12 month-ending,08/31/2021,619,
01/04/2026,2021,9,Region 5,Oxycodone,12 month-ending,09/30/2021,627,
01/04/2026,2021,10,Region 5,Oxycodone,12 month-ending,10/31/2021,616,
01/04/2026,2021,11,Region 5,Oxycodone,12 month-ending,11/30/2021,616,
01/04/2026,2021,12,Region 5,Oxycodone,12 month-ending,12/31/2021,614,
01/04/2026,2022,1,Region 5,Oxycodone,12 month-ending,01/31/2022,599,
01/04/2026,2022,2,Region 5,Oxycodone,12 month-ending,02/28/2022,594,
01/04/2026,2022,3,Region 5,Oxycodone,12 month-ending,03/31/2022,572,
01/04/2026,2022,4,Region 5,Oxycodone,12 month-ending,04/30/2022,555,
01/04/2026,2022,5,Region 5,Oxycodone,12 month-ending,05/31/2022,537,
01/04/2026,2022,6,Region 5,Oxycodone,12 month-ending,06/30/2022,526,
01/04/2026,2022,7,Region 5,Oxycodone,12 month-ending,07/31/2022,522,
01/04/2026,2022,8,Region 5,Oxycodone,12 month-ending,08/31/2022,517,
01/04/2026,2022,9,Region 5,Oxycodone,12 month-ending,09/30/2022,512,
01/04/2026,2022,10,Region 5,Oxycodone,12 month-ending,10/31/2022,517,
01/04/2026,2022,11,Region 5,Oxycodone,12 month-ending,11/30/2022,520,
01/04/2026,2022,12,Region 5,Oxycodone,12 month-ending,12/31/2022,520,
01/04/2026,2023,1,Region 5,Oxycodone,12 month-ending,01/31/2023,518,
01/04/2026,2023,2,Region 5,Oxycodone,12 month-ending,02/28/2023,510,
01/04/2026,2023,3,Region 5,Oxycodone,12 month-ending,03/31/2023,521,
01/04/2026,2023,4,Region 5,Oxycodone,12 month-ending,04/30/2023,525,
01/04/2026,2023,5,Region 5,Oxycodone,12 month-ending,05/31/2023,529,
01/04/2026,2023,6,Region 5,Oxycodone,12 month-ending,06/30/2023,533,
01/04/2026,2023,7,Region 5,Oxycodone,12 month-ending,07/31/2023,529,
01/04/2026,2023,8,Region 5,Oxycodone,12 month-ending,08/31/2023,522,
01/04/2026,2023,9,Region 5,Oxycodone,12 month-ending,09/30/2023,504,
01/04/2026,2023,10,Region 5,Oxycodone,12 month-ending,10/31/2023,499,
01/04/2026,2023,11,Region 5,Oxycodone,12 month-ending,11/30/2023,489,
01/04/2026,2023,12,Region 5,Oxycodone,12 month-ending,12/31/2023,485,
01/04/2026,2024,1,Region 5,Oxycodone,12 month-ending,01/31/2024,483,
01/04/2026,2024,2,Region 5,Oxycodone,12 month-ending,02/29/2024,477,
01/04/2026,2024,3,Region 5,Oxycodone,12 month-ending,03/31/2024,462,
01/04/2026,2024,4,Region 5,Oxycodone,12 month-ending,04/30/2024,436,
01/04/2026,2024,5,Region 5,Oxycodone,12 month-ending,05/31/2024,431,
01/04/2026,2024,6,Region 5,Oxycodone,12 month-ending,06/30/2024,419,
01/04/2026,2024,7,Region 5,Oxycodone,12 month-ending,07/31/2024,413,
01/04/2026,2024,8,Region 5,Oxycodone,12 month-ending,08/31/2024,411,
01/04/2026,2024,9,Region 5,Oxycodone,12 month-ending,09/30/2024,412,
01/04/2026,2024,10,Region 5,Oxycodone,12 month-ending,10/31/2024,393,
01/04/2026,2024,11,Region 5,Oxycodone,12 month-ending,11/30/2024,381,
01/04/2026,2024,12,Region 5,Oxycodone,12 month-ending,12/31/2024,388,
01/04/2026,2025,1,Region 5,Oxycodone,12 month-ending,01/31/2025,389,
01/04/2026,2025,2,Region 5,Oxycodone,12 month-ending,02/28/2025,392,
01/04/2026,2025,3,Region 5,Oxycodone,12 month-ending,03/31/2025,383,
01/04/2026,2025,4,Region 5,Oxycodone,12 month-ending,04/30/2025,380,
01/04/2026,2025,5,Region 5,Oxycodone,12 month-ending,05/31/2025,359,
01/04/2026,2025,6,Region 5,Oxycodone,12 month-ending,06/30/2025,359,
01/04/2026,2019,1,Region 6,Oxycodone,12 month-ending,01/31/2019,324,
01/04/2026,2019,2,Region 6,Oxycodone,12 month-ending,02/28/2019,312,
01/04/2026,2019,3,Region 6,Oxycodone,12 month-ending,03/31/2019,295,
01/04/2026,2019,4,Region 6,Oxycodone,12 month-ending,04/30/2019,305,
01/04/2026,2019,5,Region 6,Oxycodone,12 month-ending,05/31/2019,310,
01/04/2026,2019,6,Region 6,Oxycodone,12 month-ending,06/30/2019,306,
01/04/2026,2019,7,Region 6,Oxycodone,12 month-ending,07/31/2019,303,
01/04/2026,2019,8,Region 6,Oxycodone,12 month-ending,08/31/2019,294,
01/04/2026,2019,9,Region 6,Oxycodone,12 month-ending,09/30/2019,292,
01/04/2026,2019,10,Region 6,Oxycodone,12 month-ending,10/31/2019,299,
01/04/2026,2019,11,Region 6,Oxycodone,12 month-ending,11/30/2019,304,
01/04/2026,2019,12,Region 6,Oxycodone,12 month-ending,12/31/2019,305,
01/04/2026,2020,1,Region 6,Oxycodone,12 month-ending,01/31/2020,296,
01/04/2026,2020,2,Region 6,Oxycodone,12 month-ending,02/29/2020,295,
01/04/2026,2020,3,Region 6,Oxycodone,12 month-ending,03/31/2020,303,
01/04/2026,2020,4,Region 6,Oxycodone,12 month-ending,04/30/2020,297,
01/04/2026,2020,5,Region 6,Oxycodone,12 month-ending,05/31/2020,303,
01/04/2026,2020,6,Region 6,Oxycodone,12 month-ending,06/30/2020,312,
01/04/2026,2020,7,Region 6,Oxycodone,12 month-ending,07/31/2020,319,
01/04/2026,2020,8,Region 6,Oxycodone,12 month-ending,08/31/2020,338,
01/04/2026,2020,9,Region 6,Oxycodone,12 month-ending,09/30/2020,341,
01/04/2026,2020,10,Region 6,Oxycodone,12 month-ending,10/31/2020,350,
01/04/2026,2020,11,Region 6,Oxycodone,12 month-ending,11/30/2020,350,
01/04/2026,2020,12,Region 6,Oxycodone,12 month-ending,12/31/2020,361,
01/04/2026,2021,1,Region 6,Oxycodone,12 month-ending,01/31/2021,370,
01/04/2026,2021,2,Region 6,Oxycodone,12 month-ending,02/28/2021,378,
01/04/2026,2021,3,Region 6,Oxycodone,12 month-ending,03/31/2021,387,
01/04/2026,2021,4,Region 6,Oxycodone,12 month-ending,04/30/2021,394,
01/04/2026,2021,5,Region 6,Oxycodone,12 month-ending,05/31/2021,397,
01/04/2026,2021,6,Region 6,Oxycodone,12 month-ending,06/30/2021,383,
01/04/2026,2021,7,Region 6,Oxycodone,12 month-ending,07/31/2021,391,
01/04/2026,2021,8,Region 6,Oxycodone,12 month-ending,08/31/2021,387,
01/04/2026,2021,9,Region 6,Oxycodone,12 month-ending,09/30/2021,388,
01/04/2026,2021,10,Region 6,Oxycodone,12 month-ending,10/31/2021,378,
01/04/2026,2021,11,Region 6,Oxycodone,12 month-ending,11/30/2021,379,
01/04/2026,2021,12,Region 6,Oxycodone,12 month-ending,12/31/2021,371,
01/04/2026,2022,1,Region 6,Oxycodone,12 month-ending,01/31/2022,359,
01/04/2026,2022,2,Region 6,Oxycodone,12 month-ending,02/28/2022,360,
01/04/2026,2022,3,Region 6,Oxycodone,12 month-ending,03/31/2022,360,
01/04/2026,2022,4,Region 6,Oxycodone,12 month-ending,04/30/2022,350,
01/04/2026,2022,5,Region 6,Oxycodone,12 month-ending,05/31/2022,343,
01/04/2026,2022,6,Region 6,Oxycodone,12 month-ending,06/30/2022,352,
01/04/2026,2022,7,Region 6,Oxycodone,12 month-ending,07/31/2022,350,
01/04/2026,2022,8,Region 6,Oxycodone,12 month-ending,08/31/2022,334,
01/04/2026,2022,9,Region 6,Oxycodone,12 month-ending,09/30/2022,338,
01/04/2026,2022,10,Region 6,Oxycodone,12 month-ending,10/31/2022,342,
01/04/2026,2022,11,Region 6,Oxycodone,12 month-ending,11/30/2022,344,
01/04/2026,2022,12,Region 6,Oxycodone,12 month-ending,12/31/2022,352,
01/04/2026,2023,1,Region 6,Oxycodone,12 month-ending,01/31/2023,348,
01/04/2026,2023,2,Region 6,Oxycodone,12 month-ending,02/28/2023,342,
01/04/2026,2023,3,Region 6,Oxycodone,12 month-ending,03/31/2023,340,
01/04/2026,2023,4,Region 6,Oxycodone,12 month-ending,04/30/2023,345,
01/04/2026,2023,5,Region 6,Oxycodone,12 month-ending,05/31/2023,348,
01/04/2026,2023,6,Region 6,Oxycodone,12 month-ending,06/30/2023,344,
01/04/2026,2023,7,Region 6,Oxycodone,12 month-ending,07/31/2023,334,
01/04/2026,2023,8,Region 6,Oxycodone,12 month-ending,08/31/2023,338,
01/04/2026,2023,9,Region 6,Oxycodone,12 month-ending,09/30/2023,331,
01/04/2026,2023,10,Region 6,Oxycodone,12 month-ending,10/31/2023,324,
01/04/2026,2023,11,Region 6,Oxycodone,12 month-ending,11/30/2023,311,
01/04/2026,2023,12,Region 6,Oxycodone,12 month-ending,12/31/2023,295,
01/04/2026,2024,1,Region 6,Oxycodone,12 month-ending,01/31/2024,295,
01/04/2026,2024,2,Region 6,Oxycodone,12 month-ending,02/29/2024,286,
01/04/2026,2024,3,Region 6,Oxycodone,12 month-ending,03/31/2024,270,
01/04/2026,2024,4,Region 6,Oxycodone,12 month-ending,04/30/2024,260,
01/04/2026,2024,5,Region 6,Oxycodone,12 month-ending,05/31/2024,246,
01/04/2026,2024,6,Region 6,Oxycodone,12 month-ending,06/30/2024,236,
01/04/2026,2024,7,Region 6,Oxycodone,12 month-ending,07/31/2024,240,
01/04/2026,2024,8,Region 6,Oxycodone,12 month-ending,08/31/2024,240,
01/04/2026,2024,9,Region 6,Oxycodone,12 month-ending,09/30/2024,229,
01/04/2026,2024,10,Region 6,Oxycodone,12 month-ending,10/31/2024,219,
01/04/2026,2024,11,Region 6,Oxycodone,12 month-ending,11/30/2024,216,
01/04/2026,2024,12,Region 6,Oxycodone,12 month-ending,12/31/2024,220,
01/04/2026,2025,1,Region 6,Oxycodone,12 month-ending,01/31/2025,220,
01/04/2026,2025,2,Region 6,Oxycodone,12 month-ending,02/28/2025,216,
01/04/2026,2025,3,Region 6,Oxycodone,12 month-ending,03/31/2025,216,
01/04/2026,2025,4,Region 6,Oxycodone,12 month-ending,04/30/2025,212,
01/04/2026,2025,5,Region 6,Oxycodone,12 month-ending,05/31/2025,218,
01/04/2026,2025,6,Region 6,Oxycodone,12 month-ending,06/30/2025,220,
01/04/2026,2019,1,Region 7,Oxycodone,12 month-ending,01/31/2019,187,
01/04/2026,2019,2,Region 7,Oxycodone,12 month-ending,02/28/2019,180,
01/04/2026,2019,3,Region 7,Oxycodone,12 month-ending,03/31/2019,178,
01/04/2026,2019,4,Region 7,Oxycodone,12 month-ending,04/30/2019,177,
01/04/2026,2019,5,Region 7,Oxycodone,12 month-ending,05/31/2019,169,
01/04/2026,2019,6,Region 7,Oxycodone,12 month-ending,06/30/2019,174,
01/04/2026,2019,7,Region 7,Oxycodone,12 month-ending,07/31/2019,178,
01/04/2026,2019,8,Region 7,Oxycodone,12 month-ending,08/31/2019,179,
01/04/2026,2019,9,Region 7,Oxycodone,12 month-ending,09/30/2019,177,
01/04/2026,2019,10,Region 7,Oxycodone,12 month-ending,10/31/2019,176,
01/04/2026,2019,11,Region 7,Oxycodone,12 month-ending,11/30/2019,179,
01/04/2026,2019,12,Region 7,Oxycodone,12 month-ending,12/31/2019,165,
01/04/2026,2020,1,Region 7,Oxycodone,12 month-ending,01/31/2020,173,
01/04/2026,2020,2,Region 7,Oxycodone,12 month-ending,02/29/2020,177,
01/04/2026,2020,3,Region 7,Oxycodone,12 month-ending,03/31/2020,175,
01/04/2026,2020,4,Region 7,Oxycodone,12 month-ending,04/30/2020,176,
01/04/2026,2020,5,Region 7,Oxycodone,12 month-ending,05/31/2020,182,
01/04/2026,2020,6,Region 7,Oxycodone,12 month-ending,06/30/2020,175,
01/04/2026,2020,7,Region 7,Oxycodone,12 month-ending,07/31/2020,171,
01/04/2026,2020,8,Region 7,Oxycodone,12 month-ending,08/31/2020,171,
01/04/2026,2020,9,Region 7,Oxycodone,12 month-ending,09/30/2020,170,
01/04/2026,2020,10,Region 7,Oxycodone,12 month-ending,10/31/2020,162,
01/04/2026,2020,11,Region 7,Oxycodone,12 month-ending,11/30/2020,159,
01/04/2026,2020,12,Region 7,Oxycodone,12 month-ending,12/31/2020,161,
01/04/2026,2021,1,Region 7,Oxycodone,12 month-ending,01/31/2021,152,
01/04/2026,2021,2,Region 7,Oxycodone,12 month-ending,02/28/2021,154,
01/04/2026,2021,3,Region 7,Oxycodone,12 month-ending,03/31/2021,145,
01/04/2026,2021,4,Region 7,Oxycodone,12 month-ending,04/30/2021,141,
01/04/2026,2021,5,Region 7,Oxycodone,12 month-ending,05/31/2021,139,
01/04/2026,2021,6,Region 7,Oxycodone,12 month-ending,06/30/2021,143,
01/04/2026,2021,7,Region 7,Oxycodone,12 month-ending,07/31/2021,150,
01/04/2026,2021,8,Region 7,Oxycodone,12 month-ending,08/31/2021,151,
01/04/2026,2021,9,Region 7,Oxycodone,12 month-ending,09/30/2021,155,
01/04/2026,2021,10,Region 7,Oxycodone,12 month-ending,10/31/2021,161,
01/04/2026,2021,11,Region 7,Oxycodone,12 month-ending,11/30/2021,163,
01/04/2026,2021,12,Region 7,Oxycodone,12 month-ending,12/31/2021,161,
01/04/2026,2022,1,Region 7,Oxycodone,12 month-ending,01/31/2022,161,
01/04/2026,2022,2,Region 7,Oxycodone,12 month-ending,02/28/2022,155,
01/04/2026,2022,3,Region 7,Oxycodone,12 month-ending,03/31/2022,165,
01/04/2026,2022,4,Region 7,Oxycodone,12 month-ending,04/30/2022,170,
01/04/2026,2022,5,Region 7,Oxycodone,12 month-ending,05/31/2022,173,
01/04/2026,2022,6,Region 7,Oxycodone,12 month-ending,06/30/2022,169,
01/04/2026,2022,7,Region 7,Oxycodone,12 month-ending,07/31/2022,167,
01/04/2026,2022,8,Region 7,Oxycodone,12 month-ending,08/31/2022,162,
01/04/2026,2022,9,Region 7,Oxycodone,12 month-ending,09/30/2022,164,
01/04/2026,2022,10,Region 7,Oxycodone,12 month-ending,10/31/2022,169,
01/04/2026,2022,11,Region 7,Oxycodone,12 month-ending,11/30/2022,165,
01/04/2026,2022,12,Region 7,Oxycodone,12 month-ending,12/31/2022,168,
01/04/2026,2023,1,Region 7,Oxycodone,12 month-ending,01/31/2023,167,
01/04/2026,2023,2,Region 7,Oxycodone,12 month-ending,02/28/2023,168,
01/04/2026,2023,3,Region 7,Oxycodone,12 month-ending,03/31/2023,164,
01/04/2026,2023,4,Region 7,Oxycodone,12 month-ending,04/30/2023,158,
01/04/2026,2023,5,Region 7,Oxycodone,12 month-ending,05/31/2023,150,
01/04/2026,2023,6,Region 7,Oxycodone,12 month-ending,06/30/2023,150,
01/04/2026,2023,7,Region 7,Oxycodone,12 month-ending,07/31/2023,146,
01/04/2026,2023,8,Region 7,Oxycodone,12 month-ending,08/31/2023,145,
01/04/2026,2023,9,Region 7,Oxycodone,12 month-ending,09/30/2023,137,
01/04/2026,2023,10,Region 7,Oxycodone,12 month-ending,10/31/2023,124,
01/04/2026,2023,11,Region 7,Oxycodone,12 month-ending,11/30/2023,123,
01/04/2026,2023,12,Region 7,Oxycodone,12 month-ending,12/31/2023,128,
01/04/2026,2024,1,Region 7,Oxycodone,12 month-ending,01/31/2024,127,
01/04/2026,2024,2,Region 7,Oxycodone,12 month-ending,02/29/2024,120,
01/04/2026,2024,3,Region 7,Oxycodone,12 month-ending,03/31/2024,120,
01/04/2026,2024,4,Region 7,Oxycodone,12 month-ending,04/30/2024,124,
01/04/2026,2024,5,Region 7,Oxycodone,12 month-ending,05/31/2024,129,
01/04/2026,2024,6,Region 7,Oxycodone,12 month-ending,06/30/2024,127,
01/04/2026,2024,7,Region 7,Oxycodone,12 month-ending,07/31/2024,128,
01/04/2026,2024,8,Region 7,Oxycodone,12 month-ending,08/31/2024,124,
01/04/2026,2024,9,Region 7,Oxycodone,12 month-ending,09/30/2024,125,
01/04/2026,2024,10,Region 7,Oxycodone,12 month-ending,10/31/2024,128,
01/04/2026,2024,11,Region 7,Oxycodone,12 month-ending,11/30/2024,128,
01/04/2026,2024,12,Region 7,Oxycodone,12 month-ending,12/31/2024,118,
01/04/2026,2025,1,Region 7,Oxycodone,12 month-ending,01/31/2025,121,
01/04/2026,2025,2,Region 7,Oxycodone,12 month-ending,02/28/2025,129,
01/04/2026,2025,3,Region 7,Oxycodone,12 month-ending,03/31/2025,126,
01/04/2026,2025,4,Region 7,Oxycodone,12 month-ending,04/30/2025,126,
01/04/2026,2025,5,Region 7,Oxycodone,12 month-ending,05/31/2025,120,
01/04/2026,2025,6,Region 7,Oxycodone,12 month-ending,06/30/2025,115,
01/04/2026,2019,1,Region 8,Oxycodone,12 month-ending,01/31/2019,307,
01/04/2026,2019,2,Region 8,Oxycodone,12 month-ending,02/28/2019,306,
01/04/2026,2019,3,Region 8,Oxycodone,12 month-ending,03/31/2019,299,
01/04/2026,2019,4,Region 8,Oxycodone,12 month-ending,04/30/2019,301,
01/04/2026,2019,5,Region 8,Oxycodone,12 month-ending,05/31/2019,291,
01/04/2026,2019,6,Region 8,Oxycodone,12 month-ending,06/30/2019,291,
01/04/2026,2019,7,Region 8,Oxycodone,12 month-ending,07/31/2019,290,
01/04/2026,2019,8,Region 8,Oxycodone,12 month-ending,08/31/2019,273,
01/04/2026,2019,9,Region 8,Oxycodone,12 month-ending,09/30/2019,273,
01/04/2026,2019,10,Region 8,Oxycodone,12 month-ending,10/31/2019,266,
01/04/2026,2019,11,Region 8,Oxycodone,12 month-ending,11/30/2019,275,
01/04/2026,2019,12,Region 8,Oxycodone,12 month-ending,12/31/2019,278,
01/04/2026,2020,1,Region 8,Oxycodone,12 month-ending,01/31/2020,283,
01/04/2026,2020,2,Region 8,Oxycodone,12 month-ending,02/29/2020,284,
01/04/2026,2020,3,Region 8,Oxycodone,12 month-ending,03/31/2020,282,
01/04/2026,2020,4,Region 8,Oxycodone,12 month-ending,04/30/2020,276,
01/04/2026,2020,5,Region 8,Oxycodone,12 month-ending,05/31/2020,275,
01/04/2026,2020,6,Region 8,Oxycodone,12 month-ending,06/30/2020,282,
01/04/2026,2020,7,Region 8,Oxycodone,12 month-ending,07/31/2020,276,
01/04/2026,2020,8,Region 8,Oxycodone,12 month-ending,08/31/2020,293,
01/04/2026,2020,9,Region 8,Oxycodone,12 month-ending,09/30/2020,309,
01/04/2026,2020,10,Region 8,Oxycodone,12 month-ending,10/31/2020,313,
01/04/2026,2020,11,Region 8,Oxycodone,12 month-ending,11/30/2020,308,
01/04/2026,2020,12,Region 8,Oxycodone,12 month-ending,12/31/2020,301,
01/04/2026,2021,1,Region 8,Oxycodone,12 month-ending,01/31/2021,298,
01/04/2026,2021,2,Region 8,Oxycodone,12 month-ending,02/28/2021,290,
01/04/2026,2021,3,Region 8,Oxycodone,12 month-ending,03/31/2021,281,
01/04/2026,2021,4,Region 8,Oxycodone,12 month-ending,04/30/2021,291,
01/04/2026,2021,5,Region 8,Oxycodone,12 month-ending,05/31/2021,293,
01/04/2026,2021,6,Region 8,Oxycodone,12 month-ending,06/30/2021,283,
01/04/2026,2021,7,Region 8,Oxycodone,12 month-ending,07/31/2021,278,
01/04/2026,2021,8,Region 8,Oxycodone,12 month-ending,08/31/2021,263,
01/04/2026,2021,9,Region 8,Oxycodone,12 month-ending,09/30/2021,252,
01/04/2026,2021,10,Region 8,Oxycodone,12 month-ending,10/31/2021,256,
01/04/2026,2021,11,Region 8,Oxycodone,12 month-ending,11/30/2021,253,
01/04/2026,2021,12,Region 8,Oxycodone,12 month-ending,12/31/2021,253,
01/04/2026,2022,1,Region 8,Oxycodone,12 month-ending,01/31/2022,249,
01/04/2026,2022,2,Region 8,Oxycodone,12 month-ending,02/28/2022,251,
01/04/2026,2022,3,Region 8,Oxycodone,12 month-ending,03/31/2022,252,
01/04/2026,2022,4,Region 8,Oxycodone,12 month-ending,04/30/2022,238,
01/04/2026,2022,5,Region 8,Oxycodone,12 month-ending,05/31/2022,248,
01/04/2026,2022,6,Region 8,Oxycodone,12 month-ending,06/30/2022,254,
01/04/2026,2022,7,Region 8,Oxycodone,12 month-ending,07/31/2022,262,
01/04/2026,2022,8,Region 8,Oxycodone,12 month-ending,08/31/2022,260,
01/04/2026,2022,9,Region 8,Oxycodone,12 month-ending,09/30/2022,257,
01/04/2026,2022,10,Region 8,Oxycodone,12 month-ending,10/31/2022,241,
01/04/2026,2022,11,Region 8,Oxycodone,12 month-ending,11/30/2022,237,
01/04/2026,2022,12,Region 8,Oxycodone,12 month-ending,12/31/2022,238,
01/04/2026,2023,1,Region 8,Oxycodone,12 month-ending,01/31/2023,241,
01/04/2026,2023,2,Region 8,Oxycodone,12 month-ending,02/28/2023,236,
01/04/2026,2023,3,Region 8,Oxycodone,12 month-ending,03/31/2023,237,
01/04/2026,2023,4,Region 8,Oxycodone,12 month-ending,04/30/2023,235,
01/04/2026,2023,5,Region 8,Oxycodone,12 month-ending,05/31/2023,219,
01/04/2026,2023,6,Region 8,Oxycodone,12 month-ending,06/30/2023,213,
01/04/2026,2023,7,Region 8,Oxycodone,12 month-ending,07/31/2023,205,
01/04/2026,2023,8,Region 8,Oxycodone,12 month-ending,08/31/2023,201,
01/04/2026,2023,9,Region 8,Oxycodone,12 month-ending,09/30/2023,208,
01/04/2026,2023,10,Region 8,Oxycodone,12 month-ending,10/31/2023,218,
01/04/2026,2023,11,Region 8,Oxycodone,12 month-ending,11/30/2023,222,
01/04/2026,2023,12,Region 8,Oxycodone,12 month-ending,12/31/2023,222,
01/04/2026,2024,1,Region 8,Oxycodone,12 month-ending,01/31/2024,216,
01/04/2026,2024,2,Region 8,Oxycodone,12 month-ending,02/29/2024,215,
01/04/2026,2024,3,Region 8,Oxycodone,12 month-ending,03/31/2024,219,
01/04/2026,2024,4,Region 8,Oxycodone,12 month-ending,04/30/2024,221,
01/04/2026,2024,5,Region 8,Oxycodone,12 month-ending,05/31/2024,228,
01/04/2026,2024,6,Region 8,Oxycodone,12 month-ending,06/30/2024,223,
01/04/2026,2024,7,Region 8,Oxycodone,12 month-ending,07/31/2024,225,
01/04/2026,2024,8,Region 8,Oxycodone,12 month-ending,08/31/2024,227,
01/04/2026,2024,9,Region 8,Oxycodone,12 month-ending,09/30/2024,216,
01/04/2026,2024,10,Region 8,Oxycodone,12 month-ending,10/31/2024,212,
01/04/2026,2024,11,Region 8,Oxycodone,12 month-ending,11/30/2024,207,
01/04/2026,2024,12,Region 8,Oxycodone,12 month-ending,12/31/2024,203,
01/04/2026,2025,1,Region 8,Oxycodone,12 month-ending,01/31/2025,206,
01/04/2026,2025,2,Region 8,Oxycodone,12 month-ending,02/28/2025,208,
01/04/2026,2025,3,Region 8,Oxycodone,12 month-ending,03/31/2025,212,
01/04/2026,2025,4,Region 8,Oxycodone,12 month-ending,04/30/2025,208,
01/04/2026,2025,5,Region 8,Oxycodone,12 month-ending,05/31/2025,200,
01/04/2026,2025,6,Region 8,Oxycodone,12 month-ending,06/30/2025,200,
01/04/2026,2019,1,Region 9,Oxycodone,12 month-ending,01/31/2019,565,
01/04/2026,2019,2,Region 9,Oxycodone,12 month-ending,02/28/2019,551,
01/04/2026,2019,3,Region 9,Oxycodone,12 month-ending,03/31/2019,534,
01/04/2026,2019,4,Region 9,Oxycodone,12 month-ending,04/30/2019,516,
01/04/2026,2019,5,Region 9,Oxycodone,12 month-ending,05/31/2019,506,
01/04/2026,2019,6,Region 9,Oxycodone,12 month-ending,06/30/2019,505,
01/04/2026,2019,7,Region 9,Oxycodone,12 month-ending,07/31/2019,483,
01/04/2026,2019,8,Region 9,Oxycodone,12 month-ending,08/31/2019,475,
01/04/2026,2019,9,Region 9,Oxycodone,12 month-ending,09/30/2019,479,
01/04/2026,2019,10,Region 9,Oxycodone,12 month-ending,10/31/2019,467,
01/04/2026,2019,11,Region 9,Oxycodone,12 month-ending,11/30/2019,472,
01/04/2026,2019,12,Region 9,Oxycodone,12 month-ending,12/31/2019,456,
01/04/2026,2020,1,Region 9,Oxycodone,12 month-ending,01/31/2020,453,
01/04/2026,2020,2,Region 9,Oxycodone,12 month-ending,02/29/2020,464,
01/04/2026,2020,3,Region 9,Oxycodone,12 month-ending,03/31/2020,471,
01/04/2026,2020,4,Region 9,Oxycodone,12 month-ending,04/30/2020,476,
01/04/2026,2020,5,Region 9,Oxycodone,12 month-ending,05/31/2020,506,
01/04/2026,2020,6,Region 9,Oxycodone,12 month-ending,06/30/2020,505,
01/04/2026,2020,7,Region 9,Oxycodone,12 month-ending,07/31/2020,514,
01/04/2026,2020,8,Region 9,Oxycodone,12 month-ending,08/31/2020,525,
01/04/2026,2020,9,Region 9,Oxycodone,12 month-ending,09/30/2020,507,
01/04/2026,2020,10,Region 9,Oxycodone,12 month-ending,10/31/2020,518,
01/04/2026,2020,11,Region 9,Oxycodone,12 month-ending,11/30/2020,520,
01/04/2026,2020,12,Region 9,Oxycodone,12 month-ending,12/31/2020,536,
01/04/2026,2021,1,Region 9,Oxycodone,12 month-ending,01/31/2021,542,
01/04/2026,2021,2,Region 9,Oxycodone,12 month-ending,02/28/2021,536,
01/04/2026,2021,3,Region 9,Oxycodone,12 month-ending,03/31/2021,530,
01/04/2026,2021,4,Region 9,Oxycodone,12 month-ending,04/30/2021,523,
01/04/2026,2021,5,Region 9,Oxycodone,12 month-ending,05/31/2021,505,
01/04/2026,2021,6,Region 9,Oxycodone,12 month-ending,06/30/2021,499,
01/04/2026,2021,7,Region 9,Oxycodone,12 month-ending,07/31/2021,484,
01/04/2026,2021,8,Region 9,Oxycodone,12 month-ending,08/31/2021,476,
01/04/2026,2021,9,Region 9,Oxycodone,12 month-ending,09/30/2021,475,
01/04/2026,2021,10,Region 9,Oxycodone,12 month-ending,10/31/2021,467,
01/04/2026,2021,11,Region 9,Oxycodone,12 month-ending,11/30/2021,454,
01/04/2026,2021,12,Region 9,Oxycodone,12 month-ending,12/31/2021,470,
01/04/2026,2022,1,Region 9,Oxycodone,12 month-ending,01/31/2022,459,
01/04/2026,2022,2,Region 9,Oxycodone,12 month-ending,02/28/2022,454,
01/04/2026,2022,3,Region 9,Oxycodone,12 month-ending,03/31/2022,458,
01/04/2026,2022,4,Region 9,Oxycodone,12 month-ending,04/30/2022,459,
01/04/2026,2022,5,Region 9,Oxycodone,12 month-ending,05/31/2022,453,
01/04/2026,2022,6,Region 9,Oxycodone,12 month-ending,06/30/2022,461,
01/04/2026,2022,7,Region 9,Oxycodone,12 month-ending,07/31/2022,469,
01/04/2026,2022,8,Region 9,Oxycodone,12 month-ending,08/31/2022,461,
01/04/2026,2022,9,Region 9,Oxycodone,12 month-ending,09/30/2022,466,
01/04/2026,2022,10,Region 9,Oxycodone,12 month-ending,10/31/2022,460,
01/04/2026,2022,11,Region 9,Oxycodone,12 month-ending,11/30/2022,468,
01/04/2026,2022,12,Region 9,Oxycodone,12 month-ending,12/31/2022,454,
01/04/2026,2023,1,Region 9,Oxycodone,12 month-ending,01/31/2023,445,
01/04/2026,2023,2,Region 9,Oxycodone,12 month-ending,02/28/2023,442,
01/04/2026,2023,3,Region 9,Oxycodone,12 month-ending,03/31/2023,451,
01/04/2026,2023,4,Region 9,Oxycodone,12 month-ending,04/30/2023,443,
01/04/2026,2023,5,Region 9,Oxycodone,12 month-ending,05/31/2023,436,
01/04/2026,2023,6,Region 9,Oxycodone,12 month-ending,06/30/2023,425,
01/04/2026,2023,7,Region 9,Oxycodone,12 month-ending,07/31/2023,423,
01/04/2026,2023,8,Region 9,Oxycodone,12 month-ending,08/31/2023,417,
01/04/2026,2023,9,Region 9,Oxycodone,12 month-ending,09/30/2023,408,
01/04/2026,2023,10,Region 9,Oxycodone,12 month-ending,10/31/2023,411,
01/04/2026,2023,11,Region 9,Oxycodone,12 month-ending,11/30/2023,403,
01/04/2026,2023,12,Region 9,Oxycodone,12 month-ending,12/31/2023,395,
01/04/2026,2024,1,Region 9,Oxycodone,12 month-ending,01/31/2024,398,
01/04/2026,2024,2,Region 9,Oxycodone,12 month-ending,02/29/2024,406,
01/04/2026,2024,3,Region 9,Oxycodone,12 month-ending,03/31/2024,390,
01/04/2026,2024,4,Region 9,Oxycodone,12 month-ending,04/30/2024,385,
01/04/2026,2024,5,Region 9,Oxycodone,12 month-ending,05/31/2024,381,
01/04/2026,2024,6,Region 9,Oxycodone,12 month-ending,06/30/2024,386,
01/04/2026,2024,7,Region 9,Oxycodone,12 month-ending,07/31/2024,387,
01/04/2026,2024,8,Region 9,Oxycodone,12 month-ending,08/31/2024,393,
01/04/2026,2024,9,Region 9,Oxycodone,12 month-ending,09/30/2024,390,
01/04/2026,2024,10,Region 9,Oxycodone,12 month-ending,10/31/2024,378,
01/04/2026,2024,11,Region 9,Oxycodone,12 month-ending,11/30/2024,382,
01/04/2026,2024,12,Region 9,Oxycodone,12 month-ending,12/31/2024,374,
01/04/2026,2025,1,Region 9,Oxycodone,12 month-ending,01/31/2025,376,
01/04/2026,2025,2,Region 9,Oxycodone,12 month-ending,02/28/2025,360,
01/04/2026,2025,3,Region 9,Oxycodone,12 month-ending,03/31/2025,360,
01/04/2026,2025,4,Region 9,Oxycodone,12 month-ending,04/30/2025,368,
01/04/2026,2025,5,Region 9,Oxycodone,12 month-ending,05/31/2025,362,
01/04/2026,2025,6,Region 9,Oxycodone,12 month-ending,06/30/2025,360,
01/04/2026,2019,1,Region 10,Oxycodone,12 month-ending,01/31/2019,189,
01/04/2026,2019,2,Region 10,Oxycodone,12 month-ending,02/28/2019,189,
01/04/2026,2019,3,Region 10,Oxycodone,12 month-ending,03/31/2019,189,
01/04/2026,2019,4,Region 10,Oxycodone,12 month-ending,04/30/2019,191,
01/04/2026,2019,5,Region 10,Oxycodone,12 month-ending,05/31/2019,184,
01/04/2026,2019,6,Region 10,Oxycodone,12 month-ending,06/30/2019,176,
01/04/2026,2019,7,Region 10,Oxycodone,12 month-ending,07/31/2019,177,
01/04/2026,2019,8,Region 10,Oxycodone,12 month-ending,08/31/2019,170,
01/04/2026,2019,9,Region 10,Oxycodone,12 month-ending,09/30/2019,172,
01/04/2026,2019,10,Region 10,Oxycodone,12 month-ending,10/31/2019,174,
01/04/2026,2019,11,Region 10,Oxycodone,12 month-ending,11/30/2019,179,
01/04/2026,2019,12,Region 10,Oxycodone,12 month-ending,12/31/2019,176,
01/04/2026,2020,1,Region 10,Oxycodone,12 month-ending,01/31/2020,175,
01/04/2026,2020,2,Region 10,Oxycodone,12 month-ending,02/29/2020,173,
01/04/2026,2020,3,Region 10,Oxycodone,12 month-ending,03/31/2020,173,
01/04/2026,2020,4,Region 10,Oxycodone,12 month-ending,04/30/2020,165,
01/04/2026,2020,5,Region 10,Oxycodone,12 month-ending,05/31/2020,181,
01/04/2026,2020,6,Region 10,Oxycodone,12 month-ending,06/30/2020,183,
01/04/2026,2020,7,Region 10,Oxycodone,12 month-ending,07/31/2020,189,
01/04/2026,2020,8,Region 10,Oxycodone,12 month-ending,08/31/2020,192,
01/04/2026,2020,9,Region 10,Oxycodone,12 month-ending,09/30/2020,193,
01/04/2026,2020,10,Region 10,Oxycodone,12 month-ending,10/31/2020,193,
01/04/2026,2020,11,Region 10,Oxycodone,12 month-ending,11/30/2020,187,
01/04/2026,2020,12,Region 10,Oxycodone,12 month-ending,12/31/2020,191,
01/04/2026,2021,1,Region 10,Oxycodone,12 month-ending,01/31/2021,188,
01/04/2026,2021,2,Region 10,Oxycodone,12 month-ending,02/28/2021,188,
01/04/2026,2021,3,Region 10,Oxycodone,12 month-ending,03/31/2021,190,
01/04/2026,2021,4,Region 10,Oxycodone,12 month-ending,04/30/2021,197,
01/04/2026,2021,5,Region 10,Oxycodone,12 month-ending,05/31/2021,193,
01/04/2026,2021,6,Region 10,Oxycodone,12 month-ending,06/30/2021,190,
01/04/2026,2021,7,Region 10,Oxycodone,12 month-ending,07/31/2021,194,
01/04/2026,2021,8,Region 10,Oxycodone,12 month-ending,08/31/2021,194,
01/04/2026,2021,9,Region 10,Oxycodone,12 month-ending,09/30/2021,191,
01/04/2026,2021,10,Region 10,Oxycodone,12 month-ending,10/31/2021,187,
01/04/2026,2021,11,Region 10,Oxycodone,12 month-ending,11/30/2021,196,
01/04/2026,2021,12,Region 10,Oxycodone,12 month-ending,12/31/2021,192,
01/04/2026,2022,1,Region 10,Oxycodone,12 month-ending,01/31/2022,194,
01/04/2026,2022,2,Region 10,Oxycodone,12 month-ending,02/28/2022,195,
01/04/2026,2022,3,Region 10,Oxycodone,12 month-ending,03/31/2022,195,
01/04/2026,2022,4,Region 10,Oxycodone,12 month-ending,04/30/2022,187,
01/04/2026,2022,5,Region 10,Oxycodone,12 month-ending,05/31/2022,185,
01/04/2026,2022,6,Region 10,Oxycodone,12 month-ending,06/30/2022,185,
01/04/2026,2022,7,Region 10,Oxycodone,12 month-ending,07/31/2022,173,
01/04/2026,2022,8,Region 10,Oxycodone,12 month-ending,08/31/2022,172,
01/04/2026,2022,9,Region 10,Oxycodone,12 month-ending,09/30/2022,169,
01/04/2026,2022,10,Region 10,Oxycodone,12 month-ending,10/31/2022,169,
01/04/2026,2022,11,Region 10,Oxycodone,12 month-ending,11/30/2022,166,
01/04/2026,2022,12,Region 10,Oxycodone,12 month-ending,12/31/2022,171,
01/04/2026,2023,1,Region 10,Oxycodone,12 month-ending,01/31/2023,169,
01/04/2026,2023,2,Region 10,Oxycodone,12 month-ending,02/28/2023,169,
01/04/2026,2023,3,Region 10,Oxycodone,12 month-ending,03/31/2023,158,
01/04/2026,2023,4,Region 10,Oxycodone,12 month-ending,04/30/2023,167,
01/04/2026,2023,5,Region 10,Oxycodone,12 month-ending,05/31/2023,169,
01/04/2026,2023,6,Region 10,Oxycodone,12 month-ending,06/30/2023,174,
01/04/2026,2023,7,Region 10,Oxycodone,12 month-ending,07/31/2023,182,
01/04/2026,2023,8,Region 10,Oxycodone,12 month-ending,08/31/2023,183,
01/04/2026,2023,9,Region 10,Oxycodone,12 month-ending,09/30/2023,189,
01/04/2026,2023,10,Region 10,Oxycodone,12 month-ending,10/31/2023,195,
01/04/2026,2023,11,Region 10,Oxycodone,12 month-ending,11/30/2023,191,
01/04/2026,2023,12,Region 10,Oxycodone,12 month-ending,12/31/2023,194,
01/04/2026,2024,1,Region 10,Oxycodone,12 month-ending,01/31/2024,198,
01/04/2026,2024,2,Region 10,Oxycodone,12 month-ending,02/29/2024,202,
01/04/2026,2024,3,Region 10,Oxycodone,12 month-ending,03/31/2024,214,
01/04/2026,2024,4,Region 10,Oxycodone,12 month-ending,04/30/2024,204,
01/04/2026,2024,5,Region 10,Oxycodone,12 month-ending,05/31/2024,207,
01/04/2026,2024,6,Region 10,Oxycodone,12 month-ending,06/30/2024,201,
01/04/2026,2024,7,Region 10,Oxycodone,12 month-ending,07/31/2024,204,
01/04/2026,2024,8,Region 10,Oxycodone,12 month-ending,08/31/2024,204,
01/04/2026,2024,9,Region 10,Oxycodone,12 month-ending,09/30/2024,198,
01/04/2026,2024,10,Region 10,Oxycodone,12 month-ending,10/31/2024,193,
01/04/2026,2024,11,Region 10,Oxycodone,12 month-ending,11/30/2024,189,
01/04/2026,2024,12,Region 10,Oxycodone,12 month-ending,12/31/2024,185,
01/04/2026,2025,1,Region 10,Oxycodone,12 month-ending,01/31/2025,181,
01/04/2026,2025,2,Region 10,Oxycodone,12 month-ending,02/28/2025,179,
01/04/2026,2025,3,Region 10,Oxycodone,12 month-ending,03/31/2025,175,
01/04/2026,2025,4,Region 10,Oxycodone,12 month-ending,04/30/2025,176,
01/04/2026,2025,5,Region 10,Oxycodone,12 month-ending,05/31/2025,167,
01/04/2026,2025,6,Region 10,Oxycodone,12 month-ending,06/30/2025,168,
01/04/2026,2019,1,Region 1,Xylazine,12 month-ending,01/31/2019,0,
01/04/2026,2019,2,Region 1,Xylazine,12 month-ending,02/28/2019,0,
01/04/2026,2019,3,Region 1,Xylazine,12 month-ending,03/31/2019,,Death counts between 1-9 are suppressed.
01/04/2026,2019,4,Region 1,Xylazine,12 month-ending,04/30/2019,11,
01/04/2026,2019,5,Region 1,Xylazine,12 month-ending,05/31/2019,17,
01/04/2026,2019,6,Region 1,Xylazine,12 month-ending,06/30/2019,25,
01/04/2026,2019,7,Region 1,Xylazine,12 month-ending,07/31/2019,36,
01/04/2026,2019,8,Region 1,Xylazine,12 month-ending,08/31/2019,44,
01/04/2026,2019,9,Region 1,Xylazine,12 month-ending,09/30/2019,50,
01/04/2026,2019,10,Region 1,Xylazine,12 month-ending,10/31/2019,56,
01/04/2026,2019,11,Region 1,Xylazine,12 month-ending,11/30/2019,67,
01/04/2026,2019,12,Region 1,Xylazine,12 month-ending,12/31/2019,75,
01/04/2026,2020,1,Region 1,Xylazine,12 month-ending,01/31/2020,82,
01/04/2026,2020,2,Region 1,Xylazine,12 month-ending,02/29/2020,97,
01/04/2026,2020,3,Region 1,Xylazine,12 month-ending,03/31/2020,111,
01/04/2026,2020,4,Region 1,Xylazine,12 month-ending,04/30/2020,128,
01/04/2026,2020,5,Region 1,Xylazine,12 month-ending,05/31/2020,136,
01/04/2026,2020,6,Region 1,Xylazine,12 month-ending,06/30/2020,144,
01/04/2026,2020,7,Region 1,Xylazine,12 month-ending,07/31/2020,143,
01/04/2026,2020,8,Region 1,Xylazine,12 month-ending,08/31/2020,143,
01/04/2026,2020,9,Region 1,Xylazine,12 month-ending,09/30/2020,150,
01/04/2026,2020,10,Region 1,Xylazine,12 month-ending,10/31/2020,150,
01/04/2026,2020,11,Region 1,Xylazine,12 month-ending,11/30/2020,150,
01/04/2026,2020,12,Region 1,Xylazine,12 month-ending,12/31/2020,164,
01/04/2026,2021,1,Region 1,Xylazine,12 month-ending,01/31/2021,180,
01/04/2026,2021,2,Region 1,Xylazine,12 month-ending,02/28/2021,189,
01/04/2026,2021,3,Region 1,Xylazine,12 month-ending,03/31/2021,207,
01/04/2026,2021,4,Region 1,Xylazine,12 month-ending,04/30/2021,209,
01/04/2026,2021,5,Region 1,Xylazine,12 month-ending,05/31/2021,236,
01/04/2026,2021,6,Region 1,Xylazine,12 month-ending,06/30/2021,256,
01/04/2026,2021,7,Region 1,Xylazine,12 month-ending,07/31/2021,289,
01/04/2026,2021,8,Region 1,Xylazine,12 month-ending,08/31/2021,317,
01/04/2026,2021,9,Region 1,Xylazine,12 month-ending,09/30/2021,338,
01/04/2026,2021,10,Region 1,Xylazine,12 month-ending,10/31/2021,363,
01/04/2026,2021,11,Region 1,Xylazine,12 month-ending,11/30/2021,389,
01/04/2026,2021,12,Region 1,Xylazine,12 month-ending,12/31/2021,389,
01/04/2026,2022,1,Region 1,Xylazine,12 month-ending,01/31/2022,398,
01/04/2026,2022,2,Region 1,Xylazine,12 month-ending,02/28/2022,409,
01/04/2026,2022,3,Region 1,Xylazine,12 month-ending,03/31/2022,426,
01/04/2026,2022,4,Region 1,Xylazine,12 month-ending,04/30/2022,453,
01/04/2026,2022,5,Region 1,Xylazine,12 month-ending,05/31/2022,460,
01/04/2026,2022,6,Region 1,Xylazine,12 month-ending,06/30/2022,465,
01/04/2026,2022,7,Region 1,Xylazine,12 month-ending,07/31/2022,466,
01/04/2026,2022,8,Region 1,Xylazine,12 month-ending,08/31/2022,472,
01/04/2026,2022,9,Region 1,Xylazine,12 month-ending,09/30/2022,464,
01/04/2026,2022,10,Region 1,Xylazine,12 month-ending,10/31/2022,480,
01/04/2026,2022,11,Region 1,Xylazine,12 month-ending,11/30/2022,503,
01/04/2026,2022,12,Region 1,Xylazine,12 month-ending,12/31/2022,525,
01/04/2026,2023,1,Region 1,Xylazine,12 month-ending,01/31/2023,535,
01/04/2026,2023,2,Region 1,Xylazine,12 month-ending,02/28/2023,544,
01/04/2026,2023,3,Region 1,Xylazine,12 month-ending,03/31/2023,522,
01/04/2026,2023,4,Region 1,Xylazine,12 month-ending,04/30/2023,519,
01/04/2026,2023,5,Region 1,Xylazine,12 month-ending,05/31/2023,530,
01/04/2026,2023,6,Region 1,Xylazine,12 month-ending,06/30/2023,538,
01/04/2026,2023,7,Region 1,Xylazine,12 month-ending,07/31/2023,552,
01/04/2026,2023,8,Region 1,Xylazine,12 month-ending,08/31/2023,570,
01/04/2026,2023,9,Region 1,Xylazine,12 month-ending,09/30/2023,600,
01/04/2026,2023,10,Region 1,Xylazine,12 month-ending,10/31/2023,612,
01/04/2026,2023,11,Region 1,Xylazine,12 month-ending,11/30/2023,627,
01/04/2026,2023,12,Region 1,Xylazine,12 month-ending,12/31/2023,646,
01/04/2026,2024,1,Region 1,Xylazine,12 month-ending,01/31/2024,680,
01/04/2026,2024,2,Region 1,Xylazine,12 month-ending,02/29/2024,710,
01/04/2026,2024,3,Region 1,Xylazine,12 month-ending,03/31/2024,766,
01/04/2026,2024,4,Region 1,Xylazine,12 month-ending,04/30/2024,787,
01/04/2026,2024,5,Region 1,Xylazine,12 month-ending,05/31/2024,805,
01/04/2026,2024,6,Region 1,Xylazine,12 month-ending,06/30/2024,836,
01/04/2026,2024,7,Region 1,Xylazine,12 month-ending,07/31/2024,860,
01/04/2026,2024,8,Region 1,Xylazine,12 month-ending,08/31/2024,861,
01/04/2026,2024,9,Region 1,Xylazine,12 month-ending,09/30/2024,874,
01/04/2026,2024,10,Region 1,Xylazine,12 month-ending,10/31/2024,887,
01/04/2026,2024,11,Region 1,Xylazine,12 month-ending,11/30/2024,857,
01/04/2026,2024,12,Region 1,Xylazine,12 month-ending,12/31/2024,854,
01/04/2026,2025,1,Region 1,Xylazine,12 month-ending,01/31/2025,810,
01/04/2026,2025,2,Region 1,Xylazine,12 month-ending,02/28/2025,769,
01/04/2026,2025,3,Region 1,Xylazine,12 month-ending,03/31/2025,711,
01/04/2026,2025,4,Region 1,Xylazine,12 month-ending,04/30/2025,650,
01/04/2026,2025,5,Region 1,Xylazine,12 month-ending,05/31/2025,595,
01/04/2026,2025,6,Region 1,Xylazine,12 month-ending,06/30/2025,543,
01/04/2026,2019,1,Region 2,Xylazine,12 month-ending,01/31/2019,14,
01/04/2026,2019,2,Region 2,Xylazine,12 month-ending,02/28/2019,13,
01/04/2026,2019,3,Region 2,Xylazine,12 month-ending,03/31/2019,15,
01/04/2026,2019,4,Region 2,Xylazine,12 month-ending,04/30/2019,17,
01/04/2026,2019,5,Region 2,Xylazine,12 month-ending,05/31/2019,19,
01/04/2026,2019,6,Region 2,Xylazine,12 month-ending,06/30/2019,18,
01/04/2026,2019,7,Region 2,Xylazine,12 month-ending,07/31/2019,24,
01/04/2026,2019,8,Region 2,Xylazine,12 month-ending,08/31/2019,26,
01/04/2026,2019,9,Region 2,Xylazine,12 month-ending,09/30/2019,29,
01/04/2026,2019,10,Region 2,Xylazine,12 month-ending,10/31/2019,33,
01/04/2026,2019,11,Region 2,Xylazine,12 month-ending,11/30/2019,37,
01/04/2026,2019,12,Region 2,Xylazine,12 month-ending,12/31/2019,40,
01/04/2026,2020,1,Region 2,Xylazine,12 month-ending,01/31/2020,42,
01/04/2026,2020,2,Region 2,Xylazine,12 month-ending,02/29/2020,47,
01/04/2026,2020,3,Region 2,Xylazine,12 month-ending,03/31/2020,54,
01/04/2026,2020,4,Region 2,Xylazine,12 month-ending,04/30/2020,57,
01/04/2026,2020,5,Region 2,Xylazine,12 month-ending,05/31/2020,73,
01/04/2026,2020,6,Region 2,Xylazine,12 month-ending,06/30/2020,80,
01/04/2026,2020,7,Region 2,Xylazine,12 month-ending,07/31/2020,83,
01/04/2026,2020,8,Region 2,Xylazine,12 month-ending,08/31/2020,104,
01/04/2026,2020,9,Region 2,Xylazine,12 month-ending,09/30/2020,113,
01/04/2026,2020,10,Region 2,Xylazine,12 month-ending,10/31/2020,115,
01/04/2026,2020,11,Region 2,Xylazine,12 month-ending,11/30/2020,133,
01/04/2026,2020,12,Region 2,Xylazine,12 month-ending,12/31/2020,160,
01/04/2026,2021,1,Region 2,Xylazine,12 month-ending,01/31/2021,197,
01/04/2026,2021,2,Region 2,Xylazine,12 month-ending,02/28/2021,244,
01/04/2026,2021,3,Region 2,Xylazine,12 month-ending,03/31/2021,293,
01/04/2026,2021,4,Region 2,Xylazine,12 month-ending,04/30/2021,343,
01/04/2026,2021,5,Region 2,Xylazine,12 month-ending,05/31/2021,381,
01/04/2026,2021,6,Region 2,Xylazine,12 month-ending,06/30/2021,443,
01/04/2026,2021,7,Region 2,Xylazine,12 month-ending,07/31/2021,497,
01/04/2026,2021,8,Region 2,Xylazine,12 month-ending,08/31/2021,551,
01/04/2026,2021,9,Region 2,Xylazine,12 month-ending,09/30/2021,598,
01/04/2026,2021,10,Region 2,Xylazine,12 month-ending,10/31/2021,663,
01/04/2026,2021,11,Region 2,Xylazine,12 month-ending,11/30/2021,705,
01/04/2026,2021,12,Region 2,Xylazine,12 month-ending,12/31/2021,758,
01/04/2026,2022,1,Region 2,Xylazine,12 month-ending,01/31/2022,803,
01/04/2026,2022,2,Region 2,Xylazine,12 month-ending,02/28/2022,828,
01/04/2026,2022,3,Region 2,Xylazine,12 month-ending,03/31/2022,844,
01/04/2026,2022,4,Region 2,Xylazine,12 month-ending,04/30/2022,865,
01/04/2026,2022,5,Region 2,Xylazine,12 month-ending,05/31/2022,899,
01/04/2026,2022,6,Region 2,Xylazine,12 month-ending,06/30/2022,894,
01/04/2026,2022,7,Region 2,Xylazine,12 month-ending,07/31/2022,917,
01/04/2026,2022,8,Region 2,Xylazine,12 month-ending,08/31/2022,924,
01/04/2026,2022,9,Region 2,Xylazine,12 month-ending,09/30/2022,949,
01/04/2026,2022,10,Region 2,Xylazine,12 month-ending,10/31/2022,981,
01/04/2026,2022,11,Region 2,Xylazine,12 month-ending,11/30/2022,1004,
01/04/2026,2022,12,Region 2,Xylazine,12 month-ending,12/31/2022,1003,
01/04/2026,2023,1,Region 2,Xylazine,12 month-ending,01/31/2023,998,
01/04/2026,2023,2,Region 2,Xylazine,12 month-ending,02/28/2023,1002,
01/04/2026,2023,3,Region 2,Xylazine,12 month-ending,03/31/2023,1046,
01/04/2026,2023,4,Region 2,Xylazine,12 month-ending,04/30/2023,1101,
01/04/2026,2023,5,Region 2,Xylazine,12 month-ending,05/31/2023,1142,
01/04/2026,2023,6,Region 2,Xylazine,12 month-ending,06/30/2023,1197,
01/04/2026,2023,7,Region 2,Xylazine,12 month-ending,07/31/2023,1236,
01/04/2026,2023,8,Region 2,Xylazine,12 month-ending,08/31/2023,1280,
01/04/2026,2023,9,Region 2,Xylazine,12 month-ending,09/30/2023,1299,
01/04/2026,2023,10,Region 2,Xylazine,12 month-ending,10/31/2023,1331,
01/04/2026,2023,11,Region 2,Xylazine,12 month-ending,11/30/2023,1354,
01/04/2026,2023,12,Region 2,Xylazine,12 month-ending,12/31/2023,1400,
01/04/2026,2024,1,Region 2,Xylazine,12 month-ending,01/31/2024,1434,
01/04/2026,2024,2,Region 2,Xylazine,12 month-ending,02/29/2024,1448,
01/04/2026,2024,3,Region 2,Xylazine,12 month-ending,03/31/2024,1425,
01/04/2026,2024,4,Region 2,Xylazine,12 month-ending,04/30/2024,1379,
01/04/2026,2024,5,Region 2,Xylazine,12 month-ending,05/31/2024,1334,
01/04/2026,2024,6,Region 2,Xylazine,12 month-ending,06/30/2024,1275,
01/04/2026,2024,7,Region 2,Xylazine,12 month-ending,07/31/2024,1197,
01/04/2026,2024,8,Region 2,Xylazine,12 month-ending,08/31/2024,1126,
01/04/2026,2024,9,Region 2,Xylazine,12 month-ending,09/30/2024,1071,
01/04/2026,2024,10,Region 2,Xylazine,12 month-ending,10/31/2024,976,
01/04/2026,2024,11,Region 2,Xylazine,12 month-ending,11/30/2024,931,
01/04/2026,2024,12,Region 2,Xylazine,12 month-ending,12/31/2024,859,
01/04/2026,2025,1,Region 2,Xylazine,12 month-ending,01/31/2025,787,
01/04/2026,2025,2,Region 2,Xylazine,12 month-ending,02/28/2025,738,
01/04/2026,2025,3,Region 2,Xylazine,12 month-ending,03/31/2025,693,
01/04/2026,2025,4,Region 2,Xylazine,12 month-ending,04/30/2025,657,
01/04/2026,2025,5,Region 2,Xylazine,12 month-ending,05/31/2025,614,
01/04/2026,2025,6,Region 2,Xylazine,12 month-ending,06/30/2025,584,
01/04/2026,2019,1,Region 3,Xylazine,12 month-ending,01/31/2019,87,
01/04/2026,2019,2,Region 3,Xylazine,12 month-ending,02/28/2019,98,
01/04/2026,2019,3,Region 3,Xylazine,12 month-ending,03/31/2019,125,
01/04/2026,2019,4,Region 3,Xylazine,12 month-ending,04/30/2019,148,
01/04/2026,2019,5,Region 3,Xylazine,12 month-ending,05/31/2019,157,
01/04/2026,2019,6,Region 3,Xylazine,12 month-ending,06/30/2019,183,
01/04/2026,2019,7,Region 3,Xylazine,12 month-ending,07/31/2019,208,
01/04/2026,2019,8,Region 3,Xylazine,12 month-ending,08/31/2019,230,
01/04/2026,2019,9,Region 3,Xylazine,12 month-ending,09/30/2019,248,
01/04/2026,2019,10,Region 3,Xylazine,12 month-ending,10/31/2019,271,
01/04/2026,2019,11,Region 3,Xylazine,12 month-ending,11/30/2019,298,
01/04/2026,2019,12,Region 3,Xylazine,12 month-ending,12/31/2019,312,
01/04/2026,2020,1,Region 3,Xylazine,12 month-ending,01/31/2020,327,
01/04/2026,2020,2,Region 3,Xylazine,12 month-ending,02/29/2020,346,
01/04/2026,2020,3,Region 3,Xylazine,12 month-ending,03/31/2020,368,
01/04/2026,2020,4,Region 3,Xylazine,12 month-ending,04/30/2020,392,
01/04/2026,2020,5,Region 3,Xylazine,12 month-ending,05/31/2020,439,
01/04/2026,2020,6,Region 3,Xylazine,12 month-ending,06/30/2020,484,
01/04/2026,2020,7,Region 3,Xylazine,12 month-ending,07/31/2020,521,
01/04/2026,2020,8,Region 3,Xylazine,12 month-ending,08/31/2020,541,
01/04/2026,2020,9,Region 3,Xylazine,12 month-ending,09/30/2020,581,
01/04/2026,2020,10,Region 3,Xylazine,12 month-ending,10/31/2020,634,
01/04/2026,2020,11,Region 3,Xylazine,12 month-ending,11/30/2020,693,
01/04/2026,2020,12,Region 3,Xylazine,12 month-ending,12/31/2020,755,
01/04/2026,2021,1,Region 3,Xylazine,12 month-ending,01/31/2021,847,
01/04/2026,2021,2,Region 3,Xylazine,12 month-ending,02/28/2021,930,
01/04/2026,2021,3,Region 3,Xylazine,12 month-ending,03/31/2021,983,
01/04/2026,2021,4,Region 3,Xylazine,12 month-ending,04/30/2021,1039,
01/04/2026,2021,5,Region 3,Xylazine,12 month-ending,05/31/2021,1097,
01/04/2026,2021,6,Region 3,Xylazine,12 month-ending,06/30/2021,1138,
01/04/2026,2021,7,Region 3,Xylazine,12 month-ending,07/31/2021,1183,
01/04/2026,2021,8,Region 3,Xylazine,12 month-ending,08/31/2021,1221,
01/04/2026,2021,9,Region 3,Xylazine,12 month-ending,09/30/2021,1251,
01/04/2026,2021,10,Region 3,Xylazine,12 month-ending,10/31/2021,1257,
01/04/2026,2021,11,Region 3,Xylazine,12 month-ending,11/30/2021,1243,
01/04/2026,2021,12,Region 3,Xylazine,12 month-ending,12/31/2021,1269,
01/04/2026,2022,1,Region 3,Xylazine,12 month-ending,01/31/2022,1265,
01/04/2026,2022,2,Region 3,Xylazine,12 month-ending,02/28/2022,1248,
01/04/2026,2022,3,Region 3,Xylazine,12 month-ending,03/31/2022,1263,
01/04/2026,2022,4,Region 3,Xylazine,12 month-ending,04/30/2022,1252,
01/04/2026,2022,5,Region 3,Xylazine,12 month-ending,05/31/2022,1234,
01/04/2026,2022,6,Region 3,Xylazine,12 month-ending,06/30/2022,1213,
01/04/2026,2022,7,Region 3,Xylazine,12 month-ending,07/31/2022,1180,
01/04/2026,2022,8,Region 3,Xylazine,12 month-ending,08/31/2022,1189,
01/04/2026,2022,9,Region 3,Xylazine,12 month-ending,09/30/2022,1163,
01/04/2026,2022,10,Region 3,Xylazine,12 month-ending,10/31/2022,1160,
01/04/2026,2022,11,Region 3,Xylazine,12 month-ending,11/30/2022,1175,
01/04/2026,2022,12,Region 3,Xylazine,12 month-ending,12/31/2022,1188,
01/04/2026,2023,1,Region 3,Xylazine,12 month-ending,01/31/2023,1175,
01/04/2026,2023,2,Region 3,Xylazine,12 month-ending,02/28/2023,1190,
01/04/2026,2023,3,Region 3,Xylazine,12 month-ending,03/31/2023,1191,
01/04/2026,2023,4,Region 3,Xylazine,12 month-ending,04/30/2023,1172,
01/04/2026,2023,5,Region 3,Xylazine,12 month-ending,05/31/2023,1191,
01/04/2026,2023,6,Region 3,Xylazine,12 month-ending,06/30/2023,1235,
01/04/2026,2023,7,Region 3,Xylazine,12 month-ending,07/31/2023,1271,
01/04/2026,2023,8,Region 3,Xylazine,12 month-ending,08/31/2023,1277,
01/04/2026,2023,9,Region 3,Xylazine,12 month-ending,09/30/2023,1340,
01/04/2026,2023,10,Region 3,Xylazine,12 month-ending,10/31/2023,1416,
01/04/2026,2023,11,Region 3,Xylazine,12 month-ending,11/30/2023,1474,
01/04/2026,2023,12,Region 3,Xylazine,12 month-ending,12/31/2023,1527,
01/04/2026,2024,1,Region 3,Xylazine,12 month-ending,01/31/2024,1585,
01/04/2026,2024,2,Region 3,Xylazine,12 month-ending,02/29/2024,1634,
01/04/2026,2024,3,Region 3,Xylazine,12 month-ending,03/31/2024,1665,
01/04/2026,2024,4,Region 3,Xylazine,12 month-ending,04/30/2024,1736,
01/04/2026,2024,5,Region 3,Xylazine,12 month-ending,05/31/2024,1737,
01/04/2026,2024,6,Region 3,Xylazine,12 month-ending,06/30/2024,1720,
01/04/2026,2024,7,Region 3,Xylazine,12 month-ending,07/31/2024,1721,
01/04/2026,2024,8,Region 3,Xylazine,12 month-ending,08/31/2024,1731,
01/04/2026,2024,9,Region 3,Xylazine,12 month-ending,09/30/2024,1688,
01/04/2026,2024,10,Region 3,Xylazine,12 month-ending,10/31/2024,1628,
01/04/2026,2024,11,Region 3,Xylazine,12 month-ending,11/30/2024,1561,
01/04/2026,2024,12,Region 3,Xylazine,12 month-ending,12/31/2024,1489,
01/04/2026,2025,1,Region 3,Xylazine,12 month-ending,01/31/2025,1444,
01/04/2026,2025,2,Region 3,Xylazine,12 month-ending,02/28/2025,1348,
01/04/2026,2025,3,Region 3,Xylazine,12 month-ending,03/31/2025,1269,
01/04/2026,2025,4,Region 3,Xylazine,12 month-ending,04/30/2025,1171,
01/04/2026,2025,5,Region 3,Xylazine,12 month-ending,05/31/2025,1103,
01/04/2026,2025,6,Region 3,Xylazine,12 month-ending,06/30/2025,1031,
01/04/2026,2019,1,Region 4,Xylazine,12 month-ending,01/31/2019,,Death counts between 1-9 are suppressed.
01/04/2026,2019,2,Region 4,Xylazine,12 month-ending,02/28/2019,11,
01/04/2026,2019,3,Region 4,Xylazine,12 month-ending,03/31/2019,13,
01/04/2026,2019,4,Region 4,Xylazine,12 month-ending,04/30/2019,17,
01/04/2026,2019,5,Region 4,Xylazine,12 month-ending,05/31/2019,19,
01/04/2026,2019,6,Region 4,Xylazine,12 month-ending,06/30/2019,19,
01/04/2026,2019,7,Region 4,Xylazine,12 month-ending,07/31/2019,23,
01/04/2026,2019,8,Region 4,Xylazine,12 month-ending,08/31/2019,31,
01/04/2026,2019,9,Region 4,Xylazine,12 month-ending,09/30/2019,41,
01/04/2026,2019,10,Region 4,Xylazine,12 month-ending,10/31/2019,49,
01/04/2026,2019,11,Region 4,Xylazine,12 month-ending,11/30/2019,56,
01/04/2026,2019,12,Region 4,Xylazine,12 month-ending,12/31/2019,62,
01/04/2026,2020,1,Region 4,Xylazine,12 month-ending,01/31/2020,62,
01/04/2026,2020,2,Region 4,Xylazine,12 month-ending,02/29/2020,73,
01/04/2026,2020,3,Region 4,Xylazine,12 month-ending,03/31/2020,80,
01/04/2026,2020,4,Region 4,Xylazine,12 month-ending,04/30/2020,89,
01/04/2026,2020,5,Region 4,Xylazine,12 month-ending,05/31/2020,101,
01/04/2026,2020,6,Region 4,Xylazine,12 month-ending,06/30/2020,119,
01/04/2026,2020,7,Region 4,Xylazine,12 month-ending,07/31/2020,143,
01/04/2026,2020,8,Region 4,Xylazine,12 month-ending,08/31/2020,149,
01/04/2026,2020,9,Region 4,Xylazine,12 month-ending,09/30/2020,146,
01/04/2026,2020,10,Region 4,Xylazine,12 month-ending,10/31/2020,147,
01/04/2026,2020,11,Region 4,Xylazine,12 month-ending,11/30/2020,154,
01/04/2026,2020,12,Region 4,Xylazine,12 month-ending,12/31/2020,161,
01/04/2026,2021,1,Region 4,Xylazine,12 month-ending,01/31/2021,175,
01/04/2026,2021,2,Region 4,Xylazine,12 month-ending,02/28/2021,181,
01/04/2026,2021,3,Region 4,Xylazine,12 month-ending,03/31/2021,203,
01/04/2026,2021,4,Region 4,Xylazine,12 month-ending,04/30/2021,224,
01/04/2026,2021,5,Region 4,Xylazine,12 month-ending,05/31/2021,251,
01/04/2026,2021,6,Region 4,Xylazine,12 month-ending,06/30/2021,274,
01/04/2026,2021,7,Region 4,Xylazine,12 month-ending,07/31/2021,281,
01/04/2026,2021,8,Region 4,Xylazine,12 month-ending,08/31/2021,318,
01/04/2026,2021,9,Region 4,Xylazine,12 month-ending,09/30/2021,362,
01/04/2026,2021,10,Region 4,Xylazine,12 month-ending,10/31/2021,411,
01/04/2026,2021,11,Region 4,Xylazine,12 month-ending,11/30/2021,439,
01/04/2026,2021,12,Region 4,Xylazine,12 month-ending,12/31/2021,484,
01/04/2026,2022,1,Region 4,Xylazine,12 month-ending,01/31/2022,529,
01/04/2026,2022,2,Region 4,Xylazine,12 month-ending,02/28/2022,575,
01/04/2026,2022,3,Region 4,Xylazine,12 month-ending,03/31/2022,625,
01/04/2026,2022,4,Region 4,Xylazine,12 month-ending,04/30/2022,674,
01/04/2026,2022,5,Region 4,Xylazine,12 month-ending,05/31/2022,714,
01/04/2026,2022,6,Region 4,Xylazine,12 month-ending,06/30/2022,744,
01/04/2026,2022,7,Region 4,Xylazine,12 month-ending,07/31/2022,793,
01/04/2026,2022,8,Region 4,Xylazine,12 month-ending,08/31/2022,810,
01/04/2026,2022,9,Region 4,Xylazine,12 month-ending,09/30/2022,831,
01/04/2026,2022,10,Region 4,Xylazine,12 month-ending,10/31/2022,845,
01/04/2026,2022,11,Region 4,Xylazine,12 month-ending,11/30/2022,862,
01/04/2026,2022,12,Region 4,Xylazine,12 month-ending,12/31/2022,885,
01/04/2026,2023,1,Region 4,Xylazine,12 month-ending,01/31/2023,913,
01/04/2026,2023,2,Region 4,Xylazine,12 month-ending,02/28/2023,930,
01/04/2026,2023,3,Region 4,Xylazine,12 month-ending,03/31/2023,945,
01/04/2026,2023,4,Region 4,Xylazine,12 month-ending,04/30/2023,957,
01/04/2026,2023,5,Region 4,Xylazine,12 month-ending,05/31/2023,965,
01/04/2026,2023,6,Region 4,Xylazine,12 month-ending,06/30/2023,961,
01/04/2026,2023,7,Region 4,Xylazine,12 month-ending,07/31/2023,944,
01/04/2026,2023,8,Region 4,Xylazine,12 month-ending,08/31/2023,958,
01/04/2026,2023,9,Region 4,Xylazine,12 month-ending,09/30/2023,982,
01/04/2026,2023,10,Region 4,Xylazine,12 month-ending,10/31/2023,993,
01/04/2026,2023,11,Region 4,Xylazine,12 month-ending,11/30/2023,1016,
01/04/2026,2023,12,Region 4,Xylazine,12 month-ending,12/31/2023,1039,
01/04/2026,2024,1,Region 4,Xylazine,12 month-ending,01/31/2024,1059,
01/04/2026,2024,2,Region 4,Xylazine,12 month-ending,02/29/2024,1071,
01/04/2026,2024,3,Region 4,Xylazine,12 month-ending,03/31/2024,1079,
01/04/2026,2024,4,Region 4,Xylazine,12 month-ending,04/30/2024,1069,
01/04/2026,2024,5,Region 4,Xylazine,12 month-ending,05/31/2024,1060,
01/04/2026,2024,6,Region 4,Xylazine,12 month-ending,06/30/2024,1089,
01/04/2026,2024,7,Region 4,Xylazine,12 month-ending,07/31/2024,1134,
01/04/2026,2024,8,Region 4,Xylazine,12 month-ending,08/31/2024,1177,
01/04/2026,2024,9,Region 4,Xylazine,12 month-ending,09/30/2024,1212,
01/04/2026,2024,10,Region 4,Xylazine,12 month-ending,10/31/2024,1257,
01/04/2026,2024,11,Region 4,Xylazine,12 month-ending,11/30/2024,1335,
01/04/2026,2024,12,Region 4,Xylazine,12 month-ending,12/31/2024,1359,
01/04/2026,2025,1,Region 4,Xylazine,12 month-ending,01/31/2025,1333,
01/04/2026,2025,2,Region 4,Xylazine,12 month-ending,02/28/2025,1305,
01/04/2026,2025,3,Region 4,Xylazine,12 month-ending,03/31/2025,1279,
01/04/2026,2025,4,Region 4,Xylazine,12 month-ending,04/30/2025,1223,
01/04/2026,2025,5,Region 4,Xylazine,12 month-ending,05/31/2025,1175,
01/04/2026,2025,6,Region 4,Xylazine,12 month-ending,06/30/2025,1105,
01/04/2026,2019,1,Region 5,Xylazine,12 month-ending,01/31/2019,,Death counts between 1-9 are suppressed.
01/04/2026,2019,2,Region 5,Xylazine,12 month-ending,02/28/2019,13,
01/04/2026,2019,3,Region 5,Xylazine,12 month-ending,03/31/2019,18,
01/04/2026,2019,4,Region 5,Xylazine,12 month-ending,04/30/2019,22,
01/04/2026,2019,5,Region 5,Xylazine,12 month-ending,05/31/2019,31,
01/04/2026,2019,6,Region 5,Xylazine,12 month-ending,06/30/2019,38,
01/04/2026,2019,7,Region 5,Xylazine,12 month-ending,07/31/2019,60,
01/04/2026,2019,8,Region 5,Xylazine,12 month-ending,08/31/2019,75,
01/04/2026,2019,9,Region 5,Xylazine,12 month-ending,09/30/2019,83,
01/04/2026,2019,10,Region 5,Xylazine,12 month-ending,10/31/2019,87,
01/04/2026,2019,11,Region 5,Xylazine,12 month-ending,11/30/2019,108,
01/04/2026,2019,12,Region 5,Xylazine,12 month-ending,12/31/2019,116,
01/04/2026,2020,1,Region 5,Xylazine,12 month-ending,01/31/2020,124,
01/04/2026,2020,2,Region 5,Xylazine,12 month-ending,02/29/2020,142,
01/04/2026,2020,3,Region 5,Xylazine,12 month-ending,03/31/2020,149,
01/04/2026,2020,4,Region 5,Xylazine,12 month-ending,04/30/2020,158,
01/04/2026,2020,5,Region 5,Xylazine,12 month-ending,05/31/2020,179,
01/04/2026,2020,6,Region 5,Xylazine,12 month-ending,06/30/2020,191,
01/04/2026,2020,7,Region 5,Xylazine,12 month-ending,07/31/2020,187,
01/04/2026,2020,8,Region 5,Xylazine,12 month-ending,08/31/2020,188,
01/04/2026,2020,9,Region 5,Xylazine,12 month-ending,09/30/2020,196,
01/04/2026,2020,10,Region 5,Xylazine,12 month-ending,10/31/2020,209,
01/04/2026,2020,11,Region 5,Xylazine,12 month-ending,11/30/2020,201,
01/04/2026,2020,12,Region 5,Xylazine,12 month-ending,12/31/2020,211,
01/04/2026,2021,1,Region 5,Xylazine,12 month-ending,01/31/2021,221,
01/04/2026,2021,2,Region 5,Xylazine,12 month-ending,02/28/2021,221,
01/04/2026,2021,3,Region 5,Xylazine,12 month-ending,03/31/2021,241,
01/04/2026,2021,4,Region 5,Xylazine,12 month-ending,04/30/2021,265,
01/04/2026,2021,5,Region 5,Xylazine,12 month-ending,05/31/2021,276,
01/04/2026,2021,6,Region 5,Xylazine,12 month-ending,06/30/2021,298,
01/04/2026,2021,7,Region 5,Xylazine,12 month-ending,07/31/2021,333,
01/04/2026,2021,8,Region 5,Xylazine,12 month-ending,08/31/2021,365,
01/04/2026,2021,9,Region 5,Xylazine,12 month-ending,09/30/2021,395,
01/04/2026,2021,10,Region 5,Xylazine,12 month-ending,10/31/2021,420,
01/04/2026,2021,11,Region 5,Xylazine,12 month-ending,11/30/2021,457,
01/04/2026,2021,12,Region 5,Xylazine,12 month-ending,12/31/2021,475,
01/04/2026,2022,1,Region 5,Xylazine,12 month-ending,01/31/2022,507,
01/04/2026,2022,2,Region 5,Xylazine,12 month-ending,02/28/2022,520,
01/04/2026,2022,3,Region 5,Xylazine,12 month-ending,03/31/2022,538,
01/04/2026,2022,4,Region 5,Xylazine,12 month-ending,04/30/2022,565,
01/04/2026,2022,5,Region 5,Xylazine,12 month-ending,05/31/2022,586,
01/04/2026,2022,6,Region 5,Xylazine,12 month-ending,06/30/2022,605,
01/04/2026,2022,7,Region 5,Xylazine,12 month-ending,07/31/2022,612,
01/04/2026,2022,8,Region 5,Xylazine,12 month-ending,08/31/2022,620,
01/04/2026,2022,9,Region 5,Xylazine,12 month-ending,09/30/2022,618,
01/04/2026,2022,10,Region 5,Xylazine,12 month-ending,10/31/2022,628,
01/04/2026,2022,11,Region 5,Xylazine,12 month-ending,11/30/2022,623,
01/04/2026,2022,12,Region 5,Xylazine,12 month-ending,12/31/2022,640,
01/04/2026,2023,1,Region 5,Xylazine,12 month-ending,01/31/2023,643,
01/04/2026,2023,2,Region 5,Xylazine,12 month-ending,02/28/2023,700,
01/04/2026,2023,3,Region 5,Xylazine,12 month-ending,03/31/2023,729,
01/04/2026,2023,4,Region 5,Xylazine,12 month-ending,04/30/2023,752,
01/04/2026,2023,5,Region 5,Xylazine,12 month-ending,05/31/2023,781,
01/04/2026,2023,6,Region 5,Xylazine,12 month-ending,06/30/2023,808,
01/04/2026,2023,7,Region 5,Xylazine,12 month-ending,07/31/2023,836,
01/04/2026,2023,8,Region 5,Xylazine,12 month-ending,08/31/2023,879,
01/04/2026,2023,9,Region 5,Xylazine,12 month-ending,09/30/2023,939,
01/04/2026,2023,10,Region 5,Xylazine,12 month-ending,10/31/2023,981,
01/04/2026,2023,11,Region 5,Xylazine,12 month-ending,11/30/2023,1027,
01/04/2026,2023,12,Region 5,Xylazine,12 month-ending,12/31/2023,1058,
01/04/2026,2024,1,Region 5,Xylazine,12 month-ending,01/31/2024,1098,
01/04/2026,2024,2,Region 5,Xylazine,12 month-ending,02/29/2024,1102,
01/04/2026,2024,3,Region 5,Xylazine,12 month-ending,03/31/2024,1108,
01/04/2026,2024,4,Region 5,Xylazine,12 month-ending,04/30/2024,1095,
01/04/2026,2024,5,Region 5,Xylazine,12 month-ending,05/31/2024,1092,
01/04/2026,2024,6,Region 5,Xylazine,12 month-ending,06/30/2024,1074,
01/04/2026,2024,7,Region 5,Xylazine,12 month-ending,07/31/2024,1082,
01/04/2026,2024,8,Region 5,Xylazine,12 month-ending,08/31/2024,1076,
01/04/2026,2024,9,Region 5,Xylazine,12 month-ending,09/30/2024,1052,
01/04/2026,2024,10,Region 5,Xylazine,12 month-ending,10/31/2024,1012,
01/04/2026,2024,11,Region 5,Xylazine,12 month-ending,11/30/2024,986,
01/04/2026,2024,12,Region 5,Xylazine,12 month-ending,12/31/2024,974,
01/04/2026,2025,1,Region 5,Xylazine,12 month-ending,01/31/2025,927,
01/04/2026,2025,2,Region 5,Xylazine,12 month-ending,02/28/2025,880,
01/04/2026,2025,3,Region 5,Xylazine,12 month-ending,03/31/2025,837,
01/04/2026,2025,4,Region 5,Xylazine,12 month-ending,04/30/2025,796,
01/04/2026,2025,5,Region 5,Xylazine,12 month-ending,05/31/2025,729,
01/04/2026,2025,6,Region 5,Xylazine,12 month-ending,06/30/2025,681,
01/04/2026,2019,1,Region 6,Xylazine,12 month-ending,01/31/2019,,Death counts between 1-9 are suppressed.
01/04/2026,2019,2,Region 6,Xylazine,12 month-ending,02/28/2019,,Death counts between 1-9 are suppressed.
01/04/2026,2019,3,Region 6,Xylazine,12 month-ending,03/31/2019,,Death counts between 1-9 are suppressed.
01/04/2026,2019,4,Region 6,Xylazine,12 month-ending,04/30/2019,,Death counts between 1-9 are suppressed.
01/04/2026,2019,5,Region 6,Xylazine,12 month-ending,05/31/2019,,Death counts between 1-9 are suppressed.
01/04/2026,2019,6,Region 6,Xylazine,12 month-ending,06/30/2019,,Death counts between 1-9 are suppressed.
01/04/2026,2019,7,Region 6,Xylazine,12 month-ending,07/31/2019,,Death counts between 1-9 are suppressed.
01/04/2026,2019,8,Region 6,Xylazine,12 month-ending,08/31/2019,,Death counts between 1-9 are suppressed.
01/04/2026,2019,9,Region 6,Xylazine,12 month-ending,09/30/2019,,Death counts between 1-9 are suppressed.
01/04/2026,2019,10,Region 6,Xylazine,12 month-ending,10/31/2019,,Death counts between 1-9 are suppressed.
01/04/2026,2019,11,Region 6,Xylazine,12 month-ending,11/30/2019,,Death counts between 1-9 are suppressed.
01/04/2026,2019,12,Region 6,Xylazine,12 month-ending,12/31/2019,,Death counts between 1-9 are suppressed.
01/04/2026,2020,1,Region 6,Xylazine,12 month-ending,01/31/2020,,Death counts between 1-9 are suppressed.
01/04/2026,2020,2,Region 6,Xylazine,12 month-ending,02/29/2020,12,
01/04/2026,2020,3,Region 6,Xylazine,12 month-ending,03/31/2020,11,
01/04/2026,2020,4,Region 6,Xylazine,12 month-ending,04/30/2020,14,
01/04/2026,2020,5,Region 6,Xylazine,12 month-ending,05/31/2020,13,
01/04/2026,2020,6,Region 6,Xylazine,12 month-ending,06/30/2020,14,
01/04/2026,2020,7,Region 6,Xylazine,12 month-ending,07/31/2020,15,
01/04/2026,2020,8,Region 6,Xylazine,12 month-ending,08/31/2020,15,
01/04/2026,2020,9,Region 6,Xylazine,12 month-ending,09/30/2020,18,
01/04/2026,2020,10,Region 6,Xylazine,12 month-ending,10/31/2020,19,
01/04/2026,2020,11,Region 6,Xylazine,12 month-ending,11/30/2020,24,
01/04/2026,2020,12,Region 6,Xylazine,12 month-ending,12/31/2020,31,
01/04/2026,2021,1,Region 6,Xylazine,12 month-ending,01/31/2021,32,
01/04/2026,2021,2,Region 6,Xylazine,12 month-ending,02/28/2021,34,
01/04/2026,2021,3,Region 6,Xylazine,12 month-ending,03/31/2021,42,
01/04/2026,2021,4,Region 6,Xylazine,12 month-ending,04/30/2021,46,
01/04/2026,2021,5,Region 6,Xylazine,12 month-ending,05/31/2021,49,
01/04/2026,2021,6,Region 6,Xylazine,12 month-ending,06/30/2021,50,
01/04/2026,2021,7,Region 6,Xylazine,12 month-ending,07/31/2021,53,
01/04/2026,2021,8,Region 6,Xylazine,12 month-ending,08/31/2021,56,
01/04/2026,2021,9,Region 6,Xylazine,12 month-ending,09/30/2021,57,
01/04/2026,2021,10,Region 6,Xylazine,12 month-ending,10/31/2021,62,
01/04/2026,2021,11,Region 6,Xylazine,12 month-ending,11/30/2021,60,
01/04/2026,2021,12,Region 6,Xylazine,12 month-ending,12/31/2021,56,
01/04/2026,2022,1,Region 6,Xylazine,12 month-ending,01/31/2022,53,
01/04/2026,2022,2,Region 6,Xylazine,12 month-ending,02/28/2022,51,
01/04/2026,2022,3,Region 6,Xylazine,12 month-ending,03/31/2022,51,
01/04/2026,2022,4,Region 6,Xylazine,12 month-ending,04/30/2022,49,
01/04/2026,2022,5,Region 6,Xylazine,12 month-ending,05/31/2022,49,
01/04/2026,2022,6,Region 6,Xylazine,12 month-ending,06/30/2022,47,
01/04/2026,2022,7,Region 6,Xylazine,12 month-ending,07/31/2022,51,
01/04/2026,2022,8,Region 6,Xylazine,12 month-ending,08/31/2022,51,
01/04/2026,2022,9,Region 6,Xylazine,12 month-ending,09/30/2022,48,
01/04/2026,2022,10,Region 6,Xylazine,12 month-ending,10/31/2022,48,
01/04/2026,2022,11,Region 6,Xylazine,12 month-ending,11/30/2022,51,
01/04/2026,2022,12,Region 6,Xylazine,12 month-ending,12/31/2022,49,
01/04/2026,2023,1,Region 6,Xylazine,12 month-ending,01/31/2023,52,
01/04/2026,2023,2,Region 6,Xylazine,12 month-ending,02/28/2023,58,
01/04/2026,2023,3,Region 6,Xylazine,12 month-ending,03/31/2023,54,
01/04/2026,2023,4,Region 6,Xylazine,12 month-ending,04/30/2023,49,
01/04/2026,2023,5,Region 6,Xylazine,12 month-ending,05/31/2023,49,
01/04/2026,2023,6,Region 6,Xylazine,12 month-ending,06/30/2023,51,
01/04/2026,2023,7,Region 6,Xylazine,12 month-ending,07/31/2023,48,
01/04/2026,2023,8,Region 6,Xylazine,12 month-ending,08/31/2023,49,
01/04/2026,2023,9,Region 6,Xylazine,12 month-ending,09/30/2023,49,
01/04/2026,2023,10,Region 6,Xylazine,12 month-ending,10/31/2023,45,
01/04/2026,2023,11,Region 6,Xylazine,12 month-ending,11/30/2023,43,
01/04/2026,2023,12,Region 6,Xylazine,12 month-ending,12/31/2023,44,
01/04/2026,2024,1,Region 6,Xylazine,12 month-ending,01/31/2024,42,
01/04/2026,2024,2,Region 6,Xylazine,12 month-ending,02/29/2024,38,
01/04/2026,2024,3,Region 6,Xylazine,12 month-ending,03/31/2024,39,
01/04/2026,2024,4,Region 6,Xylazine,12 month-ending,04/30/2024,43,
01/04/2026,2024,5,Region 6,Xylazine,12 month-ending,05/31/2024,47,
01/04/2026,2024,6,Region 6,Xylazine,12 month-ending,06/30/2024,53,
01/04/2026,2024,7,Region 6,Xylazine,12 month-ending,07/31/2024,54,
01/04/2026,2024,8,Region 6,Xylazine,12 month-ending,08/31/2024,56,
01/04/2026,2024,9,Region 6,Xylazine,12 month-ending,09/30/2024,58,
01/04/2026,2024,10,Region 6,Xylazine,12 month-ending,10/31/2024,66,
01/04/2026,2024,11,Region 6,Xylazine,12 month-ending,11/30/2024,79,
01/04/2026,2024,12,Region 6,Xylazine,12 month-ending,12/31/2024,91,
01/04/2026,2025,1,Region 6,Xylazine,12 month-ending,01/31/2025,90,
01/04/2026,2025,2,Region 6,Xylazine,12 month-ending,02/28/2025,86,
01/04/2026,2025,3,Region 6,Xylazine,12 month-ending,03/31/2025,85,
01/04/2026,2025,4,Region 6,Xylazine,12 month-ending,04/30/2025,87,
01/04/2026,2025,5,Region 6,Xylazine,12 month-ending,05/31/2025,85,
01/04/2026,2025,6,Region 6,Xylazine,12 month-ending,06/30/2025,79,
01/04/2026,2019,1,Region 7,Xylazine,12 month-ending,01/31/2019,0,
01/04/2026,2019,2,Region 7,Xylazine,12 month-ending,02/28/2019,0,
01/04/2026,2019,3,Region 7,Xylazine,12 month-ending,03/31/2019,,Death counts between 1-9 are suppressed.
01/04/2026,2019,4,Region 7,Xylazine,12 month-ending,04/30/2019,,Death counts between 1-9 are suppressed.
01/04/2026,2019,5,Region 7,Xylazine,12 month-ending,05/31/2019,,Death counts between 1-9 are suppressed.
01/04/2026,2019,6,Region 7,Xylazine,12 month-ending,06/30/2019,,Death counts between 1-9 are suppressed.
01/04/2026,2019,7,Region 7,Xylazine,12 month-ending,07/31/2019,,Death counts between 1-9 are suppressed.
01/04/2026,2019,8,Region 7,Xylazine,12 month-ending,08/31/2019,,Death counts between 1-9 are suppressed.
01/04/2026,2019,9,Region 7,Xylazine,12 month-ending,09/30/2019,,Death counts between 1-9 are suppressed.
01/04/2026,2019,10,Region 7,Xylazine,12 month-ending,10/31/2019,,Death counts between 1-9 are suppressed.
01/04/2026,2019,11,Region 7,Xylazine,12 month-ending,11/30/2019,,Death counts between 1-9 are suppressed.
01/04/2026,2019,12,Region 7,Xylazine,12 month-ending,12/31/2019,,Death counts between 1-9 are suppressed.
01/04/2026,2020,1,Region 7,Xylazine,12 month-ending,01/31/2020,,Death counts between 1-9 are suppressed.
01/04/2026,2020,2,Region 7,Xylazine,12 month-ending,02/29/2020,,Death counts between 1-9 are suppressed.
01/04/2026,2020,3,Region 7,Xylazine,12 month-ending,03/31/2020,,Death counts between 1-9 are suppressed.
01/04/2026,2020,4,Region 7,Xylazine,12 month-ending,04/30/2020,,Death counts between 1-9 are suppressed.
01/04/2026,2020,5,Region 7,Xylazine,12 month-ending,05/31/2020,,Death counts between 1-9 are suppressed.
01/04/2026,2020,6,Region 7,Xylazine,12 month-ending,06/30/2020,,Death counts between 1-9 are suppressed.
01/04/2026,2020,7,Region 7,Xylazine,12 month-ending,07/31/2020,,Death counts between 1-9 are suppressed.
01/04/2026,2020,8,Region 7,Xylazine,12 month-ending,08/31/2020,,Death counts between 1-9 are suppressed.
01/04/2026,2020,9,Region 7,Xylazine,12 month-ending,09/30/2020,,Death counts between 1-9 are suppressed.
01/04/2026,2020,10,Region 7,Xylazine,12 month-ending,10/31/2020,,Death counts between 1-9 are suppressed.
01/04/2026,2020,11,Region 7,Xylazine,12 month-ending,11/30/2020,,Death counts between 1-9 are suppressed.
01/04/2026,2020,12,Region 7,Xylazine,12 month-ending,12/31/2020,,Death counts between 1-9 are suppressed.
01/04/2026,2021,1,Region 7,Xylazine,12 month-ending,01/31/2021,,Death counts between 1-9 are suppressed.
01/04/2026,2021,2,Region 7,Xylazine,12 month-ending,02/28/2021,0,
01/04/2026,2021,3,Region 7,Xylazine,12 month-ending,03/31/2021,0,
01/04/2026,2021,4,Region 7,Xylazine,12 month-ending,04/30/2021,0,
01/04/2026,2021,5,Region 7,Xylazine,12 month-ending,05/31/2021,0,
01/04/2026,2021,6,Region 7,Xylazine,12 month-ending,06/30/2021,,Death counts between 1-9 are suppressed.
01/04/2026,2021,7,Region 7,Xylazine,12 month-ending,07/31/2021,,Death counts between 1-9 are suppressed.
01/04/2026,2021,8,Region 7,Xylazine,12 month-ending,08/31/2021,11,
01/04/2026,2021,9,Region 7,Xylazine,12 month-ending,09/30/2021,22,
01/04/2026,2021,10,Region 7,Xylazine,12 month-ending,10/31/2021,31,
01/04/2026,2021,11,Region 7,Xylazine,12 month-ending,11/30/2021,39,
01/04/2026,2021,12,Region 7,Xylazine,12 month-ending,12/31/2021,44,
01/04/2026,2022,1,Region 7,Xylazine,12 month-ending,01/31/2022,52,
01/04/2026,2022,2,Region 7,Xylazine,12 month-ending,02/28/2022,61,
01/04/2026,2022,3,Region 7,Xylazine,12 month-ending,03/31/2022,67,
01/04/2026,2022,4,Region 7,Xylazine,12 month-ending,04/30/2022,81,
01/04/2026,2022,5,Region 7,Xylazine,12 month-ending,05/31/2022,92,
01/04/2026,2022,6,Region 7,Xylazine,12 month-ending,06/30/2022,105,
01/04/2026,2022,7,Region 7,Xylazine,12 month-ending,07/31/2022,118,
01/04/2026,2022,8,Region 7,Xylazine,12 month-ending,08/31/2022,122,
01/04/2026,2022,9,Region 7,Xylazine,12 month-ending,09/30/2022,119,
01/04/2026,2022,10,Region 7,Xylazine,12 month-ending,10/31/2022,122,
01/04/2026,2022,11,Region 7,Xylazine,12 month-ending,11/30/2022,120,
01/04/2026,2022,12,Region 7,Xylazine,12 month-ending,12/31/2022,129,
01/04/2026,2023,1,Region 7,Xylazine,12 month-ending,01/31/2023,137,
01/04/2026,2023,2,Region 7,Xylazine,12 month-ending,02/28/2023,137,
01/04/2026,2023,3,Region 7,Xylazine,12 month-ending,03/31/2023,153,
01/04/2026,2023,4,Region 7,Xylazine,12 month-ending,04/30/2023,165,
01/04/2026,2023,5,Region 7,Xylazine,12 month-ending,05/31/2023,177,
01/04/2026,2023,6,Region 7,Xylazine,12 month-ending,06/30/2023,186,
01/04/2026,2023,7,Region 7,Xylazine,12 month-ending,07/31/2023,192,
01/04/2026,2023,8,Region 7,Xylazine,12 month-ending,08/31/2023,198,
01/04/2026,2023,9,Region 7,Xylazine,12 month-ending,09/30/2023,214,
01/04/2026,2023,10,Region 7,Xylazine,12 month-ending,10/31/2023,215,
01/04/2026,2023,11,Region 7,Xylazine,12 month-ending,11/30/2023,229,
01/04/2026,2023,12,Region 7,Xylazine,12 month-ending,12/31/2023,231,
01/04/2026,2024,1,Region 7,Xylazine,12 month-ending,01/31/2024,238,
01/04/2026,2024,2,Region 7,Xylazine,12 month-ending,02/29/2024,252,
01/04/2026,2024,3,Region 7,Xylazine,12 month-ending,03/31/2024,257,
01/04/2026,2024,4,Region 7,Xylazine,12 month-ending,04/30/2024,248,
01/04/2026,2024,5,Region 7,Xylazine,12 month-ending,05/31/2024,247,
01/04/2026,2024,6,Region 7,Xylazine,12 month-ending,06/30/2024,245,
01/04/2026,2024,7,Region 7,Xylazine,12 month-ending,07/31/2024,248,
01/04/2026,2024,8,Region 7,Xylazine,12 month-ending,08/31/2024,247,
01/04/2026,2024,9,Region 7,Xylazine,12 month-ending,09/30/2024,233,
01/04/2026,2024,10,Region 7,Xylazine,12 month-ending,10/31/2024,234,
01/04/2026,2024,11,Region 7,Xylazine,12 month-ending,11/30/2024,228,
01/04/2026,2024,12,Region 7,Xylazine,12 month-ending,12/31/2024,229,
01/04/2026,2025,1,Region 7,Xylazine,12 month-ending,01/31/2025,222,
01/04/2026,2025,2,Region 7,Xylazine,12 month-ending,02/28/2025,214,
01/04/2026,2025,3,Region 7,Xylazine,12 month-ending,03/31/2025,199,
01/04/2026,2025,4,Region 7,Xylazine,12 month-ending,04/30/2025,193,
01/04/2026,2025,5,Region 7,Xylazine,12 month-ending,05/31/2025,175,
01/04/2026,2025,6,Region 7,Xylazine,12 month-ending,06/30/2025,161,
01/04/2026,2019,1,Region 8,Xylazine,12 month-ending,01/31/2019,0,
01/04/2026,2019,2,Region 8,Xylazine,12 month-ending,02/28/2019,0,
01/04/2026,2019,3,Region 8,Xylazine,12 month-ending,03/31/2019,0,
01/04/2026,2019,4,Region 8,Xylazine,12 month-ending,04/30/2019,0,
01/04/2026,2019,5,Region 8,Xylazine,12 month-ending,05/31/2019,0,
01/04/2026,2019,6,Region 8,Xylazine,12 month-ending,06/30/2019,0,
01/04/2026,2019,7,Region 8,Xylazine,12 month-ending,07/31/2019,0,
01/04/2026,2019,8,Region 8,Xylazine,12 month-ending,08/31/2019,0,
01/04/2026,2019,9,Region 8,Xylazine,12 month-ending,09/30/2019,0,
01/04/2026,2019,10,Region 8,Xylazine,12 month-ending,10/31/2019,0,
01/04/2026,2019,11,Region 8,Xylazine,12 month-ending,11/30/2019,0,
01/04/2026,2019,12,Region 8,Xylazine,12 month-ending,12/31/2019,0,
01/04/2026,2020,1,Region 8,Xylazine,12 month-ending,01/31/2020,0,
01/04/2026,2020,2,Region 8,Xylazine,12 month-ending,02/29/2020,0,
01/04/2026,2020,3,Region 8,Xylazine,12 month-ending,03/31/2020,0,
01/04/2026,2020,4,Region 8,Xylazine,12 month-ending,04/30/2020,0,
01/04/2026,2020,5,Region 8,Xylazine,12 month-ending,05/31/2020,0,
01/04/2026,2020,6,Region 8,Xylazine,12 month-ending,06/30/2020,0,
01/04/2026,2020,7,Region 8,Xylazine,12 month-ending,07/31/2020,0,
01/04/2026,2020,8,Region 8,Xylazine,12 month-ending,08/31/2020,0,
01/04/2026,2020,9,Region 8,Xylazine,12 month-ending,09/30/2020,0,
01/04/2026,2020,10,Region 8,Xylazine,12 month-ending,10/31/2020,0,
01/04/2026,2020,11,Region 8,Xylazine,12 month-ending,11/30/2020,0,
01/04/2026,2020,12,Region 8,Xylazine,12 month-ending,12/31/2020,0,
01/04/2026,2021,1,Region 8,Xylazine,12 month-ending,01/31/2021,0,
01/04/2026,2021,2,Region 8,Xylazine,12 month-ending,02/28/2021,0,
01/04/2026,2021,3,Region 8,Xylazine,12 month-ending,03/31/2021,,Death counts between 1-9 are suppressed.
01/04/2026,2021,4,Region 8,Xylazine,12 month-ending,04/30/2021,,Death counts between 1-9 are suppressed.
01/04/2026,2021,5,Region 8,Xylazine,12 month-ending,05/31/2021,,Death counts between 1-9 are suppressed.
01/04/2026,2021,6,Region 8,Xylazine,12 month-ending,06/30/2021,,Death counts between 1-9 are suppressed.
01/04/2026,2021,7,Region 8,Xylazine,12 month-ending,07/31/2021,,Death counts between 1-9 are suppressed.
01/04/2026,2021,8,Region 8,Xylazine,12 month-ending,08/31/2021,,Death counts between 1-9 are suppressed.
01/04/2026,2021,9,Region 8,Xylazine,12 month-ending,09/30/2021,,Death counts between 1-9 are suppressed.
01/04/2026,2021,10,Region 8,Xylazine,12 month-ending,10/31/2021,,Death counts between 1-9 are suppressed.
01/04/2026,2021,11,Region 8,Xylazine,12 month-ending,11/30/2021,,Death counts between 1-9 are suppressed.
01/04/2026,2021,12,Region 8,Xylazine,12 month-ending,12/31/2021,,Death counts between 1-9 are suppressed.
01/04/2026,2022,1,Region 8,Xylazine,12 month-ending,01/31/2022,,Death counts between 1-9 are suppressed.
01/04/2026,2022,2,Region 8,Xylazine,12 month-ending,02/28/2022,,Death counts between 1-9 are suppressed.
01/04/2026,2022,3,Region 8,Xylazine,12 month-ending,03/31/2022,,Death counts between 1-9 are suppressed.
01/04/2026,2022,4,Region 8,Xylazine,12 month-ending,04/30/2022,,Death counts between 1-9 are suppressed.
01/04/2026,2022,5,Region 8,Xylazine,12 month-ending,05/31/2022,,Death counts between 1-9 are suppressed.
01/04/2026,2022,6,Region 8,Xylazine,12 month-ending,06/30/2022,,Death counts between 1-9 are suppressed.
01/04/2026,2022,7,Region 8,Xylazine,12 month-ending,07/31/2022,,Death counts between 1-9 are suppressed.
01/04/2026,2022,8,Region 8,Xylazine,12 month-ending,08/31/2022,,Death counts between 1-9 are suppressed.
01/04/2026,2022,9,Region 8,Xylazine,12 month-ending,09/30/2022,,Death counts between 1-9 are suppressed.
01/04/2026,2022,10,Region 8,Xylazine,12 month-ending,10/31/2022,,Death counts between 1-9 are suppressed.
01/04/2026,2022,11,Region 8,Xylazine,12 month-ending,11/30/2022,,Death counts between 1-9 are suppressed.
01/04/2026,2022,12,Region 8,Xylazine,12 month-ending,12/31/2022,,Death counts between 1-9 are suppressed.
01/04/2026,2023,1,Region 8,Xylazine,12 month-ending,01/31/2023,,Death counts between 1-9 are suppressed.
01/04/2026,2023,2,Region 8,Xylazine,12 month-ending,02/28/2023,,Death counts between 1-9 are suppressed.
01/04/2026,2023,3,Region 8,Xylazine,12 month-ending,03/31/2023,,Death counts between 1-9 are suppressed.
01/04/2026,2023,4,Region 8,Xylazine,12 month-ending,04/30/2023,,Death counts between 1-9 are suppressed.
01/04/2026,2023,5,Region 8,Xylazine,12 month-ending,05/31/2023,,Death counts between 1-9 are suppressed.
01/04/2026,2023,6,Region 8,Xylazine,12 month-ending,06/30/2023,,Death counts between 1-9 are suppressed.
01/04/2026,2023,7,Region 8,Xylazine,12 month-ending,07/31/2023,,Death counts between 1-9 are suppressed.
01/04/2026,2023,8,Region 8,Xylazine,12 month-ending,08/31/2023,,Death counts between 1-9 are suppressed.
01/04/2026,2023,9,Region 8,Xylazine,12 month-ending,09/30/2023,11,
01/04/2026,2023,10,Region 8,Xylazine,12 month-ending,10/31/2023,13,
01/04/2026,2023,11,Region 8,Xylazine,12 month-ending,11/30/2023,12,
01/04/2026,2023,12,Region 8,Xylazine,12 month-ending,12/31/2023,13,
01/04/2026,2024,1,Region 8,Xylazine,12 month-ending,01/31/2024,15,
01/04/2026,2024,2,Region 8,Xylazine,12 month-ending,02/29/2024,17,
01/04/2026,2024,3,Region 8,Xylazine,12 month-ending,03/31/2024,19,
01/04/2026,2024,4,Region 8,Xylazine,12 month-ending,04/30/2024,20,
01/04/2026,2024,5,Region 8,Xylazine,12 month-ending,05/31/2024,22,
01/04/2026,2024,6,Region 8,Xylazine,12 month-ending,06/30/2024,23,
01/04/2026,2024,7,Region 8,Xylazine,12 month-ending,07/31/2024,24,
01/04/2026,2024,8,Region 8,Xylazine,12 month-ending,08/31/2024,24,
01/04/2026,2024,9,Region 8,Xylazine,12 month-ending,09/30/2024,24,
01/04/2026,2024,10,Region 8,Xylazine,12 month-ending,10/31/2024,22,
01/04/2026,2024,11,Region 8,Xylazine,12 month-ending,11/30/2024,25,
01/04/2026,2024,12,Region 8,Xylazine,12 month-ending,12/31/2024,24,
01/04/2026,2025,1,Region 8,Xylazine,12 month-ending,01/31/2025,25,
01/04/2026,2025,2,Region 8,Xylazine,12 month-ending,02/28/2025,23,
01/04/2026,2025,3,Region 8,Xylazine,12 month-ending,03/31/2025,21,
01/04/2026,2025,4,Region 8,Xylazine,12 month-ending,04/30/2025,20,
01/04/2026,2025,5,Region 8,Xylazine,12 month-ending,05/31/2025,17,
01/04/2026,2025,6,Region 8,Xylazine,12 month-ending,06/30/2025,16,
01/04/2026,2019,1,Region 9,Xylazine,12 month-ending,01/31/2019,,Death counts between 1-9 are suppressed.
01/04/2026,2019,2,Region 9,Xylazine,12 month-ending,02/28/2019,,Death counts between 1-9 are suppressed.
01/04/2026,2019,3,Region 9,Xylazine,12 month-ending,03/31/2019,,Death counts between 1-9 are suppressed.
01/04/2026,2019,4,Region 9,Xylazine,12 month-ending,04/30/2019,,Death counts between 1-9 are suppressed.
01/04/2026,2019,5,Region 9,Xylazine,12 month-ending,05/31/2019,,Death counts between 1-9 are suppressed.
01/04/2026,2019,6,Region 9,Xylazine,12 month-ending,06/30/2019,,Death counts between 1-9 are suppressed.
01/04/2026,2019,7,Region 9,Xylazine,12 month-ending,07/31/2019,,Death counts between 1-9 are suppressed.
01/04/2026,2019,8,Region 9,Xylazine,12 month-ending,08/31/2019,,Death counts between 1-9 are suppressed.
01/04/2026,2019,9,Region 9,Xylazine,12 month-ending,09/30/2019,,Death counts between 1-9 are suppressed.
01/04/2026,2019,10,Region 9,Xylazine,12 month-ending,10/31/2019,,Death counts between 1-9 are suppressed.
01/04/2026,2019,11,Region 9,Xylazine,12 month-ending,11/30/2019,10,
01/04/2026,2019,12,Region 9,Xylazine,12 month-ending,12/31/2019,10,
01/04/2026,2020,1,Region 9,Xylazine,12 month-ending,01/31/2020,10,
01/04/2026,2020,2,Region 9,Xylazine,12 month-ending,02/29/2020,13,
01/04/2026,2020,3,Region 9,Xylazine,12 month-ending,03/31/2020,15,
01/04/2026,2020,4,Region 9,Xylazine,12 month-ending,04/30/2020,15,
01/04/2026,2020,5,Region 9,Xylazine,12 month-ending,05/31/2020,14,
01/04/2026,2020,6,Region 9,Xylazine,12 month-ending,06/30/2020,11,
01/04/2026,2020,7,Region 9,Xylazine,12 month-ending,07/31/2020,12,
01/04/2026,2020,8,Region 9,Xylazine,12 month-ending,08/31/2020,13,
01/04/2026,2020,9,Region 9,Xylazine,12 month-ending,09/30/2020,13,
01/04/2026,2020,10,Region 9,Xylazine,12 month-ending,10/31/2020,11,
01/04/2026,2020,11,Region 9,Xylazine,12 month-ending,11/30/2020,11,
01/04/2026,2020,12,Region 9,Xylazine,12 month-ending,12/31/2020,13,
01/04/2026,2021,1,Region 9,Xylazine,12 month-ending,01/31/2021,13,
01/04/2026,2021,2,Region 9,Xylazine,12 month-ending,02/28/2021,14,
01/04/2026,2021,3,Region 9,Xylazine,12 month-ending,03/31/2021,14,
01/04/2026,2021,4,Region 9,Xylazine,12 month-ending,04/30/2021,14,
01/04/2026,2021,5,Region 9,Xylazine,12 month-ending,05/31/2021,14,
01/04/2026,2021,6,Region 9,Xylazine,12 month-ending,06/30/2021,18,
01/04/2026,2021,7,Region 9,Xylazine,12 month-ending,07/31/2021,17,
01/04/2026,2021,8,Region 9,Xylazine,12 month-ending,08/31/2021,16,
01/04/2026,2021,9,Region 9,Xylazine,12 month-ending,09/30/2021,18,
01/04/2026,2021,10,Region 9,Xylazine,12 month-ending,10/31/2021,19,
01/04/2026,2021,11,Region 9,Xylazine,12 month-ending,11/30/2021,18,
01/04/2026,2021,12,Region 9,Xylazine,12 month-ending,12/31/2021,18,
01/04/2026,2022,1,Region 9,Xylazine,12 month-ending,01/31/2022,20,
01/04/2026,2022,2,Region 9,Xylazine,12 month-ending,02/28/2022,18,
01/04/2026,2022,3,Region 9,Xylazine,12 month-ending,03/31/2022,18,
01/04/2026,2022,4,Region 9,Xylazine,12 month-ending,04/30/2022,20,
01/04/2026,2022,5,Region 9,Xylazine,12 month-ending,05/31/2022,21,
01/04/2026,2022,6,Region 9,Xylazine,12 month-ending,06/30/2022,20,
01/04/2026,2022,7,Region 9,Xylazine,12 month-ending,07/31/2022,23,
01/04/2026,2022,8,Region 9,Xylazine,12 month-ending,08/31/2022,26,
01/04/2026,2022,9,Region 9,Xylazine,12 month-ending,09/30/2022,25,
01/04/2026,2022,10,Region 9,Xylazine,12 month-ending,10/31/2022,26,
01/04/2026,2022,11,Region 9,Xylazine,12 month-ending,11/30/2022,30,
01/04/2026,2022,12,Region 9,Xylazine,12 month-ending,12/31/2022,35,
01/04/2026,2023,1,Region 9,Xylazine,12 month-ending,01/31/2023,37,
01/04/2026,2023,2,Region 9,Xylazine,12 month-ending,02/28/2023,39,
01/04/2026,2023,3,Region 9,Xylazine,12 month-ending,03/31/2023,39,
01/04/2026,2023,4,Region 9,Xylazine,12 month-ending,04/30/2023,45,
01/04/2026,2023,5,Region 9,Xylazine,12 month-ending,05/31/2023,53,
01/04/2026,2023,6,Region 9,Xylazine,12 month-ending,06/30/2023,57,
01/04/2026,2023,7,Region 9,Xylazine,12 month-ending,07/31/2023,70,
01/04/2026,2023,8,Region 9,Xylazine,12 month-ending,08/31/2023,79,
01/04/2026,2023,9,Region 9,Xylazine,12 month-ending,09/30/2023,87,
01/04/2026,2023,10,Region 9,Xylazine,12 month-ending,10/31/2023,96,
01/04/2026,2023,11,Region 9,Xylazine,12 month-ending,11/30/2023,103,
01/04/2026,2023,12,Region 9,Xylazine,12 month-ending,12/31/2023,106,
01/04/2026,2024,1,Region 9,Xylazine,12 month-ending,01/31/2024,113,
01/04/2026,2024,2,Region 9,Xylazine,12 month-ending,02/29/2024,116,
01/04/2026,2024,3,Region 9,Xylazine,12 month-ending,03/31/2024,126,
01/04/2026,2024,4,Region 9,Xylazine,12 month-ending,04/30/2024,132,
01/04/2026,2024,5,Region 9,Xylazine,12 month-ending,05/31/2024,140,
01/04/2026,2024,6,Region 9,Xylazine,12 month-ending,06/30/2024,150,
01/04/2026,2024,7,Region 9,Xylazine,12 month-ending,07/31/2024,163,
01/04/2026,2024,8,Region 9,Xylazine,12 month-ending,08/31/2024,166,
01/04/2026,2024,9,Region 9,Xylazine,12 month-ending,09/30/2024,178,
01/04/2026,2024,10,Region 9,Xylazine,12 month-ending,10/31/2024,177,
01/04/2026,2024,11,Region 9,Xylazine,12 month-ending,11/30/2024,177,
01/04/2026,2024,12,Region 9,Xylazine,12 month-ending,12/31/2024,180,
01/04/2026,2025,1,Region 9,Xylazine,12 month-ending,01/31/2025,178,
01/04/2026,2025,2,Region 9,Xylazine,12 month-ending,02/28/2025,179,
01/04/2026,2025,3,Region 9,Xylazine,12 month-ending,03/31/2025,169,
01/04/2026,2025,4,Region 9,Xylazine,12 month-ending,04/30/2025,158,
01/04/2026,2025,5,Region 9,Xylazine,12 month-ending,05/31/2025,148,
01/04/2026,2025,6,Region 9,Xylazine,12 month-ending,06/30/2025,137,
01/04/2026,2019,1,Region 10,Xylazine,12 month-ending,01/31/2019,,Death counts between 1-9 are suppressed.
01/04/2026,2019,2,Region 10,Xylazine,12 month-ending,02/28/2019,,Death counts between 1-9 are suppressed.
01/04/2026,2019,3,Region 10,Xylazine,12 month-ending,03/31/2019,,Death counts between 1-9 are suppressed.
01/04/2026,2019,4,Region 10,Xylazine,12 month-ending,04/30/2019,,Death counts between 1-9 are suppressed.
01/04/2026,2019,5,Region 10,Xylazine,12 month-ending,05/31/2019,,Death counts between 1-9 are suppressed.
01/04/2026,2019,6,Region 10,Xylazine,12 month-ending,06/30/2019,,Death counts between 1-9 are suppressed.
01/04/2026,2019,7,Region 10,Xylazine,12 month-ending,07/31/2019,,Death counts between 1-9 are suppressed.
01/04/2026,2019,8,Region 10,Xylazine,12 month-ending,08/31/2019,,Death counts between 1-9 are suppressed.
01/04/2026,2019,9,Region 10,Xylazine,12 month-ending,09/30/2019,,Death counts between 1-9 are suppressed.
01/04/2026,2019,10,Region 10,Xylazine,12 month-ending,10/31/2019,,Death counts between 1-9 are suppressed.
01/04/2026,2019,11,Region 10,Xylazine,12 month-ending,11/30/2019,,Death counts between 1-9 are suppressed.
01/04/2026,2019,12,Region 10,Xylazine,12 month-ending,12/31/2019,,Death counts between 1-9 are suppressed.
01/04/2026,2020,1,Region 10,Xylazine,12 month-ending,01/31/2020,,Death counts between 1-9 are suppressed.
01/04/2026,2020,2,Region 10,Xylazine,12 month-ending,02/29/2020,,Death counts between 1-9 are suppressed.
01/04/2026,2020,3,Region 10,Xylazine,12 month-ending,03/31/2020,,Death counts between 1-9 are suppressed.
01/04/2026,2020,4,Region 10,Xylazine,12 month-ending,04/30/2020,,Death counts between 1-9 are suppressed.
01/04/2026,2020,5,Region 10,Xylazine,12 month-ending,05/31/2020,,Death counts between 1-9 are suppressed.
01/04/2026,2020,6,Region 10,Xylazine,12 month-ending,06/30/2020,,Death counts between 1-9 are suppressed.
01/04/2026,2020,7,Region 10,Xylazine,12 month-ending,07/31/2020,,Death counts between 1-9 are suppressed.
01/04/2026,2020,8,Region 10,Xylazine,12 month-ending,08/31/2020,,Death counts between 1-9 are suppressed.
01/04/2026,2020,9,Region 10,Xylazine,12 month-ending,09/30/2020,,Death counts between 1-9 are suppressed.
01/04/2026,2020,10,Region 10,Xylazine,12 month-ending,10/31/2020,,Death counts between 1-9 are suppressed.
01/04/2026,2020,11,Region 10,Xylazine,12 month-ending,11/30/2020,,Death counts between 1-9 are suppressed.
01/04/2026,2020,12,Region 10,Xylazine,12 month-ending,12/31/2020,,Death counts between 1-9 are suppressed.
01/04/2026,2021,1,Region 10,Xylazine,12 month-ending,01/31/2021,,Death counts between 1-9 are suppressed.
01/04/2026,2021,2,Region 10,Xylazine,12 month-ending,02/28/2021,,Death counts between 1-9 are suppressed.
01/04/2026,2021,3,Region 10,Xylazine,12 month-ending,03/31/2021,,Death counts between 1-9 are suppressed.
01/04/2026,2021,4,Region 10,Xylazine,12 month-ending,04/30/2021,,Death counts between 1-9 are suppressed.
01/04/2026,2021,5,Region 10,Xylazine,12 month-ending,05/31/2021,,Death counts between 1-9 are suppressed.
01/04/2026,2021,6,Region 10,Xylazine,12 month-ending,06/30/2021,,Death counts between 1-9 are suppressed.
01/04/2026,2021,7,Region 10,Xylazine,12 month-ending,07/31/2021,,Death counts between 1-9 are suppressed.
01/04/2026,2021,8,Region 10,Xylazine,12 month-ending,08/31/2021,,Death counts between 1-9 are suppressed.
01/04/2026,2021,9,Region 10,Xylazine,12 month-ending,09/30/2021,,Death counts between 1-9 are suppressed.
01/04/2026,2021,10,Region 10,Xylazine,12 month-ending,10/31/2021,,Death counts between 1-9 are suppressed.
01/04/2026,2021,11,Region 10,Xylazine,12 month-ending,11/30/2021,,Death counts between 1-9 are suppressed.
01/04/2026,2021,12,Region 10,Xylazine,12 month-ending,12/31/2021,,Death counts between 1-9 are suppressed.
01/04/2026,2022,1,Region 10,Xylazine,12 month-ending,01/31/2022,,Death counts between 1-9 are suppressed.
01/04/2026,2022,2,Region 10,Xylazine,12 month-ending,02/28/2022,,Death counts between 1-9 are suppressed.
01/04/2026,2022,3,Region 10,Xylazine,12 month-ending,03/31/2022,,Death counts between 1-9 are suppressed.
01/04/2026,2022,4,Region 10,Xylazine,12 month-ending,04/30/2022,,Death counts between 1-9 are suppressed.
01/04/2026,2022,5,Region 10,Xylazine,12 month-ending,05/31/2022,,Death counts between 1-9 are suppressed.
01/04/2026,2022,6,Region 10,Xylazine,12 month-ending,06/30/2022,,Death counts between 1-9 are suppressed.
01/04/2026,2022,7,Region 10,Xylazine,12 month-ending,07/31/2022,,Death counts between 1-9 are suppressed.
01/04/2026,2022,8,Region 10,Xylazine,12 month-ending,08/31/2022,,Death counts between 1-9 are suppressed.
01/04/2026,2022,9,Region 10,Xylazine,12 month-ending,09/30/2022,,Death counts between 1-9 are suppressed.
01/04/2026,2022,10,Region 10,Xylazine,12 month-ending,10/31/2022,,Death counts between 1-9 are suppressed.
01/04/2026,2022,11,Region 10,Xylazine,12 month-ending,11/30/2022,,Death counts between 1-9 are suppressed.
01/04/2026,2022,12,Region 10,Xylazine,12 month-ending,12/31/2022,,Death counts between 1-9 are suppressed.
01/04/2026,2023,1,Region 10,Xylazine,12 month-ending,01/31/2023,,Death counts between 1-9 are suppressed.
01/04/2026,2023,2,Region 10,Xylazine,12 month-ending,02/28/2023,,Death counts between 1-9 are suppressed.
01/04/2026,2023,3,Region 10,Xylazine,12 month-ending,03/31/2023,,Death counts between 1-9 are suppressed.
01/04/2026,2023,4,Region 10,Xylazine,12 month-ending,04/30/2023,,Death counts between 1-9 are suppressed.
01/04/2026,2023,5,Region 10,Xylazine,12 month-ending,05/31/2023,15,
01/04/2026,2023,6,Region 10,Xylazine,12 month-ending,06/30/2023,19,
01/04/2026,2023,7,Region 10,Xylazine,12 month-ending,07/31/2023,18,
01/04/2026,2023,8,Region 10,Xylazine,12 month-ending,08/31/2023,22,
01/04/2026,2023,9,Region 10,Xylazine,12 month-ending,09/30/2023,23,
01/04/2026,2023,10,Region 10,Xylazine,12 month-ending,10/31/2023,26,
01/04/2026,2023,11,Region 10,Xylazine,12 month-ending,11/30/2023,27,
01/04/2026,2023,12,Region 10,Xylazine,12 month-ending,12/31/2023,35,
01/04/2026,2024,1,Region 10,Xylazine,12 month-ending,01/31/2024,38,
01/04/2026,2024,2,Region 10,Xylazine,12 month-ending,02/29/2024,45,
01/04/2026,2024,3,Region 10,Xylazine,12 month-ending,03/31/2024,47,
01/04/2026,2024,4,Region 10,Xylazine,12 month-ending,04/30/2024,52,
01/04/2026,2024,5,Region 10,Xylazine,12 month-ending,05/31/2024,51,
01/04/2026,2024,6,Region 10,Xylazine,12 month-ending,06/30/2024,52,
01/04/2026,2024,7,Region 10,Xylazine,12 month-ending,07/31/2024,53,
01/04/2026,2024,8,Region 10,Xylazine,12 month-ending,08/31/2024,52,
01/04/2026,2024,9,Region 10,Xylazine,12 month-ending,09/30/2024,50,
01/04/2026,2024,10,Region 10,Xylazine,12 month-ending,10/31/2024,48,
01/04/2026,2024,11,Region 10,Xylazine,12 month-ending,11/30/2024,49,
01/04/2026,2024,12,Region 10,Xylazine,12 month-ending,12/31/2024,46,
01/04/2026,2025,1,Region 10,Xylazine,12 month-ending,01/31/2025,45,
01/04/2026,2025,2,Region 10,Xylazine,12 month-ending,02/28/2025,37,
01/04/2026,2025,3,Region 10,Xylazine,12 month-ending,03/31/2025,35,
01/04/2026,2025,4,Region 10,Xylazine,12 month-ending,04/30/2025,29,
01/04/2026,2025,5,Region 10,Xylazine,12 month-ending,05/31/2025,25,
01/04/2026,2025,6,Region 10,Xylazine,12 month-ending,06/30/2025,22,
01/04/2026,2019,1,Region 1,Gabapentin,12 month-ending,01/31/2019,44,
01/04/2026,2019,2,Region 1,Gabapentin,12 month-ending,02/28/2019,46,
01/04/2026,2019,3,Region 1,Gabapentin,12 month-ending,03/31/2019,49,
01/04/2026,2019,4,Region 1,Gabapentin,12 month-ending,04/30/2019,52,
01/04/2026,2019,5,Region 1,Gabapentin,12 month-ending,05/31/2019,51,
01/04/2026,2019,6,Region 1,Gabapentin,12 month-ending,06/30/2019,63,
01/04/2026,2019,7,Region 1,Gabapentin,12 month-ending,07/31/2019,85,
01/04/2026,2019,8,Region 1,Gabapentin,12 month-ending,08/31/2019,104,
01/04/2026,2019,9,Region 1,Gabapentin,12 month-ending,09/30/2019,120,
01/04/2026,2019,10,Region 1,Gabapentin,12 month-ending,10/31/2019,140,
01/04/2026,2019,11,Region 1,Gabapentin,12 month-ending,11/30/2019,163,
01/04/2026,2019,12,Region 1,Gabapentin,12 month-ending,12/31/2019,182,
01/04/2026,2020,1,Region 1,Gabapentin,12 month-ending,01/31/2020,204,
01/04/2026,2020,2,Region 1,Gabapentin,12 month-ending,02/29/2020,227,
01/04/2026,2020,3,Region 1,Gabapentin,12 month-ending,03/31/2020,263,
01/04/2026,2020,4,Region 1,Gabapentin,12 month-ending,04/30/2020,301,
01/04/2026,2020,5,Region 1,Gabapentin,12 month-ending,05/31/2020,331,
01/04/2026,2020,6,Region 1,Gabapentin,12 month-ending,06/30/2020,338,
01/04/2026,2020,7,Region 1,Gabapentin,12 month-ending,07/31/2020,349,
01/04/2026,2020,8,Region 1,Gabapentin,12 month-ending,08/31/2020,348,
01/04/2026,2020,9,Region 1,Gabapentin,12 month-ending,09/30/2020,354,
01/04/2026,2020,10,Region 1,Gabapentin,12 month-ending,10/31/2020,355,
01/04/2026,2020,11,Region 1,Gabapentin,12 month-ending,11/30/2020,355,
01/04/2026,2020,12,Region 1,Gabapentin,12 month-ending,12/31/2020,361,
01/04/2026,2021,1,Region 1,Gabapentin,12 month-ending,01/31/2021,378,
01/04/2026,2021,2,Region 1,Gabapentin,12 month-ending,02/28/2021,377,
01/04/2026,2021,3,Region 1,Gabapentin,12 month-ending,03/31/2021,369,
01/04/2026,2021,4,Region 1,Gabapentin,12 month-ending,04/30/2021,357,
01/04/2026,2021,5,Region 1,Gabapentin,12 month-ending,05/31/2021,364,
01/04/2026,2021,6,Region 1,Gabapentin,12 month-ending,06/30/2021,374,
01/04/2026,2021,7,Region 1,Gabapentin,12 month-ending,07/31/2021,375,
01/04/2026,2021,8,Region 1,Gabapentin,12 month-ending,08/31/2021,375,
01/04/2026,2021,9,Region 1,Gabapentin,12 month-ending,09/30/2021,383,
01/04/2026,2021,10,Region 1,Gabapentin,12 month-ending,10/31/2021,386,
01/04/2026,2021,11,Region 1,Gabapentin,12 month-ending,11/30/2021,399,
01/04/2026,2021,12,Region 1,Gabapentin,12 month-ending,12/31/2021,401,
01/04/2026,2022,1,Region 1,Gabapentin,12 month-ending,01/31/2022,379,
01/04/2026,2022,2,Region 1,Gabapentin,12 month-ending,02/28/2022,378,
01/04/2026,2022,3,Region 1,Gabapentin,12 month-ending,03/31/2022,381,
01/04/2026,2022,4,Region 1,Gabapentin,12 month-ending,04/30/2022,384,
01/04/2026,2022,5,Region 1,Gabapentin,12 month-ending,05/31/2022,381,
01/04/2026,2022,6,Region 1,Gabapentin,12 month-ending,06/30/2022,389,
01/04/2026,2022,7,Region 1,Gabapentin,12 month-ending,07/31/2022,390,
01/04/2026,2022,8,Region 1,Gabapentin,12 month-ending,08/31/2022,406,
01/04/2026,2022,9,Region 1,Gabapentin,12 month-ending,09/30/2022,401,
01/04/2026,2022,10,Region 1,Gabapentin,12 month-ending,10/31/2022,428,
01/04/2026,2022,11,Region 1,Gabapentin,12 month-ending,11/30/2022,440,
01/04/2026,2022,12,Region 1,Gabapentin,12 month-ending,12/31/2022,449,
01/04/2026,2023,1,Region 1,Gabapentin,12 month-ending,01/31/2023,453,
01/04/2026,2023,2,Region 1,Gabapentin,12 month-ending,02/28/2023,455,
01/04/2026,2023,3,Region 1,Gabapentin,12 month-ending,03/31/2023,441,
01/04/2026,2023,4,Region 1,Gabapentin,12 month-ending,04/30/2023,436,
01/04/2026,2023,5,Region 1,Gabapentin,12 month-ending,05/31/2023,429,
01/04/2026,2023,6,Region 1,Gabapentin,12 month-ending,06/30/2023,434,
01/04/2026,2023,7,Region 1,Gabapentin,12 month-ending,07/31/2023,433,
01/04/2026,2023,8,Region 1,Gabapentin,12 month-ending,08/31/2023,428,
01/04/2026,2023,9,Region 1,Gabapentin,12 month-ending,09/30/2023,445,
01/04/2026,2023,10,Region 1,Gabapentin,12 month-ending,10/31/2023,424,
01/04/2026,2023,11,Region 1,Gabapentin,12 month-ending,11/30/2023,401,
01/04/2026,2023,12,Region 1,Gabapentin,12 month-ending,12/31/2023,381,
01/04/2026,2024,1,Region 1,Gabapentin,12 month-ending,01/31/2024,381,
01/04/2026,2024,2,Region 1,Gabapentin,12 month-ending,02/29/2024,378,
01/04/2026,2024,3,Region 1,Gabapentin,12 month-ending,03/31/2024,380,
01/04/2026,2024,4,Region 1,Gabapentin,12 month-ending,04/30/2024,374,
01/04/2026,2024,5,Region 1,Gabapentin,12 month-ending,05/31/2024,377,
01/04/2026,2024,6,Region 1,Gabapentin,12 month-ending,06/30/2024,359,
01/04/2026,2024,7,Region 1,Gabapentin,12 month-ending,07/31/2024,346,
01/04/2026,2024,8,Region 1,Gabapentin,12 month-ending,08/31/2024,336,
01/04/2026,2024,9,Region 1,Gabapentin,12 month-ending,09/30/2024,316,
01/04/2026,2024,10,Region 1,Gabapentin,12 month-ending,10/31/2024,311,
01/04/2026,2024,11,Region 1,Gabapentin,12 month-ending,11/30/2024,312,
01/04/2026,2024,12,Region 1,Gabapentin,12 month-ending,12/31/2024,318,
01/04/2026,2025,1,Region 1,Gabapentin,12 month-ending,01/31/2025,321,
01/04/2026,2025,2,Region 1,Gabapentin,12 month-ending,02/28/2025,307,
01/04/2026,2025,3,Region 1,Gabapentin,12 month-ending,03/31/2025,300,
01/04/2026,2025,4,Region 1,Gabapentin,12 month-ending,04/30/2025,282,
01/04/2026,2025,5,Region 1,Gabapentin,12 month-ending,05/31/2025,263,
01/04/2026,2025,6,Region 1,Gabapentin,12 month-ending,06/30/2025,246,
01/04/2026,2019,1,Region 2,Gabapentin,12 month-ending,01/31/2019,176,
01/04/2026,2019,2,Region 2,Gabapentin,12 month-ending,02/28/2019,187,
01/04/2026,2019,3,Region 2,Gabapentin,12 month-ending,03/31/2019,185,
01/04/2026,2019,4,Region 2,Gabapentin,12 month-ending,04/30/2019,184,
01/04/2026,2019,5,Region 2,Gabapentin,12 month-ending,05/31/2019,195,
01/04/2026,2019,6,Region 2,Gabapentin,12 month-ending,06/30/2019,213,
01/04/2026,2019,7,Region 2,Gabapentin,12 month-ending,07/31/2019,234,
01/04/2026,2019,8,Region 2,Gabapentin,12 month-ending,08/31/2019,253,
01/04/2026,2019,9,Region 2,Gabapentin,12 month-ending,09/30/2019,258,
01/04/2026,2019,10,Region 2,Gabapentin,12 month-ending,10/31/2019,260,
01/04/2026,2019,11,Region 2,Gabapentin,12 month-ending,11/30/2019,275,
01/04/2026,2019,12,Region 2,Gabapentin,12 month-ending,12/31/2019,294,
01/04/2026,2020,1,Region 2,Gabapentin,12 month-ending,01/31/2020,303,
01/04/2026,2020,2,Region 2,Gabapentin,12 month-ending,02/29/2020,312,
01/04/2026,2020,3,Region 2,Gabapentin,12 month-ending,03/31/2020,325,
01/04/2026,2020,4,Region 2,Gabapentin,12 month-ending,04/30/2020,343,
01/04/2026,2020,5,Region 2,Gabapentin,12 month-ending,05/31/2020,352,
01/04/2026,2020,6,Region 2,Gabapentin,12 month-ending,06/30/2020,351,
01/04/2026,2020,7,Region 2,Gabapentin,12 month-ending,07/31/2020,367,
01/04/2026,2020,8,Region 2,Gabapentin,12 month-ending,08/31/2020,373,
01/04/2026,2020,9,Region 2,Gabapentin,12 month-ending,09/30/2020,374,
01/04/2026,2020,10,Region 2,Gabapentin,12 month-ending,10/31/2020,364,
01/04/2026,2020,11,Region 2,Gabapentin,12 month-ending,11/30/2020,350,
01/04/2026,2020,12,Region 2,Gabapentin,12 month-ending,12/31/2020,344,
01/04/2026,2021,1,Region 2,Gabapentin,12 month-ending,01/31/2021,343,
01/04/2026,2021,2,Region 2,Gabapentin,12 month-ending,02/28/2021,347,
01/04/2026,2021,3,Region 2,Gabapentin,12 month-ending,03/31/2021,343,
01/04/2026,2021,4,Region 2,Gabapentin,12 month-ending,04/30/2021,343,
01/04/2026,2021,5,Region 2,Gabapentin,12 month-ending,05/31/2021,334,
01/04/2026,2021,6,Region 2,Gabapentin,12 month-ending,06/30/2021,333,
01/04/2026,2021,7,Region 2,Gabapentin,12 month-ending,07/31/2021,327,
01/04/2026,2021,8,Region 2,Gabapentin,12 month-ending,08/31/2021,316,
01/04/2026,2021,9,Region 2,Gabapentin,12 month-ending,09/30/2021,327,
01/04/2026,2021,10,Region 2,Gabapentin,12 month-ending,10/31/2021,337,
01/04/2026,2021,11,Region 2,Gabapentin,12 month-ending,11/30/2021,339,
01/04/2026,2021,12,Region 2,Gabapentin,12 month-ending,12/31/2021,338,
01/04/2026,2022,1,Region 2,Gabapentin,12 month-ending,01/31/2022,344,
01/04/2026,2022,2,Region 2,Gabapentin,12 month-ending,02/28/2022,344,
01/04/2026,2022,3,Region 2,Gabapentin,12 month-ending,03/31/2022,357,
01/04/2026,2022,4,Region 2,Gabapentin,12 month-ending,04/30/2022,346,
01/04/2026,2022,5,Region 2,Gabapentin,12 month-ending,05/31/2022,357,
01/04/2026,2022,6,Region 2,Gabapentin,12 month-ending,06/30/2022,365,
01/04/2026,2022,7,Region 2,Gabapentin,12 month-ending,07/31/2022,356,
01/04/2026,2022,8,Region 2,Gabapentin,12 month-ending,08/31/2022,361,
01/04/2026,2022,9,Region 2,Gabapentin,12 month-ending,09/30/2022,361,
01/04/2026,2022,10,Region 2,Gabapentin,12 month-ending,10/31/2022,365,
01/04/2026,2022,11,Region 2,Gabapentin,12 month-ending,11/30/2022,369,
01/04/2026,2022,12,Region 2,Gabapentin,12 month-ending,12/31/2022,365,
01/04/2026,2023,1,Region 2,Gabapentin,12 month-ending,01/31/2023,359,
01/04/2026,2023,2,Region 2,Gabapentin,12 month-ending,02/28/2023,354,
01/04/2026,2023,3,Region 2,Gabapentin,12 month-ending,03/31/2023,333,
01/04/2026,2023,4,Region 2,Gabapentin,12 month-ending,04/30/2023,343,
01/04/2026,2023,5,Region 2,Gabapentin,12 month-ending,05/31/2023,344,
01/04/2026,2023,6,Region 2,Gabapentin,12 month-ending,06/30/2023,340,
01/04/2026,2023,7,Region 2,Gabapentin,12 month-ending,07/31/2023,340,
01/04/2026,2023,8,Region 2,Gabapentin,12 month-ending,08/31/2023,339,
01/04/2026,2023,9,Region 2,Gabapentin,12 month-ending,09/30/2023,327,
01/04/2026,2023,10,Region 2,Gabapentin,12 month-ending,10/31/2023,312,
01/04/2026,2023,11,Region 2,Gabapentin,12 month-ending,11/30/2023,298,
01/04/2026,2023,12,Region 2,Gabapentin,12 month-ending,12/31/2023,296,
01/04/2026,2024,1,Region 2,Gabapentin,12 month-ending,01/31/2024,296,
01/04/2026,2024,2,Region 2,Gabapentin,12 month-ending,02/29/2024,299,
01/04/2026,2024,3,Region 2,Gabapentin,12 month-ending,03/31/2024,308,
01/04/2026,2024,4,Region 2,Gabapentin,12 month-ending,04/30/2024,302,
01/04/2026,2024,5,Region 2,Gabapentin,12 month-ending,05/31/2024,298,
01/04/2026,2024,6,Region 2,Gabapentin,12 month-ending,06/30/2024,295,
01/04/2026,2024,7,Region 2,Gabapentin,12 month-ending,07/31/2024,293,
01/04/2026,2024,8,Region 2,Gabapentin,12 month-ending,08/31/2024,296,
01/04/2026,2024,9,Region 2,Gabapentin,12 month-ending,09/30/2024,301,
01/04/2026,2024,10,Region 2,Gabapentin,12 month-ending,10/31/2024,304,
01/04/2026,2024,11,Region 2,Gabapentin,12 month-ending,11/30/2024,309,
01/04/2026,2024,12,Region 2,Gabapentin,12 month-ending,12/31/2024,314,
01/04/2026,2025,1,Region 2,Gabapentin,12 month-ending,01/31/2025,319,
01/04/2026,2025,2,Region 2,Gabapentin,12 month-ending,02/28/2025,310,
01/04/2026,2025,3,Region 2,Gabapentin,12 month-ending,03/31/2025,303,
01/04/2026,2025,4,Region 2,Gabapentin,12 month-ending,04/30/2025,311,
01/04/2026,2025,5,Region 2,Gabapentin,12 month-ending,05/31/2025,308,
01/04/2026,2025,6,Region 2,Gabapentin,12 month-ending,06/30/2025,305,
01/04/2026,2019,1,Region 3,Gabapentin,12 month-ending,01/31/2019,226,
01/04/2026,2019,2,Region 3,Gabapentin,12 month-ending,02/28/2019,231,
01/04/2026,2019,3,Region 3,Gabapentin,12 month-ending,03/31/2019,236,
01/04/2026,2019,4,Region 3,Gabapentin,12 month-ending,04/30/2019,239,
01/04/2026,2019,5,Region 3,Gabapentin,12 month-ending,05/31/2019,228,
01/04/2026,2019,6,Region 3,Gabapentin,12 month-ending,06/30/2019,226,
01/04/2026,2019,7,Region 3,Gabapentin,12 month-ending,07/31/2019,231,
01/04/2026,2019,8,Region 3,Gabapentin,12 month-ending,08/31/2019,233,
01/04/2026,2019,9,Region 3,Gabapentin,12 month-ending,09/30/2019,229,
01/04/2026,2019,10,Region 3,Gabapentin,12 month-ending,10/31/2019,240,
01/04/2026,2019,11,Region 3,Gabapentin,12 month-ending,11/30/2019,249,
01/04/2026,2019,12,Region 3,Gabapentin,12 month-ending,12/31/2019,249,
01/04/2026,2020,1,Region 3,Gabapentin,12 month-ending,01/31/2020,276,
01/04/2026,2020,2,Region 3,Gabapentin,12 month-ending,02/29/2020,293,
01/04/2026,2020,3,Region 3,Gabapentin,12 month-ending,03/31/2020,302,
01/04/2026,2020,4,Region 3,Gabapentin,12 month-ending,04/30/2020,316,
01/04/2026,2020,5,Region 3,Gabapentin,12 month-ending,05/31/2020,339,
01/04/2026,2020,6,Region 3,Gabapentin,12 month-ending,06/30/2020,353,
01/04/2026,2020,7,Region 3,Gabapentin,12 month-ending,07/31/2020,360,
01/04/2026,2020,8,Region 3,Gabapentin,12 month-ending,08/31/2020,367,
01/04/2026,2020,9,Region 3,Gabapentin,12 month-ending,09/30/2020,376,
01/04/2026,2020,10,Region 3,Gabapentin,12 month-ending,10/31/2020,392,
01/04/2026,2020,11,Region 3,Gabapentin,12 month-ending,11/30/2020,411,
01/04/2026,2020,12,Region 3,Gabapentin,12 month-ending,12/31/2020,418,
01/04/2026,2021,1,Region 3,Gabapentin,12 month-ending,01/31/2021,405,
01/04/2026,2021,2,Region 3,Gabapentin,12 month-ending,02/28/2021,409,
01/04/2026,2021,3,Region 3,Gabapentin,12 month-ending,03/31/2021,424,
01/04/2026,2021,4,Region 3,Gabapentin,12 month-ending,04/30/2021,424,
01/04/2026,2021,5,Region 3,Gabapentin,12 month-ending,05/31/2021,429,
01/04/2026,2021,6,Region 3,Gabapentin,12 month-ending,06/30/2021,420,
01/04/2026,2021,7,Region 3,Gabapentin,12 month-ending,07/31/2021,439,
01/04/2026,2021,8,Region 3,Gabapentin,12 month-ending,08/31/2021,456,
01/04/2026,2021,9,Region 3,Gabapentin,12 month-ending,09/30/2021,460,
01/04/2026,2021,10,Region 3,Gabapentin,12 month-ending,10/31/2021,461,
01/04/2026,2021,11,Region 3,Gabapentin,12 month-ending,11/30/2021,468,
01/04/2026,2021,12,Region 3,Gabapentin,12 month-ending,12/31/2021,488,
01/04/2026,2022,1,Region 3,Gabapentin,12 month-ending,01/31/2022,492,
01/04/2026,2022,2,Region 3,Gabapentin,12 month-ending,02/28/2022,503,
01/04/2026,2022,3,Region 3,Gabapentin,12 month-ending,03/31/2022,497,
01/04/2026,2022,4,Region 3,Gabapentin,12 month-ending,04/30/2022,493,
01/04/2026,2022,5,Region 3,Gabapentin,12 month-ending,05/31/2022,484,
01/04/2026,2022,6,Region 3,Gabapentin,12 month-ending,06/30/2022,504,
01/04/2026,2022,7,Region 3,Gabapentin,12 month-ending,07/31/2022,494,
01/04/2026,2022,8,Region 3,Gabapentin,12 month-ending,08/31/2022,488,
01/04/2026,2022,9,Region 3,Gabapentin,12 month-ending,09/30/2022,485,
01/04/2026,2022,10,Region 3,Gabapentin,12 month-ending,10/31/2022,482,
01/04/2026,2022,11,Region 3,Gabapentin,12 month-ending,11/30/2022,463,
01/04/2026,2022,12,Region 3,Gabapentin,12 month-ending,12/31/2022,462,
01/04/2026,2023,1,Region 3,Gabapentin,12 month-ending,01/31/2023,460,
01/04/2026,2023,2,Region 3,Gabapentin,12 month-ending,02/28/2023,455,
01/04/2026,2023,3,Region 3,Gabapentin,12 month-ending,03/31/2023,440,
01/04/2026,2023,4,Region 3,Gabapentin,12 month-ending,04/30/2023,452,
01/04/2026,2023,5,Region 3,Gabapentin,12 month-ending,05/31/2023,450,
01/04/2026,2023,6,Region 3,Gabapentin,12 month-ending,06/30/2023,440,
01/04/2026,2023,7,Region 3,Gabapentin,12 month-ending,07/31/2023,435,
01/04/2026,2023,8,Region 3,Gabapentin,12 month-ending,08/31/2023,431,
01/04/2026,2023,9,Region 3,Gabapentin,12 month-ending,09/30/2023,423,
01/04/2026,2023,10,Region 3,Gabapentin,12 month-ending,10/31/2023,414,
01/04/2026,2023,11,Region 3,Gabapentin,12 month-ending,11/30/2023,412,
01/04/2026,2023,12,Region 3,Gabapentin,12 month-ending,12/31/2023,388,
01/04/2026,2024,1,Region 3,Gabapentin,12 month-ending,01/31/2024,376,
01/04/2026,2024,2,Region 3,Gabapentin,12 month-ending,02/29/2024,368,
01/04/2026,2024,3,Region 3,Gabapentin,12 month-ending,03/31/2024,367,
01/04/2026,2024,4,Region 3,Gabapentin,12 month-ending,04/30/2024,345,
01/04/2026,2024,5,Region 3,Gabapentin,12 month-ending,05/31/2024,333,
01/04/2026,2024,6,Region 3,Gabapentin,12 month-ending,06/30/2024,314,
01/04/2026,2024,7,Region 3,Gabapentin,12 month-ending,07/31/2024,308,
01/04/2026,2024,8,Region 3,Gabapentin,12 month-ending,08/31/2024,288,
01/04/2026,2024,9,Region 3,Gabapentin,12 month-ending,09/30/2024,288,
01/04/2026,2024,10,Region 3,Gabapentin,12 month-ending,10/31/2024,277,
01/04/2026,2024,11,Region 3,Gabapentin,12 month-ending,11/30/2024,263,
01/04/2026,2024,12,Region 3,Gabapentin,12 month-ending,12/31/2024,249,
01/04/2026,2025,1,Region 3,Gabapentin,12 month-ending,01/31/2025,251,
01/04/2026,2025,2,Region 3,Gabapentin,12 month-ending,02/28/2025,236,
01/04/2026,2025,3,Region 3,Gabapentin,12 month-ending,03/31/2025,227,
01/04/2026,2025,4,Region 3,Gabapentin,12 month-ending,04/30/2025,227,
01/04/2026,2025,5,Region 3,Gabapentin,12 month-ending,05/31/2025,222,
01/04/2026,2025,6,Region 3,Gabapentin,12 month-ending,06/30/2025,218,
01/04/2026,2019,1,Region 4,Gabapentin,12 month-ending,01/31/2019,664,
01/04/2026,2019,2,Region 4,Gabapentin,12 month-ending,02/28/2019,669,
01/04/2026,2019,3,Region 4,Gabapentin,12 month-ending,03/31/2019,660,
01/04/2026,2019,4,Region 4,Gabapentin,12 month-ending,04/30/2019,652,
01/04/2026,2019,5,Region 4,Gabapentin,12 month-ending,05/31/2019,640,
01/04/2026,2019,6,Region 4,Gabapentin,12 month-ending,06/30/2019,671,
01/04/2026,2019,7,Region 4,Gabapentin,12 month-ending,07/31/2019,682,
01/04/2026,2019,8,Region 4,Gabapentin,12 month-ending,08/31/2019,671,
01/04/2026,2019,9,Region 4,Gabapentin,12 month-ending,09/30/2019,674,
01/04/2026,2019,10,Region 4,Gabapentin,12 month-ending,10/31/2019,707,
01/04/2026,2019,11,Region 4,Gabapentin,12 month-ending,11/30/2019,730,
01/04/2026,2019,12,Region 4,Gabapentin,12 month-ending,12/31/2019,747,
01/04/2026,2020,1,Region 4,Gabapentin,12 month-ending,01/31/2020,764,
01/04/2026,2020,2,Region 4,Gabapentin,12 month-ending,02/29/2020,794,
01/04/2026,2020,3,Region 4,Gabapentin,12 month-ending,03/31/2020,835,
01/04/2026,2020,4,Region 4,Gabapentin,12 month-ending,04/30/2020,905,
01/04/2026,2020,5,Region 4,Gabapentin,12 month-ending,05/31/2020,979,
01/04/2026,2020,6,Region 4,Gabapentin,12 month-ending,06/30/2020,1008,
01/04/2026,2020,7,Region 4,Gabapentin,12 month-ending,07/31/2020,1064,
01/04/2026,2020,8,Region 4,Gabapentin,12 month-ending,08/31/2020,1113,
01/04/2026,2020,9,Region 4,Gabapentin,12 month-ending,09/30/2020,1153,
01/04/2026,2020,10,Region 4,Gabapentin,12 month-ending,10/31/2020,1181,
01/04/2026,2020,11,Region 4,Gabapentin,12 month-ending,11/30/2020,1209,
01/04/2026,2020,12,Region 4,Gabapentin,12 month-ending,12/31/2020,1231,
01/04/2026,2021,1,Region 4,Gabapentin,12 month-ending,01/31/2021,1266,
01/04/2026,2021,2,Region 4,Gabapentin,12 month-ending,02/28/2021,1289,
01/04/2026,2021,3,Region 4,Gabapentin,12 month-ending,03/31/2021,1306,
01/04/2026,2021,4,Region 4,Gabapentin,12 month-ending,04/30/2021,1307,
01/04/2026,2021,5,Region 4,Gabapentin,12 month-ending,05/31/2021,1285,
01/04/2026,2021,6,Region 4,Gabapentin,12 month-ending,06/30/2021,1299,
01/04/2026,2021,7,Region 4,Gabapentin,12 month-ending,07/31/2021,1274,
01/04/2026,2021,8,Region 4,Gabapentin,12 month-ending,08/31/2021,1286,
01/04/2026,2021,9,Region 4,Gabapentin,12 month-ending,09/30/2021,1287,
01/04/2026,2021,10,Region 4,Gabapentin,12 month-ending,10/31/2021,1280,
01/04/2026,2021,11,Region 4,Gabapentin,12 month-ending,11/30/2021,1252,
01/04/2026,2021,12,Region 4,Gabapentin,12 month-ending,12/31/2021,1263,
01/04/2026,2022,1,Region 4,Gabapentin,12 month-ending,01/31/2022,1237,
01/04/2026,2022,2,Region 4,Gabapentin,12 month-ending,02/28/2022,1226,
01/04/2026,2022,3,Region 4,Gabapentin,12 month-ending,03/31/2022,1222,
01/04/2026,2022,4,Region 4,Gabapentin,12 month-ending,04/30/2022,1202,
01/04/2026,2022,5,Region 4,Gabapentin,12 month-ending,05/31/2022,1206,
01/04/2026,2022,6,Region 4,Gabapentin,12 month-ending,06/30/2022,1207,
01/04/2026,2022,7,Region 4,Gabapentin,12 month-ending,07/31/2022,1219,
01/04/2026,2022,8,Region 4,Gabapentin,12 month-ending,08/31/2022,1216,
01/04/2026,2022,9,Region 4,Gabapentin,12 month-ending,09/30/2022,1229,
01/04/2026,2022,10,Region 4,Gabapentin,12 month-ending,10/31/2022,1229,
01/04/2026,2022,11,Region 4,Gabapentin,12 month-ending,11/30/2022,1249,
01/04/2026,2022,12,Region 4,Gabapentin,12 month-ending,12/31/2022,1246,
01/04/2026,2023,1,Region 4,Gabapentin,12 month-ending,01/31/2023,1236,
01/04/2026,2023,2,Region 4,Gabapentin,12 month-ending,02/28/2023,1250,
01/04/2026,2023,3,Region 4,Gabapentin,12 month-ending,03/31/2023,1262,
01/04/2026,2023,4,Region 4,Gabapentin,12 month-ending,04/30/2023,1255,
01/04/2026,2023,5,Region 4,Gabapentin,12 month-ending,05/31/2023,1253,
01/04/2026,2023,6,Region 4,Gabapentin,12 month-ending,06/30/2023,1228,
01/04/2026,2023,7,Region 4,Gabapentin,12 month-ending,07/31/2023,1230,
01/04/2026,2023,8,Region 4,Gabapentin,12 month-ending,08/31/2023,1222,
01/04/2026,2023,9,Region 4,Gabapentin,12 month-ending,09/30/2023,1192,
01/04/2026,2023,10,Region 4,Gabapentin,12 month-ending,10/31/2023,1178,
01/04/2026,2023,11,Region 4,Gabapentin,12 month-ending,11/30/2023,1164,
01/04/2026,2023,12,Region 4,Gabapentin,12 month-ending,12/31/2023,1151,
01/04/2026,2024,1,Region 4,Gabapentin,12 month-ending,01/31/2024,1152,
01/04/2026,2024,2,Region 4,Gabapentin,12 month-ending,02/29/2024,1101,
01/04/2026,2024,3,Region 4,Gabapentin,12 month-ending,03/31/2024,1058,
01/04/2026,2024,4,Region 4,Gabapentin,12 month-ending,04/30/2024,1038,
01/04/2026,2024,5,Region 4,Gabapentin,12 month-ending,05/31/2024,1001,
01/04/2026,2024,6,Region 4,Gabapentin,12 month-ending,06/30/2024,981,
01/04/2026,2024,7,Region 4,Gabapentin,12 month-ending,07/31/2024,956,
01/04/2026,2024,8,Region 4,Gabapentin,12 month-ending,08/31/2024,914,
01/04/2026,2024,9,Region 4,Gabapentin,12 month-ending,09/30/2024,885,
01/04/2026,2024,10,Region 4,Gabapentin,12 month-ending,10/31/2024,845,
01/04/2026,2024,11,Region 4,Gabapentin,12 month-ending,11/30/2024,809,
01/04/2026,2024,12,Region 4,Gabapentin,12 month-ending,12/31/2024,766,
01/04/2026,2025,1,Region 4,Gabapentin,12 month-ending,01/31/2025,743,
01/04/2026,2025,2,Region 4,Gabapentin,12 month-ending,02/28/2025,723,
01/04/2026,2025,3,Region 4,Gabapentin,12 month-ending,03/31/2025,697,
01/04/2026,2025,4,Region 4,Gabapentin,12 month-ending,04/30/2025,668,
01/04/2026,2025,5,Region 4,Gabapentin,12 month-ending,05/31/2025,645,
01/04/2026,2025,6,Region 4,Gabapentin,12 month-ending,06/30/2025,626,
01/04/2026,2019,1,Region 5,Gabapentin,12 month-ending,01/31/2019,305,
01/04/2026,2019,2,Region 5,Gabapentin,12 month-ending,02/28/2019,308,
01/04/2026,2019,3,Region 5,Gabapentin,12 month-ending,03/31/2019,322,
01/04/2026,2019,4,Region 5,Gabapentin,12 month-ending,04/30/2019,323,
01/04/2026,2019,5,Region 5,Gabapentin,12 month-ending,05/31/2019,337,
01/04/2026,2019,6,Region 5,Gabapentin,12 month-ending,06/30/2019,346,
01/04/2026,2019,7,Region 5,Gabapentin,12 month-ending,07/31/2019,368,
01/04/2026,2019,8,Region 5,Gabapentin,12 month-ending,08/31/2019,387,
01/04/2026,2019,9,Region 5,Gabapentin,12 month-ending,09/30/2019,410,
01/04/2026,2019,10,Region 5,Gabapentin,12 month-ending,10/31/2019,445,
01/04/2026,2019,11,Region 5,Gabapentin,12 month-ending,11/30/2019,481,
01/04/2026,2019,12,Region 5,Gabapentin,12 month-ending,12/31/2019,499,
01/04/2026,2020,1,Region 5,Gabapentin,12 month-ending,01/31/2020,517,
01/04/2026,2020,2,Region 5,Gabapentin,12 month-ending,02/29/2020,538,
01/04/2026,2020,3,Region 5,Gabapentin,12 month-ending,03/31/2020,560,
01/04/2026,2020,4,Region 5,Gabapentin,12 month-ending,04/30/2020,590,
01/04/2026,2020,5,Region 5,Gabapentin,12 month-ending,05/31/2020,630,
01/04/2026,2020,6,Region 5,Gabapentin,12 month-ending,06/30/2020,648,
01/04/2026,2020,7,Region 5,Gabapentin,12 month-ending,07/31/2020,677,
01/04/2026,2020,8,Region 5,Gabapentin,12 month-ending,08/31/2020,687,
01/04/2026,2020,9,Region 5,Gabapentin,12 month-ending,09/30/2020,681,
01/04/2026,2020,10,Region 5,Gabapentin,12 month-ending,10/31/2020,669,
01/04/2026,2020,11,Region 5,Gabapentin,12 month-ending,11/30/2020,649,
01/04/2026,2020,12,Region 5,Gabapentin,12 month-ending,12/31/2020,661,
01/04/2026,2021,1,Region 5,Gabapentin,12 month-ending,01/31/2021,676,
01/04/2026,2021,2,Region 5,Gabapentin,12 month-ending,02/28/2021,671,
01/04/2026,2021,3,Region 5,Gabapentin,12 month-ending,03/31/2021,682,
01/04/2026,2021,4,Region 5,Gabapentin,12 month-ending,04/30/2021,703,
01/04/2026,2021,5,Region 5,Gabapentin,12 month-ending,05/31/2021,693,
01/04/2026,2021,6,Region 5,Gabapentin,12 month-ending,06/30/2021,710,
01/04/2026,2021,7,Region 5,Gabapentin,12 month-ending,07/31/2021,711,
01/04/2026,2021,8,Region 5,Gabapentin,12 month-ending,08/31/2021,716,
01/04/2026,2021,9,Region 5,Gabapentin,12 month-ending,09/30/2021,726,
01/04/2026,2021,10,Region 5,Gabapentin,12 month-ending,10/31/2021,749,
01/04/2026,2021,11,Region 5,Gabapentin,12 month-ending,11/30/2021,767,
01/04/2026,2021,12,Region 5,Gabapentin,12 month-ending,12/31/2021,772,
01/04/2026,2022,1,Region 5,Gabapentin,12 month-ending,01/31/2022,780,
01/04/2026,2022,2,Region 5,Gabapentin,12 month-ending,02/28/2022,790,
01/04/2026,2022,3,Region 5,Gabapentin,12 month-ending,03/31/2022,781,
01/04/2026,2022,4,Region 5,Gabapentin,12 month-ending,04/30/2022,773,
01/04/2026,2022,5,Region 5,Gabapentin,12 month-ending,05/31/2022,779,
01/04/2026,2022,6,Region 5,Gabapentin,12 month-ending,06/30/2022,769,
01/04/2026,2022,7,Region 5,Gabapentin,12 month-ending,07/31/2022,758,
01/04/2026,2022,8,Region 5,Gabapentin,12 month-ending,08/31/2022,767,
01/04/2026,2022,9,Region 5,Gabapentin,12 month-ending,09/30/2022,766,
01/04/2026,2022,10,Region 5,Gabapentin,12 month-ending,10/31/2022,769,
01/04/2026,2022,11,Region 5,Gabapentin,12 month-ending,11/30/2022,779,
01/04/2026,2022,12,Region 5,Gabapentin,12 month-ending,12/31/2022,776,
01/04/2026,2023,1,Region 5,Gabapentin,12 month-ending,01/31/2023,770,
01/04/2026,2023,2,Region 5,Gabapentin,12 month-ending,02/28/2023,765,
01/04/2026,2023,3,Region 5,Gabapentin,12 month-ending,03/31/2023,782,
01/04/2026,2023,4,Region 5,Gabapentin,12 month-ending,04/30/2023,786,
01/04/2026,2023,5,Region 5,Gabapentin,12 month-ending,05/31/2023,759,
01/04/2026,2023,6,Region 5,Gabapentin,12 month-ending,06/30/2023,772,
01/04/2026,2023,7,Region 5,Gabapentin,12 month-ending,07/31/2023,764,
01/04/2026,2023,8,Region 5,Gabapentin,12 month-ending,08/31/2023,749,
01/04/2026,2023,9,Region 5,Gabapentin,12 month-ending,09/30/2023,754,
01/04/2026,2023,10,Region 5,Gabapentin,12 month-ending,10/31/2023,728,
01/04/2026,2023,11,Region 5,Gabapentin,12 month-ending,11/30/2023,708,
01/04/2026,2023,12,Region 5,Gabapentin,12 month-ending,12/31/2023,697,
01/04/2026,2024,1,Region 5,Gabapentin,12 month-ending,01/31/2024,695,
01/04/2026,2024,2,Region 5,Gabapentin,12 month-ending,02/29/2024,691,
01/04/2026,2024,3,Region 5,Gabapentin,12 month-ending,03/31/2024,667,
01/04/2026,2024,4,Region 5,Gabapentin,12 month-ending,04/30/2024,638,
01/04/2026,2024,5,Region 5,Gabapentin,12 month-ending,05/31/2024,633,
01/04/2026,2024,6,Region 5,Gabapentin,12 month-ending,06/30/2024,611,
01/04/2026,2024,7,Region 5,Gabapentin,12 month-ending,07/31/2024,601,
01/04/2026,2024,8,Region 5,Gabapentin,12 month-ending,08/31/2024,587,
01/04/2026,2024,9,Region 5,Gabapentin,12 month-ending,09/30/2024,574,
01/04/2026,2024,10,Region 5,Gabapentin,12 month-ending,10/31/2024,563,
01/04/2026,2024,11,Region 5,Gabapentin,12 month-ending,11/30/2024,562,
01/04/2026,2024,12,Region 5,Gabapentin,12 month-ending,12/31/2024,557,
01/04/2026,2025,1,Region 5,Gabapentin,12 month-ending,01/31/2025,533,
01/04/2026,2025,2,Region 5,Gabapentin,12 month-ending,02/28/2025,542,
01/04/2026,2025,3,Region 5,Gabapentin,12 month-ending,03/31/2025,526,
01/04/2026,2025,4,Region 5,Gabapentin,12 month-ending,04/30/2025,524,
01/04/2026,2025,5,Region 5,Gabapentin,12 month-ending,05/31/2025,522,
01/04/2026,2025,6,Region 5,Gabapentin,12 month-ending,06/30/2025,501,
01/04/2026,2019,1,Region 6,Gabapentin,12 month-ending,01/31/2019,82,
01/04/2026,2019,2,Region 6,Gabapentin,12 month-ending,02/28/2019,81,
01/04/2026,2019,3,Region 6,Gabapentin,12 month-ending,03/31/2019,78,
01/04/2026,2019,4,Region 6,Gabapentin,12 month-ending,04/30/2019,72,
01/04/2026,2019,5,Region 6,Gabapentin,12 month-ending,05/31/2019,69,
01/04/2026,2019,6,Region 6,Gabapentin,12 month-ending,06/30/2019,67,
01/04/2026,2019,7,Region 6,Gabapentin,12 month-ending,07/31/2019,79,
01/04/2026,2019,8,Region 6,Gabapentin,12 month-ending,08/31/2019,81,
01/04/2026,2019,9,Region 6,Gabapentin,12 month-ending,09/30/2019,90,
01/04/2026,2019,10,Region 6,Gabapentin,12 month-ending,10/31/2019,103,
01/04/2026,2019,11,Region 6,Gabapentin,12 month-ending,11/30/2019,112,
01/04/2026,2019,12,Region 6,Gabapentin,12 month-ending,12/31/2019,113,
01/04/2026,2020,1,Region 6,Gabapentin,12 month-ending,01/31/2020,125,
01/04/2026,2020,2,Region 6,Gabapentin,12 month-ending,02/29/2020,139,
01/04/2026,2020,3,Region 6,Gabapentin,12 month-ending,03/31/2020,154,
01/04/2026,2020,4,Region 6,Gabapentin,12 month-ending,04/30/2020,169,
01/04/2026,2020,5,Region 6,Gabapentin,12 month-ending,05/31/2020,193,
01/04/2026,2020,6,Region 6,Gabapentin,12 month-ending,06/30/2020,200,
01/04/2026,2020,7,Region 6,Gabapentin,12 month-ending,07/31/2020,200,
01/04/2026,2020,8,Region 6,Gabapentin,12 month-ending,08/31/2020,211,
01/04/2026,2020,9,Region 6,Gabapentin,12 month-ending,09/30/2020,214,
01/04/2026,2020,10,Region 6,Gabapentin,12 month-ending,10/31/2020,206,
01/04/2026,2020,11,Region 6,Gabapentin,12 month-ending,11/30/2020,198,
01/04/2026,2020,12,Region 6,Gabapentin,12 month-ending,12/31/2020,208,
01/04/2026,2021,1,Region 6,Gabapentin,12 month-ending,01/31/2021,212,
01/04/2026,2021,2,Region 6,Gabapentin,12 month-ending,02/28/2021,216,
01/04/2026,2021,3,Region 6,Gabapentin,12 month-ending,03/31/2021,221,
01/04/2026,2021,4,Region 6,Gabapentin,12 month-ending,04/30/2021,227,
01/04/2026,2021,5,Region 6,Gabapentin,12 month-ending,05/31/2021,223,
01/04/2026,2021,6,Region 6,Gabapentin,12 month-ending,06/30/2021,228,
01/04/2026,2021,7,Region 6,Gabapentin,12 month-ending,07/31/2021,238,
01/04/2026,2021,8,Region 6,Gabapentin,12 month-ending,08/31/2021,242,
01/04/2026,2021,9,Region 6,Gabapentin,12 month-ending,09/30/2021,246,
01/04/2026,2021,10,Region 6,Gabapentin,12 month-ending,10/31/2021,252,
01/04/2026,2021,11,Region 6,Gabapentin,12 month-ending,11/30/2021,266,
01/04/2026,2021,12,Region 6,Gabapentin,12 month-ending,12/31/2021,269,
01/04/2026,2022,1,Region 6,Gabapentin,12 month-ending,01/31/2022,278,
01/04/2026,2022,2,Region 6,Gabapentin,12 month-ending,02/28/2022,286,
01/04/2026,2022,3,Region 6,Gabapentin,12 month-ending,03/31/2022,280,
01/04/2026,2022,4,Region 6,Gabapentin,12 month-ending,04/30/2022,280,
01/04/2026,2022,5,Region 6,Gabapentin,12 month-ending,05/31/2022,278,
01/04/2026,2022,6,Region 6,Gabapentin,12 month-ending,06/30/2022,279,
01/04/2026,2022,7,Region 6,Gabapentin,12 month-ending,07/31/2022,278,
01/04/2026,2022,8,Region 6,Gabapentin,12 month-ending,08/31/2022,275,
01/04/2026,2022,9,Region 6,Gabapentin,12 month-ending,09/30/2022,287,
01/04/2026,2022,10,Region 6,Gabapentin,12 month-ending,10/31/2022,287,
01/04/2026,2022,11,Region 6,Gabapentin,12 month-ending,11/30/2022,284,
01/04/2026,2022,12,Region 6,Gabapentin,12 month-ending,12/31/2022,283,
01/04/2026,2023,1,Region 6,Gabapentin,12 month-ending,01/31/2023,274,
01/04/2026,2023,2,Region 6,Gabapentin,12 month-ending,02/28/2023,279,
01/04/2026,2023,3,Region 6,Gabapentin,12 month-ending,03/31/2023,287,
01/04/2026,2023,4,Region 6,Gabapentin,12 month-ending,04/30/2023,297,
01/04/2026,2023,5,Region 6,Gabapentin,12 month-ending,05/31/2023,292,
01/04/2026,2023,6,Region 6,Gabapentin,12 month-ending,06/30/2023,290,
01/04/2026,2023,7,Region 6,Gabapentin,12 month-ending,07/31/2023,291,
01/04/2026,2023,8,Region 6,Gabapentin,12 month-ending,08/31/2023,292,
01/04/2026,2023,9,Region 6,Gabapentin,12 month-ending,09/30/2023,273,
01/04/2026,2023,10,Region 6,Gabapentin,12 month-ending,10/31/2023,278,
01/04/2026,2023,11,Region 6,Gabapentin,12 month-ending,11/30/2023,274,
01/04/2026,2023,12,Region 6,Gabapentin,12 month-ending,12/31/2023,277,
01/04/2026,2024,1,Region 6,Gabapentin,12 month-ending,01/31/2024,282,
01/04/2026,2024,2,Region 6,Gabapentin,12 month-ending,02/29/2024,268,
01/04/2026,2024,3,Region 6,Gabapentin,12 month-ending,03/31/2024,267,
01/04/2026,2024,4,Region 6,Gabapentin,12 month-ending,04/30/2024,255,
01/04/2026,2024,5,Region 6,Gabapentin,12 month-ending,05/31/2024,258,
01/04/2026,2024,6,Region 6,Gabapentin,12 month-ending,06/30/2024,258,
01/04/2026,2024,7,Region 6,Gabapentin,12 month-ending,07/31/2024,246,
01/04/2026,2024,8,Region 6,Gabapentin,12 month-ending,08/31/2024,245,
01/04/2026,2024,9,Region 6,Gabapentin,12 month-ending,09/30/2024,250,
01/04/2026,2024,10,Region 6,Gabapentin,12 month-ending,10/31/2024,249,
01/04/2026,2024,11,Region 6,Gabapentin,12 month-ending,11/30/2024,239,
01/04/2026,2024,12,Region 6,Gabapentin,12 month-ending,12/31/2024,236,
01/04/2026,2025,1,Region 6,Gabapentin,12 month-ending,01/31/2025,221,
01/04/2026,2025,2,Region 6,Gabapentin,12 month-ending,02/28/2025,212,
01/04/2026,2025,3,Region 6,Gabapentin,12 month-ending,03/31/2025,206,
01/04/2026,2025,4,Region 6,Gabapentin,12 month-ending,04/30/2025,202,
01/04/2026,2025,5,Region 6,Gabapentin,12 month-ending,05/31/2025,199,
01/04/2026,2025,6,Region 6,Gabapentin,12 month-ending,06/30/2025,200,
01/04/2026,2019,1,Region 7,Gabapentin,12 month-ending,01/31/2019,37,
01/04/2026,2019,2,Region 7,Gabapentin,12 month-ending,02/28/2019,34,
01/04/2026,2019,3,Region 7,Gabapentin,12 month-ending,03/31/2019,33,
01/04/2026,2019,4,Region 7,Gabapentin,12 month-ending,04/30/2019,34,
01/04/2026,2019,5,Region 7,Gabapentin,12 month-ending,05/31/2019,34,
01/04/2026,2019,6,Region 7,Gabapentin,12 month-ending,06/30/2019,33,
01/04/2026,2019,7,Region 7,Gabapentin,12 month-ending,07/31/2019,37,
01/04/2026,2019,8,Region 7,Gabapentin,12 month-ending,08/31/2019,44,
01/04/2026,2019,9,Region 7,Gabapentin,12 month-ending,09/30/2019,43,
01/04/2026,2019,10,Region 7,Gabapentin,12 month-ending,10/31/2019,45,
01/04/2026,2019,11,Region 7,Gabapentin,12 month-ending,11/30/2019,50,
01/04/2026,2019,12,Region 7,Gabapentin,12 month-ending,12/31/2019,50,
01/04/2026,2020,1,Region 7,Gabapentin,12 month-ending,01/31/2020,51,
01/04/2026,2020,2,Region 7,Gabapentin,12 month-ending,02/29/2020,55,
01/04/2026,2020,3,Region 7,Gabapentin,12 month-ending,03/31/2020,59,
01/04/2026,2020,4,Region 7,Gabapentin,12 month-ending,04/30/2020,61,
01/04/2026,2020,5,Region 7,Gabapentin,12 month-ending,05/31/2020,59,
01/04/2026,2020,6,Region 7,Gabapentin,12 month-ending,06/30/2020,57,
01/04/2026,2020,7,Region 7,Gabapentin,12 month-ending,07/31/2020,55,
01/04/2026,2020,8,Region 7,Gabapentin,12 month-ending,08/31/2020,55,
01/04/2026,2020,9,Region 7,Gabapentin,12 month-ending,09/30/2020,60,
01/04/2026,2020,10,Region 7,Gabapentin,12 month-ending,10/31/2020,62,
01/04/2026,2020,11,Region 7,Gabapentin,12 month-ending,11/30/2020,62,
01/04/2026,2020,12,Region 7,Gabapentin,12 month-ending,12/31/2020,70,
01/04/2026,2021,1,Region 7,Gabapentin,12 month-ending,01/31/2021,71,
01/04/2026,2021,2,Region 7,Gabapentin,12 month-ending,02/28/2021,74,
01/04/2026,2021,3,Region 7,Gabapentin,12 month-ending,03/31/2021,74,
01/04/2026,2021,4,Region 7,Gabapentin,12 month-ending,04/30/2021,74,
01/04/2026,2021,5,Region 7,Gabapentin,12 month-ending,05/31/2021,77,
01/04/2026,2021,6,Region 7,Gabapentin,12 month-ending,06/30/2021,79,
01/04/2026,2021,7,Region 7,Gabapentin,12 month-ending,07/31/2021,76,
01/04/2026,2021,8,Region 7,Gabapentin,12 month-ending,08/31/2021,75,
01/04/2026,2021,9,Region 7,Gabapentin,12 month-ending,09/30/2021,74,
01/04/2026,2021,10,Region 7,Gabapentin,12 month-ending,10/31/2021,79,
01/04/2026,2021,11,Region 7,Gabapentin,12 month-ending,11/30/2021,79,
01/04/2026,2021,12,Region 7,Gabapentin,12 month-ending,12/31/2021,78,
01/04/2026,2022,1,Region 7,Gabapentin,12 month-ending,01/31/2022,83,
01/04/2026,2022,2,Region 7,Gabapentin,12 month-ending,02/28/2022,79,
01/04/2026,2022,3,Region 7,Gabapentin,12 month-ending,03/31/2022,82,
01/04/2026,2022,4,Region 7,Gabapentin,12 month-ending,04/30/2022,85,
01/04/2026,2022,5,Region 7,Gabapentin,12 month-ending,05/31/2022,93,
01/04/2026,2022,6,Region 7,Gabapentin,12 month-ending,06/30/2022,92,
01/04/2026,2022,7,Region 7,Gabapentin,12 month-ending,07/31/2022,97,
01/04/2026,2022,8,Region 7,Gabapentin,12 month-ending,08/31/2022,104,
01/04/2026,2022,9,Region 7,Gabapentin,12 month-ending,09/30/2022,114,
01/04/2026,2022,10,Region 7,Gabapentin,12 month-ending,10/31/2022,117,
01/04/2026,2022,11,Region 7,Gabapentin,12 month-ending,11/30/2022,118,
01/04/2026,2022,12,Region 7,Gabapentin,12 month-ending,12/31/2022,124,
01/04/2026,2023,1,Region 7,Gabapentin,12 month-ending,01/31/2023,127,
01/04/2026,2023,2,Region 7,Gabapentin,12 month-ending,02/28/2023,130,
01/04/2026,2023,3,Region 7,Gabapentin,12 month-ending,03/31/2023,135,
01/04/2026,2023,4,Region 7,Gabapentin,12 month-ending,04/30/2023,136,
01/04/2026,2023,5,Region 7,Gabapentin,12 month-ending,05/31/2023,134,
01/04/2026,2023,6,Region 7,Gabapentin,12 month-ending,06/30/2023,141,
01/04/2026,2023,7,Region 7,Gabapentin,12 month-ending,07/31/2023,139,
01/04/2026,2023,8,Region 7,Gabapentin,12 month-ending,08/31/2023,132,
01/04/2026,2023,9,Region 7,Gabapentin,12 month-ending,09/30/2023,124,
01/04/2026,2023,10,Region 7,Gabapentin,12 month-ending,10/31/2023,118,
01/04/2026,2023,11,Region 7,Gabapentin,12 month-ending,11/30/2023,116,
01/04/2026,2023,12,Region 7,Gabapentin,12 month-ending,12/31/2023,112,
01/04/2026,2024,1,Region 7,Gabapentin,12 month-ending,01/31/2024,113,
01/04/2026,2024,2,Region 7,Gabapentin,12 month-ending,02/29/2024,113,
01/04/2026,2024,3,Region 7,Gabapentin,12 month-ending,03/31/2024,109,
01/04/2026,2024,4,Region 7,Gabapentin,12 month-ending,04/30/2024,107,
01/04/2026,2024,5,Region 7,Gabapentin,12 month-ending,05/31/2024,102,
01/04/2026,2024,6,Region 7,Gabapentin,12 month-ending,06/30/2024,100,
01/04/2026,2024,7,Region 7,Gabapentin,12 month-ending,07/31/2024,100,
01/04/2026,2024,8,Region 7,Gabapentin,12 month-ending,08/31/2024,95,
01/04/2026,2024,9,Region 7,Gabapentin,12 month-ending,09/30/2024,92,
01/04/2026,2024,10,Region 7,Gabapentin,12 month-ending,10/31/2024,90,
01/04/2026,2024,11,Region 7,Gabapentin,12 month-ending,11/30/2024,89,
01/04/2026,2024,12,Region 7,Gabapentin,12 month-ending,12/31/2024,84,
01/04/2026,2025,1,Region 7,Gabapentin,12 month-ending,01/31/2025,79,
01/04/2026,2025,2,Region 7,Gabapentin,12 month-ending,02/28/2025,77,
01/04/2026,2025,3,Region 7,Gabapentin,12 month-ending,03/31/2025,70,
01/04/2026,2025,4,Region 7,Gabapentin,12 month-ending,04/30/2025,68,
01/04/2026,2025,5,Region 7,Gabapentin,12 month-ending,05/31/2025,72,
01/04/2026,2025,6,Region 7,Gabapentin,12 month-ending,06/30/2025,70,
01/04/2026,2019,1,Region 8,Gabapentin,12 month-ending,01/31/2019,111,
01/04/2026,2019,2,Region 8,Gabapentin,12 month-ending,02/28/2019,113,
01/04/2026,2019,3,Region 8,Gabapentin,12 month-ending,03/31/2019,111,
01/04/2026,2019,4,Region 8,Gabapentin,12 month-ending,04/30/2019,109,
01/04/2026,2019,5,Region 8,Gabapentin,12 month-ending,05/31/2019,106,
01/04/2026,2019,6,Region 8,Gabapentin,12 month-ending,06/30/2019,98,
01/04/2026,2019,7,Region 8,Gabapentin,12 month-ending,07/31/2019,104,
01/04/2026,2019,8,Region 8,Gabapentin,12 month-ending,08/31/2019,98,
01/04/2026,2019,9,Region 8,Gabapentin,12 month-ending,09/30/2019,103,
01/04/2026,2019,10,Region 8,Gabapentin,12 month-ending,10/31/2019,111,
01/04/2026,2019,11,Region 8,Gabapentin,12 month-ending,11/30/2019,117,
01/04/2026,2019,12,Region 8,Gabapentin,12 month-ending,12/31/2019,125,
01/04/2026,2020,1,Region 8,Gabapentin,12 month-ending,01/31/2020,132,
01/04/2026,2020,2,Region 8,Gabapentin,12 month-ending,02/29/2020,137,
01/04/2026,2020,3,Region 8,Gabapentin,12 month-ending,03/31/2020,139,
01/04/2026,2020,4,Region 8,Gabapentin,12 month-ending,04/30/2020,142,
01/04/2026,2020,5,Region 8,Gabapentin,12 month-ending,05/31/2020,149,
01/04/2026,2020,6,Region 8,Gabapentin,12 month-ending,06/30/2020,161,
01/04/2026,2020,7,Region 8,Gabapentin,12 month-ending,07/31/2020,166,
01/04/2026,2020,8,Region 8,Gabapentin,12 month-ending,08/31/2020,176,
01/04/2026,2020,9,Region 8,Gabapentin,12 month-ending,09/30/2020,179,
01/04/2026,2020,10,Region 8,Gabapentin,12 month-ending,10/31/2020,180,
01/04/2026,2020,11,Region 8,Gabapentin,12 month-ending,11/30/2020,189,
01/04/2026,2020,12,Region 8,Gabapentin,12 month-ending,12/31/2020,190,
01/04/2026,2021,1,Region 8,Gabapentin,12 month-ending,01/31/2021,202,
01/04/2026,2021,2,Region 8,Gabapentin,12 month-ending,02/28/2021,197,
01/04/2026,2021,3,Region 8,Gabapentin,12 month-ending,03/31/2021,205,
01/04/2026,2021,4,Region 8,Gabapentin,12 month-ending,04/30/2021,215,
01/04/2026,2021,5,Region 8,Gabapentin,12 month-ending,05/31/2021,216,
01/04/2026,2021,6,Region 8,Gabapentin,12 month-ending,06/30/2021,223,
01/04/2026,2021,7,Region 8,Gabapentin,12 month-ending,07/31/2021,225,
01/04/2026,2021,8,Region 8,Gabapentin,12 month-ending,08/31/2021,225,
01/04/2026,2021,9,Region 8,Gabapentin,12 month-ending,09/30/2021,224,
01/04/2026,2021,10,Region 8,Gabapentin,12 month-ending,10/31/2021,222,
01/04/2026,2021,11,Region 8,Gabapentin,12 month-ending,11/30/2021,218,
01/04/2026,2021,12,Region 8,Gabapentin,12 month-ending,12/31/2021,216,
01/04/2026,2022,1,Region 8,Gabapentin,12 month-ending,01/31/2022,208,
01/04/2026,2022,2,Region 8,Gabapentin,12 month-ending,02/28/2022,205,
01/04/2026,2022,3,Region 8,Gabapentin,12 month-ending,03/31/2022,205,
01/04/2026,2022,4,Region 8,Gabapentin,12 month-ending,04/30/2022,195,
01/04/2026,2022,5,Region 8,Gabapentin,12 month-ending,05/31/2022,195,
01/04/2026,2022,6,Region 8,Gabapentin,12 month-ending,06/30/2022,190,
01/04/2026,2022,7,Region 8,Gabapentin,12 month-ending,07/31/2022,188,
01/04/2026,2022,8,Region 8,Gabapentin,12 month-ending,08/31/2022,180,
01/04/2026,2022,9,Region 8,Gabapentin,12 month-ending,09/30/2022,194,
01/04/2026,2022,10,Region 8,Gabapentin,12 month-ending,10/31/2022,201,
01/04/2026,2022,11,Region 8,Gabapentin,12 month-ending,11/30/2022,200,
01/04/2026,2022,12,Region 8,Gabapentin,12 month-ending,12/31/2022,211,
01/04/2026,2023,1,Region 8,Gabapentin,12 month-ending,01/31/2023,204,
01/04/2026,2023,2,Region 8,Gabapentin,12 month-ending,02/28/2023,210,
01/04/2026,2023,3,Region 8,Gabapentin,12 month-ending,03/31/2023,207,
01/04/2026,2023,4,Region 8,Gabapentin,12 month-ending,04/30/2023,220,
01/04/2026,2023,5,Region 8,Gabapentin,12 month-ending,05/31/2023,221,
01/04/2026,2023,6,Region 8,Gabapentin,12 month-ending,06/30/2023,220,
01/04/2026,2023,7,Region 8,Gabapentin,12 month-ending,07/31/2023,214,
01/04/2026,2023,8,Region 8,Gabapentin,12 month-ending,08/31/2023,223,
01/04/2026,2023,9,Region 8,Gabapentin,12 month-ending,09/30/2023,217,
01/04/2026,2023,10,Region 8,Gabapentin,12 month-ending,10/31/2023,214,
01/04/2026,2023,11,Region 8,Gabapentin,12 month-ending,11/30/2023,215,
01/04/2026,2023,12,Region 8,Gabapentin,12 month-ending,12/31/2023,214,
01/04/2026,2024,1,Region 8,Gabapentin,12 month-ending,01/31/2024,220,
01/04/2026,2024,2,Region 8,Gabapentin,12 month-ending,02/29/2024,225,
01/04/2026,2024,3,Region 8,Gabapentin,12 month-ending,03/31/2024,231,
01/04/2026,2024,4,Region 8,Gabapentin,12 month-ending,04/30/2024,229,
01/04/2026,2024,5,Region 8,Gabapentin,12 month-ending,05/31/2024,233,
01/04/2026,2024,6,Region 8,Gabapentin,12 month-ending,06/30/2024,240,
01/04/2026,2024,7,Region 8,Gabapentin,12 month-ending,07/31/2024,249,
01/04/2026,2024,8,Region 8,Gabapentin,12 month-ending,08/31/2024,246,
01/04/2026,2024,9,Region 8,Gabapentin,12 month-ending,09/30/2024,241,
01/04/2026,2024,10,Region 8,Gabapentin,12 month-ending,10/31/2024,243,
01/04/2026,2024,11,Region 8,Gabapentin,12 month-ending,11/30/2024,231,
01/04/2026,2024,12,Region 8,Gabapentin,12 month-ending,12/31/2024,224,
01/04/2026,2025,1,Region 8,Gabapentin,12 month-ending,01/31/2025,230,
01/04/2026,2025,2,Region 8,Gabapentin,12 month-ending,02/28/2025,223,
01/04/2026,2025,3,Region 8,Gabapentin,12 month-ending,03/31/2025,224,
01/04/2026,2025,4,Region 8,Gabapentin,12 month-ending,04/30/2025,223,
01/04/2026,2025,5,Region 8,Gabapentin,12 month-ending,05/31/2025,224,
01/04/2026,2025,6,Region 8,Gabapentin,12 month-ending,06/30/2025,214,
01/04/2026,2019,1,Region 9,Gabapentin,12 month-ending,01/31/2019,240,
01/04/2026,2019,2,Region 9,Gabapentin,12 month-ending,02/28/2019,238,
01/04/2026,2019,3,Region 9,Gabapentin,12 month-ending,03/31/2019,242,
01/04/2026,2019,4,Region 9,Gabapentin,12 month-ending,04/30/2019,233,
01/04/2026,2019,5,Region 9,Gabapentin,12 month-ending,05/31/2019,232,
01/04/2026,2019,6,Region 9,Gabapentin,12 month-ending,06/30/2019,236,
01/04/2026,2019,7,Region 9,Gabapentin,12 month-ending,07/31/2019,231,
01/04/2026,2019,8,Region 9,Gabapentin,12 month-ending,08/31/2019,238,
01/04/2026,2019,9,Region 9,Gabapentin,12 month-ending,09/30/2019,245,
01/04/2026,2019,10,Region 9,Gabapentin,12 month-ending,10/31/2019,253,
01/04/2026,2019,11,Region 9,Gabapentin,12 month-ending,11/30/2019,268,
01/04/2026,2019,12,Region 9,Gabapentin,12 month-ending,12/31/2019,271,
01/04/2026,2020,1,Region 9,Gabapentin,12 month-ending,01/31/2020,283,
01/04/2026,2020,2,Region 9,Gabapentin,12 month-ending,02/29/2020,292,
01/04/2026,2020,3,Region 9,Gabapentin,12 month-ending,03/31/2020,299,
01/04/2026,2020,4,Region 9,Gabapentin,12 month-ending,04/30/2020,323,
01/04/2026,2020,5,Region 9,Gabapentin,12 month-ending,05/31/2020,340,
01/04/2026,2020,6,Region 9,Gabapentin,12 month-ending,06/30/2020,347,
01/04/2026,2020,7,Region 9,Gabapentin,12 month-ending,07/31/2020,364,
01/04/2026,2020,8,Region 9,Gabapentin,12 month-ending,08/31/2020,380,
01/04/2026,2020,9,Region 9,Gabapentin,12 month-ending,09/30/2020,365,
01/04/2026,2020,10,Region 9,Gabapentin,12 month-ending,10/31/2020,366,
01/04/2026,2020,11,Region 9,Gabapentin,12 month-ending,11/30/2020,358,
01/04/2026,2020,12,Region 9,Gabapentin,12 month-ending,12/31/2020,352,
01/04/2026,2021,1,Region 9,Gabapentin,12 month-ending,01/31/2021,353,
01/04/2026,2021,2,Region 9,Gabapentin,12 month-ending,02/28/2021,352,
01/04/2026,2021,3,Region 9,Gabapentin,12 month-ending,03/31/2021,353,
01/04/2026,2021,4,Region 9,Gabapentin,12 month-ending,04/30/2021,338,
01/04/2026,2021,5,Region 9,Gabapentin,12 month-ending,05/31/2021,333,
01/04/2026,2021,6,Region 9,Gabapentin,12 month-ending,06/30/2021,327,
01/04/2026,2021,7,Region 9,Gabapentin,12 month-ending,07/31/2021,322,
01/04/2026,2021,8,Region 9,Gabapentin,12 month-ending,08/31/2021,312,
01/04/2026,2021,9,Region 9,Gabapentin,12 month-ending,09/30/2021,323,
01/04/2026,2021,10,Region 9,Gabapentin,12 month-ending,10/31/2021,322,
01/04/2026,2021,11,Region 9,Gabapentin,12 month-ending,11/30/2021,331,
01/04/2026,2021,12,Region 9,Gabapentin,12 month-ending,12/31/2021,326,
01/04/2026,2022,1,Region 9,Gabapentin,12 month-ending,01/31/2022,319,
01/04/2026,2022,2,Region 9,Gabapentin,12 month-ending,02/28/2022,315,
01/04/2026,2022,3,Region 9,Gabapentin,12 month-ending,03/31/2022,312,
01/04/2026,2022,4,Region 9,Gabapentin,12 month-ending,04/30/2022,309,
01/04/2026,2022,5,Region 9,Gabapentin,12 month-ending,05/31/2022,301,
01/04/2026,2022,6,Region 9,Gabapentin,12 month-ending,06/30/2022,301,
01/04/2026,2022,7,Region 9,Gabapentin,12 month-ending,07/31/2022,301,
01/04/2026,2022,8,Region 9,Gabapentin,12 month-ending,08/31/2022,287,
01/04/2026,2022,9,Region 9,Gabapentin,12 month-ending,09/30/2022,285,
01/04/2026,2022,10,Region 9,Gabapentin,12 month-ending,10/31/2022,288,
01/04/2026,2022,11,Region 9,Gabapentin,12 month-ending,11/30/2022,291,
01/04/2026,2022,12,Region 9,Gabapentin,12 month-ending,12/31/2022,290,
01/04/2026,2023,1,Region 9,Gabapentin,12 month-ending,01/31/2023,284,
01/04/2026,2023,2,Region 9,Gabapentin,12 month-ending,02/28/2023,291,
01/04/2026,2023,3,Region 9,Gabapentin,12 month-ending,03/31/2023,302,
01/04/2026,2023,4,Region 9,Gabapentin,12 month-ending,04/30/2023,314,
01/04/2026,2023,5,Region 9,Gabapentin,12 month-ending,05/31/2023,323,
01/04/2026,2023,6,Region 9,Gabapentin,12 month-ending,06/30/2023,326,
01/04/2026,2023,7,Region 9,Gabapentin,12 month-ending,07/31/2023,330,
01/04/2026,2023,8,Region 9,Gabapentin,12 month-ending,08/31/2023,340,
01/04/2026,2023,9,Region 9,Gabapentin,12 month-ending,09/30/2023,342,
01/04/2026,2023,10,Region 9,Gabapentin,12 month-ending,10/31/2023,336,
01/04/2026,2023,11,Region 9,Gabapentin,12 month-ending,11/30/2023,327,
01/04/2026,2023,12,Region 9,Gabapentin,12 month-ending,12/31/2023,326,
01/04/2026,2024,1,Region 9,Gabapentin,12 month-ending,01/31/2024,326,
01/04/2026,2024,2,Region 9,Gabapentin,12 month-ending,02/29/2024,331,
01/04/2026,2024,3,Region 9,Gabapentin,12 month-ending,03/31/2024,318,
01/04/2026,2024,4,Region 9,Gabapentin,12 month-ending,04/30/2024,316,
01/04/2026,2024,5,Region 9,Gabapentin,12 month-ending,05/31/2024,311,
01/04/2026,2024,6,Region 9,Gabapentin,12 month-ending,06/30/2024,309,
01/04/2026,2024,7,Region 9,Gabapentin,12 month-ending,07/31/2024,308,
01/04/2026,2024,8,Region 9,Gabapentin,12 month-ending,08/31/2024,301,
01/04/2026,2024,9,Region 9,Gabapentin,12 month-ending,09/30/2024,293,
01/04/2026,2024,10,Region 9,Gabapentin,12 month-ending,10/31/2024,298,
01/04/2026,2024,11,Region 9,Gabapentin,12 month-ending,11/30/2024,293,
01/04/2026,2024,12,Region 9,Gabapentin,12 month-ending,12/31/2024,290,
01/04/2026,2025,1,Region 9,Gabapentin,12 month-ending,01/31/2025,292,
01/04/2026,2025,2,Region 9,Gabapentin,12 month-ending,02/28/2025,278,
01/04/2026,2025,3,Region 9,Gabapentin,12 month-ending,03/31/2025,282,
01/04/2026,2025,4,Region 9,Gabapentin,12 month-ending,04/30/2025,278,
01/04/2026,2025,5,Region 9,Gabapentin,12 month-ending,05/31/2025,267,
01/04/2026,2025,6,Region 9,Gabapentin,12 month-ending,06/30/2025,270,
01/04/2026,2019,1,Region 10,Gabapentin,12 month-ending,01/31/2019,50,
01/04/2026,2019,2,Region 10,Gabapentin,12 month-ending,02/28/2019,48,
01/04/2026,2019,3,Region 10,Gabapentin,12 month-ending,03/31/2019,50,
01/04/2026,2019,4,Region 10,Gabapentin,12 month-ending,04/30/2019,42,
01/04/2026,2019,5,Region 10,Gabapentin,12 month-ending,05/31/2019,40,
01/04/2026,2019,6,Region 10,Gabapentin,12 month-ending,06/30/2019,40,
01/04/2026,2019,7,Region 10,Gabapentin,12 month-ending,07/31/2019,42,
01/04/2026,2019,8,Region 10,Gabapentin,12 month-ending,08/31/2019,44,
01/04/2026,2019,9,Region 10,Gabapentin,12 month-ending,09/30/2019,46,
01/04/2026,2019,10,Region 10,Gabapentin,12 month-ending,10/31/2019,50,
01/04/2026,2019,11,Region 10,Gabapentin,12 month-ending,11/30/2019,51,
01/04/2026,2019,12,Region 10,Gabapentin,12 month-ending,12/31/2019,49,
01/04/2026,2020,1,Region 10,Gabapentin,12 month-ending,01/31/2020,58,
01/04/2026,2020,2,Region 10,Gabapentin,12 month-ending,02/29/2020,64,
01/04/2026,2020,3,Region 10,Gabapentin,12 month-ending,03/31/2020,71,
01/04/2026,2020,4,Region 10,Gabapentin,12 month-ending,04/30/2020,80,
01/04/2026,2020,5,Region 10,Gabapentin,12 month-ending,05/31/2020,88,
01/04/2026,2020,6,Region 10,Gabapentin,12 month-ending,06/30/2020,87,
01/04/2026,2020,7,Region 10,Gabapentin,12 month-ending,07/31/2020,88,
01/04/2026,2020,8,Region 10,Gabapentin,12 month-ending,08/31/2020,101,
01/04/2026,2020,9,Region 10,Gabapentin,12 month-ending,09/30/2020,99,
01/04/2026,2020,10,Region 10,Gabapentin,12 month-ending,10/31/2020,99,
01/04/2026,2020,11,Region 10,Gabapentin,12 month-ending,11/30/2020,104,
01/04/2026,2020,12,Region 10,Gabapentin,12 month-ending,12/31/2020,106,
01/04/2026,2021,1,Region 10,Gabapentin,12 month-ending,01/31/2021,102,
01/04/2026,2021,2,Region 10,Gabapentin,12 month-ending,02/28/2021,103,
01/04/2026,2021,3,Region 10,Gabapentin,12 month-ending,03/31/2021,109,
01/04/2026,2021,4,Region 10,Gabapentin,12 month-ending,04/30/2021,110,
01/04/2026,2021,5,Region 10,Gabapentin,12 month-ending,05/31/2021,117,
01/04/2026,2021,6,Region 10,Gabapentin,12 month-ending,06/30/2021,124,
01/04/2026,2021,7,Region 10,Gabapentin,12 month-ending,07/31/2021,133,
01/04/2026,2021,8,Region 10,Gabapentin,12 month-ending,08/31/2021,134,
01/04/2026,2021,9,Region 10,Gabapentin,12 month-ending,09/30/2021,145,
01/04/2026,2021,10,Region 10,Gabapentin,12 month-ending,10/31/2021,152,
01/04/2026,2021,11,Region 10,Gabapentin,12 month-ending,11/30/2021,161,
01/04/2026,2021,12,Region 10,Gabapentin,12 month-ending,12/31/2021,167,
01/04/2026,2022,1,Region 10,Gabapentin,12 month-ending,01/31/2022,175,
01/04/2026,2022,2,Region 10,Gabapentin,12 month-ending,02/28/2022,175,
01/04/2026,2022,3,Region 10,Gabapentin,12 month-ending,03/31/2022,178,
01/04/2026,2022,4,Region 10,Gabapentin,12 month-ending,04/30/2022,177,
01/04/2026,2022,5,Region 10,Gabapentin,12 month-ending,05/31/2022,165,
01/04/2026,2022,6,Region 10,Gabapentin,12 month-ending,06/30/2022,160,
01/04/2026,2022,7,Region 10,Gabapentin,12 month-ending,07/31/2022,154,
01/04/2026,2022,8,Region 10,Gabapentin,12 month-ending,08/31/2022,158,
01/04/2026,2022,9,Region 10,Gabapentin,12 month-ending,09/30/2022,153,
01/04/2026,2022,10,Region 10,Gabapentin,12 month-ending,10/31/2022,148,
01/04/2026,2022,11,Region 10,Gabapentin,12 month-ending,11/30/2022,139,
01/04/2026,2022,12,Region 10,Gabapentin,12 month-ending,12/31/2022,142,
01/04/2026,2023,1,Region 10,Gabapentin,12 month-ending,01/31/2023,136,
01/04/2026,2023,2,Region 10,Gabapentin,12 month-ending,02/28/2023,135,
01/04/2026,2023,3,Region 10,Gabapentin,12 month-ending,03/31/2023,128,
01/04/2026,2023,4,Region 10,Gabapentin,12 month-ending,04/30/2023,139,
01/04/2026,2023,5,Region 10,Gabapentin,12 month-ending,05/31/2023,151,
01/04/2026,2023,6,Region 10,Gabapentin,12 month-ending,06/30/2023,169,
01/04/2026,2023,7,Region 10,Gabapentin,12 month-ending,07/31/2023,177,
01/04/2026,2023,8,Region 10,Gabapentin,12 month-ending,08/31/2023,173,
01/04/2026,2023,9,Region 10,Gabapentin,12 month-ending,09/30/2023,172,
01/04/2026,2023,10,Region 10,Gabapentin,12 month-ending,10/31/2023,179,
01/04/2026,2023,11,Region 10,Gabapentin,12 month-ending,11/30/2023,184,
01/04/2026,2023,12,Region 10,Gabapentin,12 month-ending,12/31/2023,184,
01/04/2026,2024,1,Region 10,Gabapentin,12 month-ending,01/31/2024,193,
01/04/2026,2024,2,Region 10,Gabapentin,12 month-ending,02/29/2024,205,
01/04/2026,2024,3,Region 10,Gabapentin,12 month-ending,03/31/2024,210,
01/04/2026,2024,4,Region 10,Gabapentin,12 month-ending,04/30/2024,209,
01/04/2026,2024,5,Region 10,Gabapentin,12 month-ending,05/31/2024,225,
01/04/2026,2024,6,Region 10,Gabapentin,12 month-ending,06/30/2024,221,
01/04/2026,2024,7,Region 10,Gabapentin,12 month-ending,07/31/2024,212,
01/04/2026,2024,8,Region 10,Gabapentin,12 month-ending,08/31/2024,205,
01/04/2026,2024,9,Region 10,Gabapentin,12 month-ending,09/30/2024,197,
01/04/2026,2024,10,Region 10,Gabapentin,12 month-ending,10/31/2024,192,
01/04/2026,2024,11,Region 10,Gabapentin,12 month-ending,11/30/2024,190,
01/04/2026,2024,12,Region 10,Gabapentin,12 month-ending,12/31/2024,190,
01/04/2026,2025,1,Region 10,Gabapentin,12 month-ending,01/31/2025,187,
01/04/2026,2025,2,Region 10,Gabapentin,12 month-ending,02/28/2025,183,
01/04/2026,2025,3,Region 10,Gabapentin,12 month-ending,03/31/2025,184,
01/04/2026,2025,4,Region 10,Gabapentin,12 month-ending,04/30/2025,178,
01/04/2026,2025,5,Region 10,Gabapentin,12 month-ending,05/31/2025,154,
01/04/2026,2025,6,Region 10,Gabapentin,12 month-ending,06/30/2025,143,
